12:57:40.226 [main] INFO  org.testng.internal.Utils - [TestNG] Running:
  C:\Users\ritika.rajput\AppData\Local\JetBrains\IdeaIC2025.1\temp-testng-customsuite.xml

12:57:40.294 [main] INFO  testCases.loginfo - ===== FRAMEWORK INITIALIZED =====
12:57:45.139 [main] INFO  testCases.loginfo - ===== Starting Account Registration Test =====
12:57:45.240 [main] INFO  testCases.loginfo - Entering email
12:57:45.552 [main] INFO  testCases.loginfo - Entering password
12:57:45.675 [main] INFO  testCases.loginfo - Clicking Sign In
12:57:45.799 [main] INFO  testCases.loginfo - Navigating to Manage Customers
12:57:50.186 [main] INFO  testCases.loginfo - Clicking Add New Customer
12:58:05.421 [main] INFO  testCases.loginfo - Entering Account Name
12:58:05.817 [main] INFO  testCases.loginfo - Entering Customer Name
12:58:06.186 [main] INFO  testCases.loginfo - Entering Email
12:58:06.656 [main] INFO  testCases.loginfo - Entering Phone Number
12:58:07.208 [main] INFO  testCases.loginfo - Selecting Financial Year
12:58:08.403 [main] INFO  testCases.loginfo - Financial Year selected successfully
12:58:08.445 [main] INFO  testCases.loginfo - Next button is enabled
12:58:08.446 [main] INFO  testCases.loginfo - Clicking Next button
12:58:08.668 [main] INFO  testCases.loginfo - ===== Account Registration Test Completed Successfully =====
12:58:55.128 [main] INFO  org.testng.internal.Utils - [TestNG] Running:
  C:\Users\ritika.rajput\AppData\Local\JetBrains\IdeaIC2025.1\temp-testng-customsuite.xml

12:58:55.198 [main] INFO  testCases.loginfo - ===== FRAMEWORK INITIALIZED =====
12:59:00.496 [main] INFO  testCases.loginfo - ===== Starting Account Registration Test =====
12:59:00.584 [main] INFO  testCases.loginfo - Entering email
12:59:00.925 [main] INFO  testCases.loginfo - Entering password
12:59:01.026 [main] INFO  testCases.loginfo - Clicking Sign In
12:59:01.155 [main] INFO  testCases.loginfo - Navigating to Manage Customers
12:59:05.513 [main] INFO  testCases.loginfo - Clicking Add New Customer
12:59:20.737 [main] INFO  testCases.loginfo - Entering Account Name
12:59:21.072 [main] INFO  testCases.loginfo - Entering Customer Name
12:59:21.241 [main] INFO  testCases.loginfo - Entering Email
12:59:21.465 [main] INFO  testCases.loginfo - Entering Phone Number
12:59:21.655 [main] INFO  testCases.loginfo - Selecting Financial Year
12:59:21.999 [main] INFO  testCases.loginfo - Financial Year selected successfully
12:59:22.027 [main] INFO  testCases.loginfo - Next button is enabled
12:59:22.028 [main] INFO  testCases.loginfo - Clicking Next button
12:59:22.270 [main] INFO  testCases.loginfo - ===== Account Registration Test Completed Successfully =====
13:00:39.629 [main] INFO  org.testng.internal.Utils - [TestNG] Running:
  C:\Users\ritika.rajput\AppData\Local\JetBrains\IdeaIC2025.1\temp-testng-customsuite.xml

13:00:39.704 [main] INFO  testCases.loginfo - ===== FRAMEWORK INITIALIZED =====
13:00:44.419 [main] INFO  testCases.loginfo - ===== Starting Account Registration Test =====
13:00:44.471 [main] INFO  testCases.loginfo - Entering email
13:00:44.794 [main] INFO  testCases.loginfo - Entering password
13:00:44.894 [main] INFO  testCases.loginfo - Clicking Sign In
13:00:44.992 [main] INFO  testCases.loginfo - Navigating to Manage Customers
13:00:49.507 [main] INFO  testCases.loginfo - Clicking Add New Customer
13:01:04.681 [main] INFO  testCases.loginfo - Entering Account Name
13:01:05.017 [main] INFO  testCases.loginfo - Entering Customer Name
13:01:05.180 [main] INFO  testCases.loginfo - Entering Email
13:01:05.411 [main] INFO  testCases.loginfo - Entering Phone Number
13:01:05.601 [main] INFO  testCases.loginfo - Selecting Financial Year
13:01:05.928 [main] INFO  testCases.loginfo - Financial Year selected successfully
13:01:05.950 [main] INFO  testCases.loginfo - Next button is enabled
13:01:05.951 [main] INFO  testCases.loginfo - Clicking Next button
13:01:06.190 [main] INFO  testCases.loginfo - ===== Account Registration Test Completed Successfully =====
13:17:39.165 [main] DEBUG org.testng.TestNG - suiteXmlPath: "C:\Users\ritika.rajput\AppData\Local\JetBrains\IdeaIC2025.1\temp-testng-customsuite.xml"
13:17:39.685 [main] INFO  org.testng.internal.Utils - [TestNG] Running:
  C:\Users\ritika.rajput\AppData\Local\JetBrains\IdeaIC2025.1\temp-testng-customsuite.xml

13:17:39.758 [main] INFO  testCases.loginfo - ===== FRAMEWORK INITIALIZED =====
13:17:46.523 [main] INFO  testCases.loginfo - ===== Starting Account Registration Test =====
13:17:47.108 [main] INFO  testCases.loginfo - Entering email
13:17:47.484 [main] INFO  testCases.loginfo - Entering password
13:17:47.632 [main] INFO  testCases.loginfo - Clicking Sign In
13:17:47.789 [main] INFO  testCases.loginfo - Navigating to Manage Customers
13:17:52.205 [main] INFO  testCases.loginfo - Clicking Add New Customer
13:18:07.723 [main] INFO  testCases.loginfo - Entering Account Name
13:18:08.047 [main] INFO  testCases.loginfo - Entering Customer Name
13:18:08.302 [main] INFO  testCases.loginfo - Entering Email
13:18:08.614 [main] INFO  testCases.loginfo - Entering Phone Number
13:18:08.864 [main] INFO  testCases.loginfo - Selecting Financial Year
13:18:09.327 [main] INFO  testCases.loginfo - Financial Year selected successfully
13:18:09.360 [main] INFO  testCases.loginfo - Next button is enabled
13:18:09.360 [main] INFO  testCases.loginfo - Clicking Next button
13:18:09.669 [main] INFO  testCases.loginfo - ===== Account Registration Test Completed Successfully =====
13:52:06.136 [main] WARN  org.testng.xml.TestNGContentHandler - It is strongly recommended to add "<!DOCTYPE suite SYSTEM "https://testng.org/testng-1.0.dtd" >" at the top of the suite file [D:\Testing\TheCapacity\testng.xml] otherwise TestNG may fail or not work as expected.
13:52:51.847 [main] WARN  org.testng.xml.TestNGContentHandler - It is strongly recommended to add "<!DOCTYPE suite SYSTEM "https://testng.org/testng-1.0.dtd" >" at the top of the suite file [D:\Testing\TheCapacity\testng.xml] otherwise TestNG may fail or not work as expected.
14:00:08.229 [main] WARN  org.testng.xml.TestNGContentHandler - It is strongly recommended to add "<!DOCTYPE suite SYSTEM "https://testng.org/testng-1.0.dtd" >" at the top of the suite file [D:\Testing\TheCapacity\testCases.xml] otherwise TestNG may fail or not work as expected.
14:03:26.840 [main] WARN  org.testng.xml.TestNGContentHandler - It is strongly recommended to add "<!DOCTYPE suite SYSTEM "https://testng.org/testng-1.0.dtd" >" at the top of the suite file [D:\Testing\TheCapacity\testCases.xml] otherwise TestNG may fail or not work as expected.
14:03:27.509 [main] INFO  org.testng.internal.Utils - [Utils] MethodGroupsHelper.collectMethodsByGroup() took 1 ms.
14:03:27.519 [main] INFO  org.testng.internal.Utils - [Utils] MethodGroupsHelper.sortMethods() took 6 ms.
14:03:27.525 [main] INFO  org.testng.internal.Utils - [Utils] MethodGroupsHelper.collectMethodsByGroup() took 0 ms.
14:03:27.525 [main] INFO  org.testng.internal.Utils - [Utils] MethodGroupsHelper.sortMethods() took 0 ms.
14:03:27.530 [main] INFO  org.testng.internal.Utils - [Utils] MethodGroupsHelper.collectMethodsByGroup() took 0 ms.
14:03:27.530 [main] INFO  org.testng.internal.Utils - [Utils] MethodGroupsHelper.sortMethods() took 0 ms.
14:03:27.532 [main] INFO  org.testng.internal.Utils - [Utils] MethodGroupsHelper.collectMethodsByGroup() took 0 ms.
14:03:27.532 [main] INFO  org.testng.internal.Utils - [Utils] MethodGroupsHelper.sortMethods() took 0 ms.
14:03:27.544 [main] INFO  org.testng.internal.Utils - [Utils] MethodGroupsHelper.collectMethodsByGroup() took 6 ms.
14:03:27.582 [main] INFO  org.testng.internal.Utils - [Utils] MethodGroupsHelper.sortMethods() took 38 ms.
14:03:27.587 [main] INFO  org.testng.internal.Utils - [Utils] MethodGroupsHelper.collectMethodsByGroup() took 0 ms.
14:03:27.589 [main] INFO  org.testng.internal.Utils - [Utils] MethodGroupsHelper.sortMethods() took 0 ms.
14:03:27.594 [main] INFO  org.testng.internal.Utils - [Utils] MethodGroupsHelper.collectMethodsByGroup() took 0 ms.
14:03:27.594 [main] INFO  org.testng.internal.Utils - [Utils] MethodGroupsHelper.sortMethods() took 0 ms.
14:03:27.597 [main] INFO  org.testng.internal.Utils - [Utils] MethodGroupsHelper.collectMethodsByGroup() took 0 ms.
14:03:27.597 [main] INFO  org.testng.internal.Utils - [Utils] MethodGroupsHelper.sortMethods() took 0 ms.
14:03:27.604 [main] INFO  org.testng.internal.Utils - [Utils] MethodGroupsHelper.collectMethodsByGroup() took 0 ms.
14:03:27.605 [main] INFO  org.testng.internal.Utils - [Utils] MethodGroupsHelper.sortMethods() took 0 ms.
14:03:27.606 [main] INFO  org.testng.internal.Utils - [Utils] MethodGroupsHelper.collectMethodsByGroup() took 0 ms.
14:03:27.608 [main] INFO  org.testng.internal.Utils - [Utils] MethodGroupsHelper.sortMethods() took 0 ms.
14:03:27.615 [main] INFO  org.testng.internal.Utils - [Utils] MethodGroupsHelper.collectMethodsByGroup() took 0 ms.
14:03:27.616 [main] INFO  org.testng.internal.Utils - [Utils] MethodGroupsHelper.sortMethods() took 0 ms.
14:03:27.616 [main] INFO  org.testng.internal.Utils - [Utils] MethodGroupsHelper.collectMethodsByGroup() took 0 ms.
14:03:27.617 [main] INFO  org.testng.internal.Utils - [Utils] MethodGroupsHelper.sortMethods() took 0 ms.
14:03:27.620 [main] INFO  org.testng.internal.Utils - [Utils] MethodGroupsHelper.collectMethodsByGroup() took 0 ms.
14:03:27.622 [main] INFO  org.testng.internal.Utils - [Utils] MethodGroupsHelper.sortMethods() took 0 ms.
14:03:27.626 [main] INFO  org.testng.internal.Utils - [Utils] MethodGroupsHelper.collectMethodsByGroup() took 0 ms.
14:03:27.626 [main] INFO  org.testng.internal.Utils - [Utils] MethodGroupsHelper.sortMethods() took 0 ms.
14:03:27.627 [main] INFO  org.testng.internal.Utils - [Utils] MethodGroupsHelper.collectMethodsByGroup() took 0 ms.
14:03:27.627 [main] INFO  org.testng.internal.Utils - [Utils] MethodGroupsHelper.sortMethods() took 0 ms.
14:03:27.657 [main] INFO  org.testng.internal.Utils - [Utils] MethodGroupsHelper.collectMethodsByGroup() took 0 ms.
14:03:27.658 [main] INFO  org.testng.internal.Utils - [Utils] MethodGroupsHelper.sortMethods() took 0 ms.
14:03:27.659 [main] INFO  org.testng.internal.Utils - [Utils] MethodGroupsHelper.collectMethodsByGroup() took 0 ms.
14:03:27.661 [main] INFO  org.testng.internal.Utils - [Utils] MethodGroupsHelper.sortMethods() took 0 ms.
14:03:27.663 [main] INFO  org.testng.internal.Utils - [Utils] MethodGroupsHelper.collectMethodsByGroup() took 0 ms.
14:03:27.664 [main] INFO  org.testng.internal.Utils - [Utils] MethodGroupsHelper.sortMethods() took 0 ms.
14:03:27.665 [main] INFO  org.testng.internal.Utils - [Utils] MethodGroupsHelper.collectMethodsByGroup() took 0 ms.
14:03:27.666 [main] INFO  org.testng.internal.Utils - [Utils] MethodGroupsHelper.sortMethods() took 0 ms.
14:03:27.667 [main] INFO  org.testng.internal.Utils - [Utils] MethodGroupsHelper.collectMethodsByGroup() took 0 ms.
14:03:27.668 [main] INFO  org.testng.internal.Utils - [Utils] MethodGroupsHelper.sortMethods() took 0 ms.
14:03:27.676 [main] INFO  org.testng.internal.Utils - [Utils] MethodGroupsHelper.collectMethodsByGroup() took 0 ms.
14:03:27.677 [main] INFO  org.testng.internal.Utils - [Utils] MethodGroupsHelper.sortMethods() took 0 ms.
14:03:27.686 [main] INFO  org.testng.internal.Utils - [Utils] MethodGroupsHelper.collectMethodsByGroup() took 0 ms.
14:03:27.688 [main] INFO  org.testng.internal.Utils - [Utils] MethodGroupsHelper.sortMethods() took 0 ms.
14:03:27.691 [main] INFO  org.testng.internal.Utils - [Utils] MethodGroupsHelper.collectMethodsByGroup() took 0 ms.
14:03:27.692 [main] INFO  org.testng.internal.Utils - [Utils] MethodGroupsHelper.sortMethods() took 0 ms.
14:03:27.695 [main] INFO  org.testng.internal.Utils - [Utils] MethodGroupsHelper.collectMethodsByGroup() took 0 ms.
14:03:27.695 [main] INFO  org.testng.internal.Utils - [Utils] MethodGroupsHelper.sortMethods() took 0 ms.
14:03:27.699 [main] INFO  org.testng.internal.Utils - [Utils] MethodGroupsHelper.collectMethodsByGroup() took 0 ms.
14:03:27.701 [main] INFO  org.testng.internal.Utils - [Utils] MethodGroupsHelper.sortMethods() took 0 ms.
14:03:27.703 [main] INFO  org.testng.internal.Utils - [Utils] MethodGroupsHelper.collectMethodsByGroup() took 0 ms.
14:03:27.704 [main] INFO  org.testng.internal.Utils - [Utils] MethodGroupsHelper.sortMethods() took 0 ms.
14:03:27.706 [main] INFO  org.testng.internal.Utils - [Utils] MethodGroupsHelper.collectMethodsByGroup() took 0 ms.
14:03:27.711 [main] INFO  org.testng.internal.Utils - [Utils] MethodGroupsHelper.sortMethods() took 0 ms.
14:03:27.722 [main] INFO  org.testng.internal.Utils - [Utils] MethodGroupsHelper.collectMethodsByGroup() took 0 ms.
14:03:27.728 [main] INFO  org.testng.internal.Utils - [Utils] MethodGroupsHelper.sortMethods() took 4 ms.
14:03:27.729 [main] INFO  org.testng.internal.Utils - [Utils] MethodGroupsHelper.collectMethodsByGroup() took 0 ms.
14:03:27.730 [main] INFO  org.testng.internal.Utils - [Utils] MethodGroupsHelper.sortMethods() took 0 ms.
14:03:27.730 [main] INFO  org.testng.internal.Utils - [Utils] MethodGroupsHelper.collectMethodsByGroup() took 0 ms.
14:03:27.732 [main] INFO  org.testng.internal.Utils - [Utils] MethodGroupsHelper.sortMethods() took 0 ms.
14:03:27.833 [main] INFO  org.testng.internal.Utils - [Utils] MethodGroupsHelper.collectMethodsByGroup() took 0 ms.
14:03:27.835 [main] INFO  org.testng.internal.Utils - [Utils] MethodGroupsHelper.sortMethods() took 0 ms.
14:03:27.836 [main] INFO  org.testng.internal.Utils - [Utils] MethodGroupsHelper.collectMethodsByGroup() took 0 ms.
14:03:27.838 [main] INFO  org.testng.internal.Utils - [Utils] MethodGroupsHelper.sortMethods() took 0 ms.
14:03:27.839 [main] INFO  org.testng.internal.Utils - [Utils] MethodGroupsHelper.collectMethodsByGroup() took 0 ms.
14:03:27.842 [main] INFO  org.testng.internal.Utils - [Utils] MethodGroupsHelper.sortMethods() took 0 ms.
14:03:27.845 [main] INFO  org.testng.internal.Utils - [Utils] MethodGroupsHelper.collectMethodsByGroup() took 0 ms.
14:03:27.846 [main] INFO  org.testng.internal.Utils - [Utils] MethodGroupsHelper.sortMethods() took 0 ms.
14:03:27.849 [main] INFO  org.testng.internal.Utils - [Utils] MethodGroupsHelper.collectMethodsByGroup() took 0 ms.
14:03:27.850 [main] INFO  org.testng.internal.Utils - [Utils] MethodGroupsHelper.sortMethods() took 0 ms.
14:03:27.855 [main] INFO  org.testng.internal.Utils - [Utils] MethodGroupsHelper.collectMethodsByGroup() took 0 ms.
14:03:27.856 [main] INFO  org.testng.internal.Utils - [Utils] MethodGroupsHelper.sortMethods() took 0 ms.
14:03:27.857 [main] INFO  org.testng.internal.Utils - [Utils] MethodGroupsHelper.collectMethodsByGroup() took 0 ms.
14:03:27.858 [main] INFO  org.testng.internal.Utils - [Utils] MethodGroupsHelper.sortMethods() took 0 ms.
14:03:27.859 [main] INFO  org.testng.internal.Utils - [Utils] MethodGroupsHelper.collectMethodsByGroup() took 0 ms.
14:03:27.860 [main] INFO  org.testng.internal.Utils - [Utils] MethodGroupsHelper.sortMethods() took 0 ms.
14:03:27.862 [main] INFO  org.testng.internal.Utils - [Utils] MethodGroupsHelper.collectMethodsByGroup() took 0 ms.
14:03:27.863 [main] INFO  org.testng.internal.Utils - [Utils] MethodGroupsHelper.sortMethods() took 0 ms.
14:03:27.865 [main] INFO  org.testng.internal.Utils - [Utils] MethodGroupsHelper.collectMethodsByGroup() took 0 ms.
14:03:27.865 [main] INFO  org.testng.internal.Utils - [Utils] MethodGroupsHelper.sortMethods() took 0 ms.
14:03:27.866 [main] INFO  org.testng.internal.Utils - [Utils] MethodGroupsHelper.collectMethodsByGroup() took 0 ms.
14:03:27.867 [main] INFO  org.testng.internal.Utils - [Utils] MethodGroupsHelper.sortMethods() took 0 ms.
14:03:27.868 [main] INFO  org.testng.internal.Utils - [Utils] MethodGroupsHelper.collectMethodsByGroup() took 0 ms.
14:03:27.870 [main] INFO  org.testng.internal.Utils - [Utils] MethodGroupsHelper.sortMethods() took 0 ms.
14:03:27.872 [main] INFO  org.testng.internal.Utils - [Utils] MethodGroupsHelper.collectMethodsByGroup() took 0 ms.
14:03:27.874 [main] INFO  org.testng.internal.Utils - [Utils] MethodGroupsHelper.sortMethods() took 0 ms.
14:03:27.874 [main] INFO  org.testng.internal.Utils - [Utils] MethodGroupsHelper.collectMethodsByGroup() took 0 ms.
14:03:27.875 [main] INFO  org.testng.internal.Utils - [Utils] MethodGroupsHelper.sortMethods() took 0 ms.
14:03:27.875 [main] INFO  org.testng.internal.Utils - [Utils] MethodGroupsHelper.collectMethodsByGroup() took 0 ms.
14:03:27.876 [main] INFO  org.testng.internal.Utils - [Utils] MethodGroupsHelper.sortMethods() took 0 ms.
14:03:27.883 [main] INFO  org.testng.internal.Utils - [TestNG] Running:
  D:\Testing\TheCapacity\testCases.xml

14:03:28.034 [main] INFO  org.testng.internal.Utils - [Utils] DynamicGraphHelper.createDynamicGraph() took 22 ms.
14:03:59.033 [main] INFO  org.testng.internal.Utils - [Utils] DynamicGraphHelper.createDynamicGraph() took 0 ms.
14:04:42.064 [main] INFO  org.testng.internal.Utils - [Utils] DynamicGraphHelper.createDynamicGraph() took 0 ms.
14:05:17.973 [main] INFO  org.testng.internal.Utils - [TestNG] Time taken by org.testng.internal.ExitCodeListener@3c3a0032: 1 ms
14:09:15.405 [main] INFO  org.testng.internal.Utils - [TestNG] Running:
  C:\Users\ritika.rajput\AppData\Local\JetBrains\IdeaIC2025.1\temp-testng-customsuite.xml

14:11:17.518 [main] WARN  org.testng.xml.TestNGContentHandler - It is strongly recommended to add "<!DOCTYPE suite SYSTEM "https://testng.org/testng-1.0.dtd" >" at the top of the suite file [D:\Testing\TheCapacity\testCases.xml] otherwise TestNG may fail or not work as expected.
14:11:17.892 [main] INFO  org.testng.internal.Utils - [Utils] MethodGroupsHelper.collectMethodsByGroup() took 0 ms.
14:11:17.898 [main] INFO  org.testng.internal.Utils - [Utils] MethodGroupsHelper.sortMethods() took 2 ms.
14:11:17.900 [main] INFO  org.testng.internal.Utils - [Utils] MethodGroupsHelper.collectMethodsByGroup() took 0 ms.
14:11:17.901 [main] INFO  org.testng.internal.Utils - [Utils] MethodGroupsHelper.sortMethods() took 0 ms.
14:11:17.902 [main] INFO  org.testng.internal.Utils - [Utils] MethodGroupsHelper.collectMethodsByGroup() took 0 ms.
14:11:17.903 [main] INFO  org.testng.internal.Utils - [Utils] MethodGroupsHelper.sortMethods() took 0 ms.
14:11:17.904 [main] INFO  org.testng.internal.Utils - [Utils] MethodGroupsHelper.collectMethodsByGroup() took 0 ms.
14:11:17.905 [main] INFO  org.testng.internal.Utils - [Utils] MethodGroupsHelper.sortMethods() took 0 ms.
14:11:17.911 [main] INFO  org.testng.internal.Utils - [Utils] MethodGroupsHelper.collectMethodsByGroup() took 5 ms.
14:11:17.935 [main] INFO  org.testng.internal.Utils - [Utils] MethodGroupsHelper.sortMethods() took 23 ms.
14:11:17.938 [main] INFO  org.testng.internal.Utils - [Utils] MethodGroupsHelper.collectMethodsByGroup() took 0 ms.
14:11:17.939 [main] INFO  org.testng.internal.Utils - [Utils] MethodGroupsHelper.sortMethods() took 0 ms.
14:11:17.940 [main] INFO  org.testng.internal.Utils - [Utils] MethodGroupsHelper.collectMethodsByGroup() took 0 ms.
14:11:17.940 [main] INFO  org.testng.internal.Utils - [Utils] MethodGroupsHelper.sortMethods() took 0 ms.
14:11:17.941 [main] INFO  org.testng.internal.Utils - [Utils] MethodGroupsHelper.collectMethodsByGroup() took 0 ms.
14:11:17.942 [main] INFO  org.testng.internal.Utils - [Utils] MethodGroupsHelper.sortMethods() took 0 ms.
14:11:17.946 [main] INFO  org.testng.internal.Utils - [Utils] MethodGroupsHelper.collectMethodsByGroup() took 0 ms.
14:11:17.947 [main] INFO  org.testng.internal.Utils - [Utils] MethodGroupsHelper.sortMethods() took 0 ms.
14:11:17.947 [main] INFO  org.testng.internal.Utils - [Utils] MethodGroupsHelper.collectMethodsByGroup() took 0 ms.
14:11:17.947 [main] INFO  org.testng.internal.Utils - [Utils] MethodGroupsHelper.sortMethods() took 0 ms.
14:11:17.949 [main] INFO  org.testng.internal.Utils - [Utils] MethodGroupsHelper.collectMethodsByGroup() took 0 ms.
14:11:17.950 [main] INFO  org.testng.internal.Utils - [Utils] MethodGroupsHelper.sortMethods() took 0 ms.
14:11:17.950 [main] INFO  org.testng.internal.Utils - [Utils] MethodGroupsHelper.collectMethodsByGroup() took 0 ms.
14:11:17.951 [main] INFO  org.testng.internal.Utils - [Utils] MethodGroupsHelper.sortMethods() took 0 ms.
14:11:17.955 [main] INFO  org.testng.internal.Utils - [Utils] MethodGroupsHelper.collectMethodsByGroup() took 1 ms.
14:11:17.955 [main] INFO  org.testng.internal.Utils - [Utils] MethodGroupsHelper.sortMethods() took 0 ms.
14:11:17.957 [main] INFO  org.testng.internal.Utils - [Utils] MethodGroupsHelper.collectMethodsByGroup() took 0 ms.
14:11:17.958 [main] INFO  org.testng.internal.Utils - [Utils] MethodGroupsHelper.sortMethods() took 0 ms.
14:11:17.958 [main] INFO  org.testng.internal.Utils - [Utils] MethodGroupsHelper.collectMethodsByGroup() took 0 ms.
14:11:17.958 [main] INFO  org.testng.internal.Utils - [Utils] MethodGroupsHelper.sortMethods() took 0 ms.
14:11:17.972 [main] INFO  org.testng.internal.Utils - [Utils] MethodGroupsHelper.collectMethodsByGroup() took 0 ms.
14:11:17.972 [main] INFO  org.testng.internal.Utils - [Utils] MethodGroupsHelper.sortMethods() took 0 ms.
14:11:17.973 [main] INFO  org.testng.internal.Utils - [Utils] MethodGroupsHelper.collectMethodsByGroup() took 0 ms.
14:11:17.974 [main] INFO  org.testng.internal.Utils - [Utils] MethodGroupsHelper.sortMethods() took 0 ms.
14:11:17.975 [main] INFO  org.testng.internal.Utils - [Utils] MethodGroupsHelper.collectMethodsByGroup() took 0 ms.
14:11:17.975 [main] INFO  org.testng.internal.Utils - [Utils] MethodGroupsHelper.sortMethods() took 0 ms.
14:11:17.976 [main] INFO  org.testng.internal.Utils - [Utils] MethodGroupsHelper.collectMethodsByGroup() took 0 ms.
14:11:17.977 [main] INFO  org.testng.internal.Utils - [Utils] MethodGroupsHelper.sortMethods() took 0 ms.
14:11:17.980 [main] INFO  org.testng.internal.Utils - [Utils] MethodGroupsHelper.collectMethodsByGroup() took 0 ms.
14:11:17.981 [main] INFO  org.testng.internal.Utils - [Utils] MethodGroupsHelper.sortMethods() took 0 ms.
14:11:17.984 [main] INFO  org.testng.internal.Utils - [Utils] MethodGroupsHelper.collectMethodsByGroup() took 0 ms.
14:11:17.985 [main] INFO  org.testng.internal.Utils - [Utils] MethodGroupsHelper.sortMethods() took 0 ms.
14:11:17.986 [main] INFO  org.testng.internal.Utils - [Utils] MethodGroupsHelper.collectMethodsByGroup() took 0 ms.
14:11:17.987 [main] INFO  org.testng.internal.Utils - [Utils] MethodGroupsHelper.sortMethods() took 0 ms.
14:11:17.988 [main] INFO  org.testng.internal.Utils - [Utils] MethodGroupsHelper.collectMethodsByGroup() took 0 ms.
14:11:17.988 [main] INFO  org.testng.internal.Utils - [Utils] MethodGroupsHelper.sortMethods() took 0 ms.
14:11:17.989 [main] INFO  org.testng.internal.Utils - [Utils] MethodGroupsHelper.collectMethodsByGroup() took 0 ms.
14:11:17.990 [main] INFO  org.testng.internal.Utils - [Utils] MethodGroupsHelper.sortMethods() took 0 ms.
14:11:17.991 [main] INFO  org.testng.internal.Utils - [Utils] MethodGroupsHelper.collectMethodsByGroup() took 0 ms.
14:11:17.992 [main] INFO  org.testng.internal.Utils - [Utils] MethodGroupsHelper.sortMethods() took 1 ms.
14:11:17.992 [main] INFO  org.testng.internal.Utils - [Utils] MethodGroupsHelper.collectMethodsByGroup() took 0 ms.
14:11:17.993 [main] INFO  org.testng.internal.Utils - [Utils] MethodGroupsHelper.sortMethods() took 0 ms.
14:11:17.993 [main] INFO  org.testng.internal.Utils - [Utils] MethodGroupsHelper.collectMethodsByGroup() took 0 ms.
14:11:17.994 [main] INFO  org.testng.internal.Utils - [Utils] MethodGroupsHelper.sortMethods() took 0 ms.
14:11:17.994 [main] INFO  org.testng.internal.Utils - [Utils] MethodGroupsHelper.collectMethodsByGroup() took 0 ms.
14:11:17.995 [main] INFO  org.testng.internal.Utils - [Utils] MethodGroupsHelper.sortMethods() took 0 ms.
14:11:17.996 [main] INFO  org.testng.internal.Utils - [Utils] MethodGroupsHelper.collectMethodsByGroup() took 0 ms.
14:11:17.996 [main] INFO  org.testng.internal.Utils - [Utils] MethodGroupsHelper.sortMethods() took 0 ms.
14:11:17.996 [main] INFO  org.testng.internal.Utils - [Utils] MethodGroupsHelper.collectMethodsByGroup() took 0 ms.
14:11:17.997 [main] INFO  org.testng.internal.Utils - [Utils] MethodGroupsHelper.sortMethods() took 0 ms.
14:11:18.003 [main] INFO  org.testng.internal.Utils - [Utils] MethodGroupsHelper.collectMethodsByGroup() took 0 ms.
14:11:18.004 [main] INFO  org.testng.internal.Utils - [Utils] MethodGroupsHelper.sortMethods() took 0 ms.
14:11:18.006 [main] INFO  org.testng.internal.Utils - [Utils] MethodGroupsHelper.collectMethodsByGroup() took 0 ms.
14:11:18.006 [main] INFO  org.testng.internal.Utils - [Utils] MethodGroupsHelper.sortMethods() took 0 ms.
14:11:18.007 [main] INFO  org.testng.internal.Utils - [Utils] MethodGroupsHelper.collectMethodsByGroup() took 0 ms.
14:11:18.008 [main] INFO  org.testng.internal.Utils - [Utils] MethodGroupsHelper.sortMethods() took 0 ms.
14:11:18.009 [main] INFO  org.testng.internal.Utils - [Utils] MethodGroupsHelper.collectMethodsByGroup() took 0 ms.
14:11:18.009 [main] INFO  org.testng.internal.Utils - [Utils] MethodGroupsHelper.sortMethods() took 0 ms.
14:11:18.011 [main] INFO  org.testng.internal.Utils - [Utils] MethodGroupsHelper.collectMethodsByGroup() took 0 ms.
14:11:18.012 [main] INFO  org.testng.internal.Utils - [Utils] MethodGroupsHelper.sortMethods() took 0 ms.
14:11:18.014 [main] INFO  org.testng.internal.Utils - [Utils] MethodGroupsHelper.collectMethodsByGroup() took 0 ms.
14:11:18.015 [main] INFO  org.testng.internal.Utils - [Utils] MethodGroupsHelper.sortMethods() took 0 ms.
14:11:18.016 [main] INFO  org.testng.internal.Utils - [Utils] MethodGroupsHelper.collectMethodsByGroup() took 0 ms.
14:11:18.016 [main] INFO  org.testng.internal.Utils - [Utils] MethodGroupsHelper.sortMethods() took 0 ms.
14:11:18.017 [main] INFO  org.testng.internal.Utils - [Utils] MethodGroupsHelper.collectMethodsByGroup() took 0 ms.
14:11:18.017 [main] INFO  org.testng.internal.Utils - [Utils] MethodGroupsHelper.sortMethods() took 0 ms.
14:11:18.018 [main] INFO  org.testng.internal.Utils - [Utils] MethodGroupsHelper.collectMethodsByGroup() took 0 ms.
14:11:18.019 [main] INFO  org.testng.internal.Utils - [Utils] MethodGroupsHelper.sortMethods() took 0 ms.
14:11:18.020 [main] INFO  org.testng.internal.Utils - [Utils] MethodGroupsHelper.collectMethodsByGroup() took 0 ms.
14:11:18.020 [main] INFO  org.testng.internal.Utils - [Utils] MethodGroupsHelper.sortMethods() took 0 ms.
14:11:18.021 [main] INFO  org.testng.internal.Utils - [Utils] MethodGroupsHelper.collectMethodsByGroup() took 0 ms.
14:11:18.021 [main] INFO  org.testng.internal.Utils - [Utils] MethodGroupsHelper.sortMethods() took 0 ms.
14:11:18.022 [main] INFO  org.testng.internal.Utils - [Utils] MethodGroupsHelper.collectMethodsByGroup() took 0 ms.
14:11:18.022 [main] INFO  org.testng.internal.Utils - [Utils] MethodGroupsHelper.sortMethods() took 0 ms.
14:11:18.023 [main] INFO  org.testng.internal.Utils - [Utils] MethodGroupsHelper.collectMethodsByGroup() took 0 ms.
14:11:18.024 [main] INFO  org.testng.internal.Utils - [Utils] MethodGroupsHelper.sortMethods() took 0 ms.
14:11:18.024 [main] INFO  org.testng.internal.Utils - [Utils] MethodGroupsHelper.collectMethodsByGroup() took 0 ms.
14:11:18.024 [main] INFO  org.testng.internal.Utils - [Utils] MethodGroupsHelper.sortMethods() took 0 ms.
14:11:18.025 [main] INFO  org.testng.internal.Utils - [Utils] MethodGroupsHelper.collectMethodsByGroup() took 0 ms.
14:11:18.025 [main] INFO  org.testng.internal.Utils - [Utils] MethodGroupsHelper.sortMethods() took 0 ms.
14:11:18.028 [main] INFO  org.testng.internal.Utils - [TestNG] Running:
  D:\Testing\TheCapacity\testCases.xml

14:11:18.040 [main] INFO  org.testng.internal.Utils - [ThreadUtil] Starting executor timeOut:2147483647ms workers:3 threadPoolSize:5
14:11:18.069 [TestNG-tests-3] INFO  org.testng.internal.Utils - [Utils] DynamicGraphHelper.createDynamicGraph() took 6 ms.
14:11:18.071 [TestNG-tests-1] INFO  org.testng.internal.Utils - [Utils] DynamicGraphHelper.createDynamicGraph() took 8 ms.
14:11:18.072 [TestNG-tests-2] INFO  org.testng.internal.Utils - [Utils] DynamicGraphHelper.createDynamicGraph() took 8 ms.
14:11:54.235 [main] INFO  org.testng.internal.Utils - [TestNG] Time taken by org.testng.internal.ExitCodeListener@6187d1f5: 1 ms
14:32:24.147 [main] WARN  org.testng.xml.TestNGContentHandler - It is strongly recommended to add "<!DOCTYPE suite SYSTEM "https://testng.org/testng-1.0.dtd" >" at the top of the suite file [D:\Testing\TheCapacity\testCases.xml] otherwise TestNG may fail or not work as expected.
14:32:24.551 [main] INFO  org.testng.internal.Utils - [Utils] MethodGroupsHelper.collectMethodsByGroup() took 1 ms.
14:32:24.559 [main] INFO  org.testng.internal.Utils - [Utils] MethodGroupsHelper.sortMethods() took 3 ms.
14:32:24.563 [main] INFO  org.testng.internal.Utils - [Utils] MethodGroupsHelper.collectMethodsByGroup() took 0 ms.
14:32:24.564 [main] INFO  org.testng.internal.Utils - [Utils] MethodGroupsHelper.sortMethods() took 0 ms.
14:32:24.565 [main] INFO  org.testng.internal.Utils - [Utils] MethodGroupsHelper.collectMethodsByGroup() took 0 ms.
14:32:24.566 [main] INFO  org.testng.internal.Utils - [Utils] MethodGroupsHelper.sortMethods() took 0 ms.
14:32:24.569 [main] INFO  org.testng.internal.Utils - [Utils] MethodGroupsHelper.collectMethodsByGroup() took 0 ms.
14:32:24.569 [main] INFO  org.testng.internal.Utils - [Utils] MethodGroupsHelper.sortMethods() took 0 ms.
14:32:24.579 [main] INFO  org.testng.internal.Utils - [Utils] MethodGroupsHelper.collectMethodsByGroup() took 7 ms.
14:32:24.604 [main] INFO  org.testng.internal.Utils - [Utils] MethodGroupsHelper.sortMethods() took 25 ms.
14:32:24.607 [main] INFO  org.testng.internal.Utils - [Utils] MethodGroupsHelper.collectMethodsByGroup() took 0 ms.
14:32:24.608 [main] INFO  org.testng.internal.Utils - [Utils] MethodGroupsHelper.sortMethods() took 0 ms.
14:32:24.609 [main] INFO  org.testng.internal.Utils - [Utils] MethodGroupsHelper.collectMethodsByGroup() took 0 ms.
14:32:24.610 [main] INFO  org.testng.internal.Utils - [Utils] MethodGroupsHelper.sortMethods() took 0 ms.
14:32:24.611 [main] INFO  org.testng.internal.Utils - [Utils] MethodGroupsHelper.collectMethodsByGroup() took 0 ms.
14:32:24.611 [main] INFO  org.testng.internal.Utils - [Utils] MethodGroupsHelper.sortMethods() took 0 ms.
14:32:24.617 [main] INFO  org.testng.internal.Utils - [Utils] MethodGroupsHelper.collectMethodsByGroup() took 0 ms.
14:32:24.617 [main] INFO  org.testng.internal.Utils - [Utils] MethodGroupsHelper.sortMethods() took 0 ms.
14:32:24.618 [main] INFO  org.testng.internal.Utils - [Utils] MethodGroupsHelper.collectMethodsByGroup() took 0 ms.
14:32:24.618 [main] INFO  org.testng.internal.Utils - [Utils] MethodGroupsHelper.sortMethods() took 0 ms.
14:32:24.621 [main] INFO  org.testng.internal.Utils - [Utils] MethodGroupsHelper.collectMethodsByGroup() took 0 ms.
14:32:24.621 [main] INFO  org.testng.internal.Utils - [Utils] MethodGroupsHelper.sortMethods() took 0 ms.
14:32:24.621 [main] INFO  org.testng.internal.Utils - [Utils] MethodGroupsHelper.collectMethodsByGroup() took 0 ms.
14:32:24.622 [main] INFO  org.testng.internal.Utils - [Utils] MethodGroupsHelper.sortMethods() took 0 ms.
14:32:24.624 [main] INFO  org.testng.internal.Utils - [Utils] MethodGroupsHelper.collectMethodsByGroup() took 0 ms.
14:32:24.624 [main] INFO  org.testng.internal.Utils - [Utils] MethodGroupsHelper.sortMethods() took 0 ms.
14:32:24.627 [main] INFO  org.testng.internal.Utils - [Utils] MethodGroupsHelper.collectMethodsByGroup() took 0 ms.
14:32:24.627 [main] INFO  org.testng.internal.Utils - [Utils] MethodGroupsHelper.sortMethods() took 0 ms.
14:32:24.627 [main] INFO  org.testng.internal.Utils - [Utils] MethodGroupsHelper.collectMethodsByGroup() took 0 ms.
14:32:24.628 [main] INFO  org.testng.internal.Utils - [Utils] MethodGroupsHelper.sortMethods() took 0 ms.
14:32:24.641 [main] INFO  org.testng.internal.Utils - [Utils] MethodGroupsHelper.collectMethodsByGroup() took 0 ms.
14:32:24.644 [main] INFO  org.testng.internal.Utils - [Utils] MethodGroupsHelper.sortMethods() took 0 ms.
14:32:24.645 [main] INFO  org.testng.internal.Utils - [Utils] MethodGroupsHelper.collectMethodsByGroup() took 0 ms.
14:32:24.646 [main] INFO  org.testng.internal.Utils - [Utils] MethodGroupsHelper.sortMethods() took 0 ms.
14:32:24.647 [main] INFO  org.testng.internal.Utils - [Utils] MethodGroupsHelper.collectMethodsByGroup() took 0 ms.
14:32:24.647 [main] INFO  org.testng.internal.Utils - [Utils] MethodGroupsHelper.sortMethods() took 0 ms.
14:32:24.648 [main] INFO  org.testng.internal.Utils - [Utils] MethodGroupsHelper.collectMethodsByGroup() took 0 ms.
14:32:24.649 [main] INFO  org.testng.internal.Utils - [Utils] MethodGroupsHelper.sortMethods() took 0 ms.
14:32:24.651 [main] INFO  org.testng.internal.Utils - [Utils] MethodGroupsHelper.collectMethodsByGroup() took 0 ms.
14:32:24.652 [main] INFO  org.testng.internal.Utils - [Utils] MethodGroupsHelper.sortMethods() took 1 ms.
14:32:24.654 [main] INFO  org.testng.internal.Utils - [Utils] MethodGroupsHelper.collectMethodsByGroup() took 0 ms.
14:32:24.655 [main] INFO  org.testng.internal.Utils - [Utils] MethodGroupsHelper.sortMethods() took 0 ms.
14:32:24.657 [main] INFO  org.testng.internal.Utils - [Utils] MethodGroupsHelper.collectMethodsByGroup() took 0 ms.
14:32:24.657 [main] INFO  org.testng.internal.Utils - [Utils] MethodGroupsHelper.sortMethods() took 0 ms.
14:32:24.658 [main] INFO  org.testng.internal.Utils - [Utils] MethodGroupsHelper.collectMethodsByGroup() took 0 ms.
14:32:24.659 [main] INFO  org.testng.internal.Utils - [Utils] MethodGroupsHelper.sortMethods() took 0 ms.
14:32:24.660 [main] INFO  org.testng.internal.Utils - [Utils] MethodGroupsHelper.collectMethodsByGroup() took 0 ms.
14:32:24.661 [main] INFO  org.testng.internal.Utils - [Utils] MethodGroupsHelper.sortMethods() took 0 ms.
14:32:24.661 [main] INFO  org.testng.internal.Utils - [Utils] MethodGroupsHelper.collectMethodsByGroup() took 0 ms.
14:32:24.663 [main] INFO  org.testng.internal.Utils - [Utils] MethodGroupsHelper.sortMethods() took 0 ms.
14:32:24.663 [main] INFO  org.testng.internal.Utils - [Utils] MethodGroupsHelper.collectMethodsByGroup() took 0 ms.
14:32:24.663 [main] INFO  org.testng.internal.Utils - [Utils] MethodGroupsHelper.sortMethods() took 0 ms.
14:32:24.664 [main] INFO  org.testng.internal.Utils - [Utils] MethodGroupsHelper.collectMethodsByGroup() took 0 ms.
14:32:24.665 [main] INFO  org.testng.internal.Utils - [Utils] MethodGroupsHelper.sortMethods() took 0 ms.
14:32:24.665 [main] INFO  org.testng.internal.Utils - [Utils] MethodGroupsHelper.collectMethodsByGroup() took 0 ms.
14:32:24.666 [main] INFO  org.testng.internal.Utils - [Utils] MethodGroupsHelper.sortMethods() took 0 ms.
14:32:24.666 [main] INFO  org.testng.internal.Utils - [Utils] MethodGroupsHelper.collectMethodsByGroup() took 0 ms.
14:32:24.667 [main] INFO  org.testng.internal.Utils - [Utils] MethodGroupsHelper.sortMethods() took 0 ms.
14:32:24.667 [main] INFO  org.testng.internal.Utils - [Utils] MethodGroupsHelper.collectMethodsByGroup() took 0 ms.
14:32:24.667 [main] INFO  org.testng.internal.Utils - [Utils] MethodGroupsHelper.sortMethods() took 0 ms.
14:32:24.670 [main] INFO  org.testng.internal.Utils - [TestNG] Running:
  D:\Testing\TheCapacity\testCases.xml

14:32:24.686 [main] INFO  org.testng.internal.Utils - [ThreadUtil] Starting executor timeOut:2147483647ms workers:2 threadPoolSize:5
14:32:24.715 [TestNG-tests-1] INFO  org.testng.internal.Utils - [Utils] DynamicGraphHelper.createDynamicGraph() took 7 ms.
14:32:24.715 [TestNG-tests-2] INFO  org.testng.internal.Utils - [Utils] DynamicGraphHelper.createDynamicGraph() took 7 ms.
14:32:56.699 [main] INFO  org.testng.internal.Utils - [TestNG] Time taken by org.testng.internal.ExitCodeListener@1a760689: 0 ms
15:00:57.893 [main] INFO  org.testng.internal.Utils - [TestNG] Running:
  C:\Users\ritika.rajput\AppData\Local\JetBrains\IdeaIC2025.1\temp-testng-customsuite.xml

15:02:03.836 [main] WARN  org.testng.xml.TestNGContentHandler - It is strongly recommended to add "<!DOCTYPE suite SYSTEM "https://testng.org/testng-1.0.dtd" >" at the top of the suite file [D:\Testing\TheCapacity\testCases.xml] otherwise TestNG may fail or not work as expected.
15:02:04.219 [main] INFO  org.testng.internal.Utils - [Utils] MethodGroupsHelper.collectMethodsByGroup() took 0 ms.
15:02:04.227 [main] INFO  org.testng.internal.Utils - [Utils] MethodGroupsHelper.sortMethods() took 2 ms.
15:02:04.230 [main] INFO  org.testng.internal.Utils - [Utils] MethodGroupsHelper.collectMethodsByGroup() took 0 ms.
15:02:04.230 [main] INFO  org.testng.internal.Utils - [Utils] MethodGroupsHelper.sortMethods() took 0 ms.
15:02:04.231 [main] INFO  org.testng.internal.Utils - [Utils] MethodGroupsHelper.collectMethodsByGroup() took 0 ms.
15:02:04.232 [main] INFO  org.testng.internal.Utils - [Utils] MethodGroupsHelper.sortMethods() took 0 ms.
15:02:04.233 [main] INFO  org.testng.internal.Utils - [Utils] MethodGroupsHelper.collectMethodsByGroup() took 0 ms.
15:02:04.233 [main] INFO  org.testng.internal.Utils - [Utils] MethodGroupsHelper.sortMethods() took 0 ms.
15:02:04.242 [main] INFO  org.testng.internal.Utils - [Utils] MethodGroupsHelper.collectMethodsByGroup() took 7 ms.
15:02:04.267 [main] INFO  org.testng.internal.Utils - [Utils] MethodGroupsHelper.sortMethods() took 24 ms.
15:02:04.269 [main] INFO  org.testng.internal.Utils - [Utils] MethodGroupsHelper.collectMethodsByGroup() took 0 ms.
15:02:04.271 [main] INFO  org.testng.internal.Utils - [Utils] MethodGroupsHelper.sortMethods() took 0 ms.
15:02:04.273 [main] INFO  org.testng.internal.Utils - [Utils] MethodGroupsHelper.collectMethodsByGroup() took 0 ms.
15:02:04.274 [main] INFO  org.testng.internal.Utils - [Utils] MethodGroupsHelper.sortMethods() took 0 ms.
15:02:04.275 [main] INFO  org.testng.internal.Utils - [Utils] MethodGroupsHelper.collectMethodsByGroup() took 0 ms.
15:02:04.276 [main] INFO  org.testng.internal.Utils - [Utils] MethodGroupsHelper.sortMethods() took 0 ms.
15:02:04.281 [main] INFO  org.testng.internal.Utils - [Utils] MethodGroupsHelper.collectMethodsByGroup() took 0 ms.
15:02:04.281 [main] INFO  org.testng.internal.Utils - [Utils] MethodGroupsHelper.sortMethods() took 0 ms.
15:02:04.282 [main] INFO  org.testng.internal.Utils - [Utils] MethodGroupsHelper.collectMethodsByGroup() took 0 ms.
15:02:04.282 [main] INFO  org.testng.internal.Utils - [Utils] MethodGroupsHelper.sortMethods() took 0 ms.
15:02:04.284 [main] INFO  org.testng.internal.Utils - [Utils] MethodGroupsHelper.collectMethodsByGroup() took 0 ms.
15:02:04.284 [main] INFO  org.testng.internal.Utils - [Utils] MethodGroupsHelper.sortMethods() took 0 ms.
15:02:04.285 [main] INFO  org.testng.internal.Utils - [Utils] MethodGroupsHelper.collectMethodsByGroup() took 0 ms.
15:02:04.285 [main] INFO  org.testng.internal.Utils - [Utils] MethodGroupsHelper.sortMethods() took 0 ms.
15:02:04.287 [main] INFO  org.testng.internal.Utils - [Utils] MethodGroupsHelper.collectMethodsByGroup() took 1 ms.
15:02:04.287 [main] INFO  org.testng.internal.Utils - [Utils] MethodGroupsHelper.sortMethods() took 0 ms.
15:02:04.290 [main] INFO  org.testng.internal.Utils - [Utils] MethodGroupsHelper.collectMethodsByGroup() took 0 ms.
15:02:04.290 [main] INFO  org.testng.internal.Utils - [Utils] MethodGroupsHelper.sortMethods() took 0 ms.
15:02:04.291 [main] INFO  org.testng.internal.Utils - [Utils] MethodGroupsHelper.collectMethodsByGroup() took 0 ms.
15:02:04.291 [main] INFO  org.testng.internal.Utils - [Utils] MethodGroupsHelper.sortMethods() took 0 ms.
15:02:04.304 [main] INFO  org.testng.internal.Utils - [Utils] MethodGroupsHelper.collectMethodsByGroup() took 0 ms.
15:02:04.307 [main] INFO  org.testng.internal.Utils - [Utils] MethodGroupsHelper.sortMethods() took 0 ms.
15:02:04.307 [main] INFO  org.testng.internal.Utils - [Utils] MethodGroupsHelper.collectMethodsByGroup() took 0 ms.
15:02:04.308 [main] INFO  org.testng.internal.Utils - [Utils] MethodGroupsHelper.sortMethods() took 0 ms.
15:02:04.309 [main] INFO  org.testng.internal.Utils - [Utils] MethodGroupsHelper.collectMethodsByGroup() took 0 ms.
15:02:04.309 [main] INFO  org.testng.internal.Utils - [Utils] MethodGroupsHelper.sortMethods() took 0 ms.
15:02:04.310 [main] INFO  org.testng.internal.Utils - [Utils] MethodGroupsHelper.collectMethodsByGroup() took 0 ms.
15:02:04.310 [main] INFO  org.testng.internal.Utils - [Utils] MethodGroupsHelper.sortMethods() took 0 ms.
15:02:04.311 [main] INFO  org.testng.internal.Utils - [Utils] MethodGroupsHelper.collectMethodsByGroup() took 0 ms.
15:02:04.313 [main] INFO  org.testng.internal.Utils - [Utils] MethodGroupsHelper.sortMethods() took 0 ms.
15:02:04.314 [main] INFO  org.testng.internal.Utils - [Utils] MethodGroupsHelper.collectMethodsByGroup() took 0 ms.
15:02:04.315 [main] INFO  org.testng.internal.Utils - [Utils] MethodGroupsHelper.sortMethods() took 0 ms.
15:02:04.317 [main] INFO  org.testng.internal.Utils - [Utils] MethodGroupsHelper.collectMethodsByGroup() took 0 ms.
15:02:04.317 [main] INFO  org.testng.internal.Utils - [Utils] MethodGroupsHelper.sortMethods() took 0 ms.
15:02:04.319 [main] INFO  org.testng.internal.Utils - [Utils] MethodGroupsHelper.collectMethodsByGroup() took 0 ms.
15:02:04.319 [main] INFO  org.testng.internal.Utils - [Utils] MethodGroupsHelper.sortMethods() took 0 ms.
15:02:04.320 [main] INFO  org.testng.internal.Utils - [Utils] MethodGroupsHelper.collectMethodsByGroup() took 0 ms.
15:02:04.321 [main] INFO  org.testng.internal.Utils - [Utils] MethodGroupsHelper.sortMethods() took 0 ms.
15:02:04.323 [main] INFO  org.testng.internal.Utils - [Utils] MethodGroupsHelper.collectMethodsByGroup() took 0 ms.
15:02:04.323 [main] INFO  org.testng.internal.Utils - [Utils] MethodGroupsHelper.sortMethods() took 0 ms.
15:02:04.324 [main] INFO  org.testng.internal.Utils - [Utils] MethodGroupsHelper.collectMethodsByGroup() took 0 ms.
15:02:04.324 [main] INFO  org.testng.internal.Utils - [Utils] MethodGroupsHelper.sortMethods() took 0 ms.
15:02:04.325 [main] INFO  org.testng.internal.Utils - [Utils] MethodGroupsHelper.collectMethodsByGroup() took 0 ms.
15:02:04.326 [main] INFO  org.testng.internal.Utils - [Utils] MethodGroupsHelper.sortMethods() took 0 ms.
15:02:04.327 [main] INFO  org.testng.internal.Utils - [Utils] MethodGroupsHelper.collectMethodsByGroup() took 0 ms.
15:02:04.328 [main] INFO  org.testng.internal.Utils - [Utils] MethodGroupsHelper.sortMethods() took 0 ms.
15:02:04.328 [main] INFO  org.testng.internal.Utils - [Utils] MethodGroupsHelper.collectMethodsByGroup() took 0 ms.
15:02:04.329 [main] INFO  org.testng.internal.Utils - [Utils] MethodGroupsHelper.sortMethods() took 0 ms.
15:02:04.329 [main] INFO  org.testng.internal.Utils - [Utils] MethodGroupsHelper.collectMethodsByGroup() took 0 ms.
15:02:04.330 [main] INFO  org.testng.internal.Utils - [Utils] MethodGroupsHelper.sortMethods() took 0 ms.
15:02:04.333 [main] INFO  org.testng.internal.Utils - [TestNG] Running:
  D:\Testing\TheCapacity\testCases.xml

15:02:04.347 [main] INFO  org.testng.internal.Utils - [ThreadUtil] Starting executor timeOut:2147483647ms workers:2 threadPoolSize:5
15:02:04.377 [TestNG-tests-2] INFO  org.testng.internal.Utils - [Utils] DynamicGraphHelper.createDynamicGraph() took 8 ms.
15:02:04.377 [TestNG-tests-1] INFO  org.testng.internal.Utils - [Utils] DynamicGraphHelper.createDynamicGraph() took 9 ms.
15:02:25.899 [main] INFO  org.testng.internal.Utils - [TestNG] Time taken by org.testng.internal.ExitCodeListener@70f59913: 0 ms
15:03:07.608 [main] WARN  org.testng.xml.TestNGContentHandler - It is strongly recommended to add "<!DOCTYPE suite SYSTEM "https://testng.org/testng-1.0.dtd" >" at the top of the suite file [D:\Testing\TheCapacity\testCases.xml] otherwise TestNG may fail or not work as expected.
15:03:07.982 [main] INFO  org.testng.internal.Utils - [Utils] MethodGroupsHelper.collectMethodsByGroup() took 0 ms.
15:03:07.988 [main] INFO  org.testng.internal.Utils - [Utils] MethodGroupsHelper.sortMethods() took 2 ms.
15:03:07.993 [main] INFO  org.testng.internal.Utils - [Utils] MethodGroupsHelper.collectMethodsByGroup() took 0 ms.
15:03:07.994 [main] INFO  org.testng.internal.Utils - [Utils] MethodGroupsHelper.sortMethods() took 0 ms.
15:03:08.000 [main] INFO  org.testng.internal.Utils - [Utils] MethodGroupsHelper.collectMethodsByGroup() took 0 ms.
15:03:08.001 [main] INFO  org.testng.internal.Utils - [Utils] MethodGroupsHelper.sortMethods() took 0 ms.
15:03:08.003 [main] INFO  org.testng.internal.Utils - [Utils] MethodGroupsHelper.collectMethodsByGroup() took 0 ms.
15:03:08.003 [main] INFO  org.testng.internal.Utils - [Utils] MethodGroupsHelper.sortMethods() took 0 ms.
15:03:08.010 [main] INFO  org.testng.internal.Utils - [Utils] MethodGroupsHelper.collectMethodsByGroup() took 5 ms.
15:03:08.035 [main] INFO  org.testng.internal.Utils - [Utils] MethodGroupsHelper.sortMethods() took 25 ms.
15:03:08.038 [main] INFO  org.testng.internal.Utils - [Utils] MethodGroupsHelper.collectMethodsByGroup() took 0 ms.
15:03:08.039 [main] INFO  org.testng.internal.Utils - [Utils] MethodGroupsHelper.sortMethods() took 1 ms.
15:03:08.040 [main] INFO  org.testng.internal.Utils - [Utils] MethodGroupsHelper.collectMethodsByGroup() took 0 ms.
15:03:08.041 [main] INFO  org.testng.internal.Utils - [Utils] MethodGroupsHelper.sortMethods() took 0 ms.
15:03:08.042 [main] INFO  org.testng.internal.Utils - [Utils] MethodGroupsHelper.collectMethodsByGroup() took 0 ms.
15:03:08.042 [main] INFO  org.testng.internal.Utils - [Utils] MethodGroupsHelper.sortMethods() took 0 ms.
15:03:08.048 [main] INFO  org.testng.internal.Utils - [Utils] MethodGroupsHelper.collectMethodsByGroup() took 0 ms.
15:03:08.049 [main] INFO  org.testng.internal.Utils - [Utils] MethodGroupsHelper.sortMethods() took 0 ms.
15:03:08.050 [main] INFO  org.testng.internal.Utils - [Utils] MethodGroupsHelper.collectMethodsByGroup() took 0 ms.
15:03:08.050 [main] INFO  org.testng.internal.Utils - [Utils] MethodGroupsHelper.sortMethods() took 0 ms.
15:03:08.052 [main] INFO  org.testng.internal.Utils - [Utils] MethodGroupsHelper.collectMethodsByGroup() took 0 ms.
15:03:08.052 [main] INFO  org.testng.internal.Utils - [Utils] MethodGroupsHelper.sortMethods() took 0 ms.
15:03:08.053 [main] INFO  org.testng.internal.Utils - [Utils] MethodGroupsHelper.collectMethodsByGroup() took 0 ms.
15:03:08.053 [main] INFO  org.testng.internal.Utils - [Utils] MethodGroupsHelper.sortMethods() took 0 ms.
15:03:08.055 [main] INFO  org.testng.internal.Utils - [Utils] MethodGroupsHelper.collectMethodsByGroup() took 0 ms.
15:03:08.056 [main] INFO  org.testng.internal.Utils - [Utils] MethodGroupsHelper.sortMethods() took 0 ms.
15:03:08.058 [main] INFO  org.testng.internal.Utils - [Utils] MethodGroupsHelper.collectMethodsByGroup() took 0 ms.
15:03:08.059 [main] INFO  org.testng.internal.Utils - [Utils] MethodGroupsHelper.sortMethods() took 0 ms.
15:03:08.060 [main] INFO  org.testng.internal.Utils - [Utils] MethodGroupsHelper.collectMethodsByGroup() took 0 ms.
15:03:08.060 [main] INFO  org.testng.internal.Utils - [Utils] MethodGroupsHelper.sortMethods() took 0 ms.
15:03:08.066 [main] INFO  org.testng.internal.Utils - [TestNG] Running:
  D:\Testing\TheCapacity\testCases.xml

15:03:08.077 [main] INFO  org.testng.internal.Utils - [ThreadUtil] Starting executor timeOut:2147483647ms workers:1 threadPoolSize:5
15:03:08.107 [TestNG-tests-1] INFO  org.testng.internal.Utils - [Utils] DynamicGraphHelper.createDynamicGraph() took 6 ms.
15:03:17.492 [main] INFO  org.testng.internal.Utils - [TestNG] Time taken by org.testng.internal.ExitCodeListener@6ee6f53: 0 ms
15:05:53.271 [main] WARN  org.testng.xml.TestNGContentHandler - It is strongly recommended to add "<!DOCTYPE suite SYSTEM "https://testng.org/testng-1.0.dtd" >" at the top of the suite file [D:\Testing\TheCapacity\testCases.xml] otherwise TestNG may fail or not work as expected.
15:05:53.696 [main] INFO  org.testng.internal.Utils - [Utils] MethodGroupsHelper.collectMethodsByGroup() took 1 ms.
15:05:53.700 [main] INFO  org.testng.internal.Utils - [Utils] MethodGroupsHelper.sortMethods() took 1 ms.
15:05:53.703 [main] INFO  org.testng.internal.Utils - [Utils] MethodGroupsHelper.collectMethodsByGroup() took 0 ms.
15:05:53.703 [main] INFO  org.testng.internal.Utils - [Utils] MethodGroupsHelper.sortMethods() took 0 ms.
15:05:53.705 [main] INFO  org.testng.internal.Utils - [Utils] MethodGroupsHelper.collectMethodsByGroup() took 0 ms.
15:05:53.705 [main] INFO  org.testng.internal.Utils - [Utils] MethodGroupsHelper.sortMethods() took 0 ms.
15:05:53.707 [main] INFO  org.testng.internal.Utils - [Utils] MethodGroupsHelper.collectMethodsByGroup() took 0 ms.
15:05:53.707 [main] INFO  org.testng.internal.Utils - [Utils] MethodGroupsHelper.sortMethods() took 0 ms.
15:05:53.715 [main] INFO  org.testng.internal.Utils - [Utils] MethodGroupsHelper.collectMethodsByGroup() took 4 ms.
15:05:53.739 [main] INFO  org.testng.internal.Utils - [Utils] MethodGroupsHelper.sortMethods() took 23 ms.
15:05:53.742 [main] INFO  org.testng.internal.Utils - [Utils] MethodGroupsHelper.collectMethodsByGroup() took 0 ms.
15:05:53.743 [main] INFO  org.testng.internal.Utils - [Utils] MethodGroupsHelper.sortMethods() took 0 ms.
15:05:53.744 [main] INFO  org.testng.internal.Utils - [Utils] MethodGroupsHelper.collectMethodsByGroup() took 0 ms.
15:05:53.744 [main] INFO  org.testng.internal.Utils - [Utils] MethodGroupsHelper.sortMethods() took 0 ms.
15:05:53.745 [main] INFO  org.testng.internal.Utils - [Utils] MethodGroupsHelper.collectMethodsByGroup() took 0 ms.
15:05:53.746 [main] INFO  org.testng.internal.Utils - [Utils] MethodGroupsHelper.sortMethods() took 0 ms.
15:05:53.750 [main] INFO  org.testng.internal.Utils - [Utils] MethodGroupsHelper.collectMethodsByGroup() took 0 ms.
15:05:53.751 [main] INFO  org.testng.internal.Utils - [Utils] MethodGroupsHelper.sortMethods() took 0 ms.
15:05:53.752 [main] INFO  org.testng.internal.Utils - [Utils] MethodGroupsHelper.collectMethodsByGroup() took 0 ms.
15:05:53.752 [main] INFO  org.testng.internal.Utils - [Utils] MethodGroupsHelper.sortMethods() took 0 ms.
15:05:53.755 [main] INFO  org.testng.internal.Utils - [Utils] MethodGroupsHelper.collectMethodsByGroup() took 0 ms.
15:05:53.755 [main] INFO  org.testng.internal.Utils - [Utils] MethodGroupsHelper.sortMethods() took 0 ms.
15:05:53.755 [main] INFO  org.testng.internal.Utils - [Utils] MethodGroupsHelper.collectMethodsByGroup() took 0 ms.
15:05:53.755 [main] INFO  org.testng.internal.Utils - [Utils] MethodGroupsHelper.sortMethods() took 0 ms.
15:05:53.758 [main] INFO  org.testng.internal.Utils - [Utils] MethodGroupsHelper.collectMethodsByGroup() took 0 ms.
15:05:53.759 [main] INFO  org.testng.internal.Utils - [Utils] MethodGroupsHelper.sortMethods() took 0 ms.
15:05:53.761 [main] INFO  org.testng.internal.Utils - [Utils] MethodGroupsHelper.collectMethodsByGroup() took 0 ms.
15:05:53.762 [main] INFO  org.testng.internal.Utils - [Utils] MethodGroupsHelper.sortMethods() took 0 ms.
15:05:53.762 [main] INFO  org.testng.internal.Utils - [Utils] MethodGroupsHelper.collectMethodsByGroup() took 0 ms.
15:05:53.762 [main] INFO  org.testng.internal.Utils - [Utils] MethodGroupsHelper.sortMethods() took 0 ms.
15:05:53.771 [main] INFO  org.testng.internal.Utils - [TestNG] Running:
  D:\Testing\TheCapacity\testCases.xml

15:05:53.782 [main] INFO  org.testng.internal.Utils - [ThreadUtil] Starting executor timeOut:2147483647ms workers:1 threadPoolSize:5
15:05:53.811 [TestNG-tests-1] INFO  org.testng.internal.Utils - [Utils] DynamicGraphHelper.createDynamicGraph() took 6 ms.
15:06:04.636 [main] INFO  org.testng.internal.Utils - [TestNG] Time taken by org.testng.internal.ExitCodeListener@1a760689: 1 ms
15:09:36.437 [main] WARN  org.testng.xml.TestNGContentHandler - It is strongly recommended to add "<!DOCTYPE suite SYSTEM "https://testng.org/testng-1.0.dtd" >" at the top of the suite file [D:\Testing\TheCapacity\testCases.xml] otherwise TestNG may fail or not work as expected.
15:09:36.798 [main] INFO  org.testng.internal.Utils - [Utils] MethodGroupsHelper.collectMethodsByGroup() took 0 ms.
15:09:36.804 [main] INFO  org.testng.internal.Utils - [Utils] MethodGroupsHelper.sortMethods() took 2 ms.
15:09:36.807 [main] INFO  org.testng.internal.Utils - [Utils] MethodGroupsHelper.collectMethodsByGroup() took 0 ms.
15:09:36.807 [main] INFO  org.testng.internal.Utils - [Utils] MethodGroupsHelper.sortMethods() took 0 ms.
15:09:36.809 [main] INFO  org.testng.internal.Utils - [Utils] MethodGroupsHelper.collectMethodsByGroup() took 0 ms.
15:09:36.810 [main] INFO  org.testng.internal.Utils - [Utils] MethodGroupsHelper.sortMethods() took 0 ms.
15:09:36.812 [main] INFO  org.testng.internal.Utils - [Utils] MethodGroupsHelper.collectMethodsByGroup() took 0 ms.
15:09:36.813 [main] INFO  org.testng.internal.Utils - [Utils] MethodGroupsHelper.sortMethods() took 0 ms.
15:09:36.833 [main] INFO  org.testng.internal.Utils - [Utils] MethodGroupsHelper.collectMethodsByGroup() took 10 ms.
15:09:36.862 [main] INFO  org.testng.internal.Utils - [Utils] MethodGroupsHelper.sortMethods() took 28 ms.
15:09:36.865 [main] INFO  org.testng.internal.Utils - [Utils] MethodGroupsHelper.collectMethodsByGroup() took 0 ms.
15:09:36.867 [main] INFO  org.testng.internal.Utils - [Utils] MethodGroupsHelper.sortMethods() took 1 ms.
15:09:36.869 [main] INFO  org.testng.internal.Utils - [Utils] MethodGroupsHelper.collectMethodsByGroup() took 0 ms.
15:09:36.870 [main] INFO  org.testng.internal.Utils - [Utils] MethodGroupsHelper.sortMethods() took 0 ms.
15:09:36.873 [main] INFO  org.testng.internal.Utils - [Utils] MethodGroupsHelper.collectMethodsByGroup() took 0 ms.
15:09:36.874 [main] INFO  org.testng.internal.Utils - [Utils] MethodGroupsHelper.sortMethods() took 0 ms.
15:09:36.882 [main] INFO  org.testng.internal.Utils - [Utils] MethodGroupsHelper.collectMethodsByGroup() took 0 ms.
15:09:36.884 [main] INFO  org.testng.internal.Utils - [Utils] MethodGroupsHelper.sortMethods() took 0 ms.
15:09:36.886 [main] INFO  org.testng.internal.Utils - [Utils] MethodGroupsHelper.collectMethodsByGroup() took 0 ms.
15:09:36.887 [main] INFO  org.testng.internal.Utils - [Utils] MethodGroupsHelper.sortMethods() took 0 ms.
15:09:36.892 [main] INFO  org.testng.internal.Utils - [Utils] MethodGroupsHelper.collectMethodsByGroup() took 0 ms.
15:09:36.893 [main] INFO  org.testng.internal.Utils - [Utils] MethodGroupsHelper.sortMethods() took 0 ms.
15:09:36.893 [main] INFO  org.testng.internal.Utils - [Utils] MethodGroupsHelper.collectMethodsByGroup() took 0 ms.
15:09:36.894 [main] INFO  org.testng.internal.Utils - [Utils] MethodGroupsHelper.sortMethods() took 0 ms.
15:09:36.900 [main] INFO  org.testng.internal.Utils - [Utils] MethodGroupsHelper.collectMethodsByGroup() took 0 ms.
15:09:36.901 [main] INFO  org.testng.internal.Utils - [Utils] MethodGroupsHelper.sortMethods() took 0 ms.
15:09:36.905 [main] INFO  org.testng.internal.Utils - [Utils] MethodGroupsHelper.collectMethodsByGroup() took 0 ms.
15:09:36.906 [main] INFO  org.testng.internal.Utils - [Utils] MethodGroupsHelper.sortMethods() took 0 ms.
15:09:36.906 [main] INFO  org.testng.internal.Utils - [Utils] MethodGroupsHelper.collectMethodsByGroup() took 0 ms.
15:09:36.906 [main] INFO  org.testng.internal.Utils - [Utils] MethodGroupsHelper.sortMethods() took 0 ms.
15:09:36.915 [main] INFO  org.testng.internal.Utils - [TestNG] Running:
  D:\Testing\TheCapacity\testCases.xml

15:09:36.926 [main] INFO  org.testng.internal.Utils - [ThreadUtil] Starting executor timeOut:2147483647ms workers:1 threadPoolSize:5
15:09:36.954 [TestNG-tests-1] INFO  org.testng.internal.Utils - [Utils] DynamicGraphHelper.createDynamicGraph() took 6 ms.
15:09:50.989 [main] INFO  org.testng.internal.Utils - [TestNG] Time taken by org.testng.internal.ExitCodeListener@797cf65c: 0 ms
15:10:18.114 [main] WARN  org.testng.xml.TestNGContentHandler - It is strongly recommended to add "<!DOCTYPE suite SYSTEM "https://testng.org/testng-1.0.dtd" >" at the top of the suite file [D:\Testing\TheCapacity\testCases.xml] otherwise TestNG may fail or not work as expected.
15:10:18.494 [main] INFO  org.testng.internal.Utils - [Utils] MethodGroupsHelper.collectMethodsByGroup() took 1 ms.
15:10:18.499 [main] INFO  org.testng.internal.Utils - [Utils] MethodGroupsHelper.sortMethods() took 1 ms.
15:10:18.503 [main] INFO  org.testng.internal.Utils - [Utils] MethodGroupsHelper.collectMethodsByGroup() took 0 ms.
15:10:18.503 [main] INFO  org.testng.internal.Utils - [Utils] MethodGroupsHelper.sortMethods() took 0 ms.
15:10:18.505 [main] INFO  org.testng.internal.Utils - [Utils] MethodGroupsHelper.collectMethodsByGroup() took 0 ms.
15:10:18.505 [main] INFO  org.testng.internal.Utils - [Utils] MethodGroupsHelper.sortMethods() took 0 ms.
15:10:18.506 [main] INFO  org.testng.internal.Utils - [Utils] MethodGroupsHelper.collectMethodsByGroup() took 0 ms.
15:10:18.507 [main] INFO  org.testng.internal.Utils - [Utils] MethodGroupsHelper.sortMethods() took 0 ms.
15:10:18.514 [main] INFO  org.testng.internal.Utils - [Utils] MethodGroupsHelper.collectMethodsByGroup() took 4 ms.
15:10:18.537 [main] INFO  org.testng.internal.Utils - [Utils] MethodGroupsHelper.sortMethods() took 21 ms.
15:10:18.540 [main] INFO  org.testng.internal.Utils - [Utils] MethodGroupsHelper.collectMethodsByGroup() took 0 ms.
15:10:18.541 [main] INFO  org.testng.internal.Utils - [Utils] MethodGroupsHelper.sortMethods() took 0 ms.
15:10:18.542 [main] INFO  org.testng.internal.Utils - [Utils] MethodGroupsHelper.collectMethodsByGroup() took 0 ms.
15:10:18.543 [main] INFO  org.testng.internal.Utils - [Utils] MethodGroupsHelper.sortMethods() took 0 ms.
15:10:18.544 [main] INFO  org.testng.internal.Utils - [Utils] MethodGroupsHelper.collectMethodsByGroup() took 0 ms.
15:10:18.544 [main] INFO  org.testng.internal.Utils - [Utils] MethodGroupsHelper.sortMethods() took 0 ms.
15:10:18.550 [main] INFO  org.testng.internal.Utils - [Utils] MethodGroupsHelper.collectMethodsByGroup() took 0 ms.
15:10:18.550 [main] INFO  org.testng.internal.Utils - [Utils] MethodGroupsHelper.sortMethods() took 0 ms.
15:10:18.552 [main] INFO  org.testng.internal.Utils - [Utils] MethodGroupsHelper.collectMethodsByGroup() took 0 ms.
15:10:18.552 [main] INFO  org.testng.internal.Utils - [Utils] MethodGroupsHelper.sortMethods() took 0 ms.
15:10:18.554 [main] INFO  org.testng.internal.Utils - [Utils] MethodGroupsHelper.collectMethodsByGroup() took 0 ms.
15:10:18.554 [main] INFO  org.testng.internal.Utils - [Utils] MethodGroupsHelper.sortMethods() took 0 ms.
15:10:18.555 [main] INFO  org.testng.internal.Utils - [Utils] MethodGroupsHelper.collectMethodsByGroup() took 0 ms.
15:10:18.555 [main] INFO  org.testng.internal.Utils - [Utils] MethodGroupsHelper.sortMethods() took 0 ms.
15:10:18.557 [main] INFO  org.testng.internal.Utils - [Utils] MethodGroupsHelper.collectMethodsByGroup() took 1 ms.
15:10:18.559 [main] INFO  org.testng.internal.Utils - [Utils] MethodGroupsHelper.sortMethods() took 1 ms.
15:10:18.560 [main] INFO  org.testng.internal.Utils - [Utils] MethodGroupsHelper.collectMethodsByGroup() took 0 ms.
15:10:18.560 [main] INFO  org.testng.internal.Utils - [Utils] MethodGroupsHelper.sortMethods() took 0 ms.
15:10:18.560 [main] INFO  org.testng.internal.Utils - [Utils] MethodGroupsHelper.collectMethodsByGroup() took 0 ms.
15:10:18.561 [main] INFO  org.testng.internal.Utils - [Utils] MethodGroupsHelper.sortMethods() took 0 ms.
15:10:18.569 [main] INFO  org.testng.internal.Utils - [TestNG] Running:
  D:\Testing\TheCapacity\testCases.xml

15:10:18.580 [main] INFO  org.testng.internal.Utils - [ThreadUtil] Starting executor timeOut:2147483647ms workers:1 threadPoolSize:5
15:10:18.611 [TestNG-tests-1] INFO  org.testng.internal.Utils - [Utils] DynamicGraphHelper.createDynamicGraph() took 6 ms.
15:10:29.042 [main] INFO  org.testng.internal.Utils - [TestNG] Time taken by org.testng.internal.ExitCodeListener@149dd36b: 0 ms
15:11:05.915 [main] WARN  org.testng.xml.TestNGContentHandler - It is strongly recommended to add "<!DOCTYPE suite SYSTEM "https://testng.org/testng-1.0.dtd" >" at the top of the suite file [D:\Testing\TheCapacity\testCases.xml] otherwise TestNG may fail or not work as expected.
15:11:06.258 [main] INFO  org.testng.internal.Utils - [Utils] MethodGroupsHelper.collectMethodsByGroup() took 0 ms.
15:11:06.264 [main] INFO  org.testng.internal.Utils - [Utils] MethodGroupsHelper.sortMethods() took 2 ms.
15:11:06.268 [main] INFO  org.testng.internal.Utils - [Utils] MethodGroupsHelper.collectMethodsByGroup() took 0 ms.
15:11:06.268 [main] INFO  org.testng.internal.Utils - [Utils] MethodGroupsHelper.sortMethods() took 0 ms.
15:11:06.270 [main] INFO  org.testng.internal.Utils - [Utils] MethodGroupsHelper.collectMethodsByGroup() took 0 ms.
15:11:06.270 [main] INFO  org.testng.internal.Utils - [Utils] MethodGroupsHelper.sortMethods() took 0 ms.
15:11:06.271 [main] INFO  org.testng.internal.Utils - [Utils] MethodGroupsHelper.collectMethodsByGroup() took 0 ms.
15:11:06.272 [main] INFO  org.testng.internal.Utils - [Utils] MethodGroupsHelper.sortMethods() took 0 ms.
15:11:06.279 [main] INFO  org.testng.internal.Utils - [Utils] MethodGroupsHelper.collectMethodsByGroup() took 4 ms.
15:11:06.304 [main] INFO  org.testng.internal.Utils - [Utils] MethodGroupsHelper.sortMethods() took 24 ms.
15:11:06.306 [main] INFO  org.testng.internal.Utils - [Utils] MethodGroupsHelper.collectMethodsByGroup() took 0 ms.
15:11:06.306 [main] INFO  org.testng.internal.Utils - [Utils] MethodGroupsHelper.sortMethods() took 0 ms.
15:11:06.308 [main] INFO  org.testng.internal.Utils - [Utils] MethodGroupsHelper.collectMethodsByGroup() took 0 ms.
15:11:06.308 [main] INFO  org.testng.internal.Utils - [Utils] MethodGroupsHelper.sortMethods() took 0 ms.
15:11:06.309 [main] INFO  org.testng.internal.Utils - [Utils] MethodGroupsHelper.collectMethodsByGroup() took 0 ms.
15:11:06.309 [main] INFO  org.testng.internal.Utils - [Utils] MethodGroupsHelper.sortMethods() took 0 ms.
15:11:06.315 [main] INFO  org.testng.internal.Utils - [Utils] MethodGroupsHelper.collectMethodsByGroup() took 0 ms.
15:11:06.315 [main] INFO  org.testng.internal.Utils - [Utils] MethodGroupsHelper.sortMethods() took 0 ms.
15:11:06.316 [main] INFO  org.testng.internal.Utils - [Utils] MethodGroupsHelper.collectMethodsByGroup() took 0 ms.
15:11:06.316 [main] INFO  org.testng.internal.Utils - [Utils] MethodGroupsHelper.sortMethods() took 0 ms.
15:11:06.318 [main] INFO  org.testng.internal.Utils - [Utils] MethodGroupsHelper.collectMethodsByGroup() took 0 ms.
15:11:06.318 [main] INFO  org.testng.internal.Utils - [Utils] MethodGroupsHelper.sortMethods() took 0 ms.
15:11:06.319 [main] INFO  org.testng.internal.Utils - [Utils] MethodGroupsHelper.collectMethodsByGroup() took 0 ms.
15:11:06.319 [main] INFO  org.testng.internal.Utils - [Utils] MethodGroupsHelper.sortMethods() took 0 ms.
15:11:06.321 [main] INFO  org.testng.internal.Utils - [Utils] MethodGroupsHelper.collectMethodsByGroup() took 0 ms.
15:11:06.322 [main] INFO  org.testng.internal.Utils - [Utils] MethodGroupsHelper.sortMethods() took 0 ms.
15:11:06.324 [main] INFO  org.testng.internal.Utils - [Utils] MethodGroupsHelper.collectMethodsByGroup() took 0 ms.
15:11:06.325 [main] INFO  org.testng.internal.Utils - [Utils] MethodGroupsHelper.sortMethods() took 0 ms.
15:11:06.325 [main] INFO  org.testng.internal.Utils - [Utils] MethodGroupsHelper.collectMethodsByGroup() took 0 ms.
15:11:06.325 [main] INFO  org.testng.internal.Utils - [Utils] MethodGroupsHelper.sortMethods() took 0 ms.
15:11:06.333 [main] INFO  org.testng.internal.Utils - [TestNG] Running:
  D:\Testing\TheCapacity\testCases.xml

15:11:06.344 [main] INFO  org.testng.internal.Utils - [ThreadUtil] Starting executor timeOut:2147483647ms workers:1 threadPoolSize:5
15:11:06.372 [TestNG-tests-1] INFO  org.testng.internal.Utils - [Utils] DynamicGraphHelper.createDynamicGraph() took 6 ms.
15:11:22.829 [main] INFO  org.testng.internal.Utils - [TestNG] Time taken by org.testng.internal.ExitCodeListener@1b835480: 0 ms
15:14:54.560 [main] WARN  org.testng.xml.TestNGContentHandler - It is strongly recommended to add "<!DOCTYPE suite SYSTEM "https://testng.org/testng-1.0.dtd" >" at the top of the suite file [D:\Testing\TheCapacity\testCases.xml] otherwise TestNG may fail or not work as expected.
15:14:54.905 [main] INFO  org.testng.internal.Utils - [Utils] MethodGroupsHelper.collectMethodsByGroup() took 2 ms.
15:14:54.911 [main] INFO  org.testng.internal.Utils - [Utils] MethodGroupsHelper.sortMethods() took 3 ms.
15:14:54.914 [main] INFO  org.testng.internal.Utils - [Utils] MethodGroupsHelper.collectMethodsByGroup() took 0 ms.
15:14:54.914 [main] INFO  org.testng.internal.Utils - [Utils] MethodGroupsHelper.sortMethods() took 0 ms.
15:14:54.915 [main] INFO  org.testng.internal.Utils - [Utils] MethodGroupsHelper.collectMethodsByGroup() took 0 ms.
15:14:54.916 [main] INFO  org.testng.internal.Utils - [Utils] MethodGroupsHelper.sortMethods() took 0 ms.
15:14:54.917 [main] INFO  org.testng.internal.Utils - [Utils] MethodGroupsHelper.collectMethodsByGroup() took 0 ms.
15:14:54.917 [main] INFO  org.testng.internal.Utils - [Utils] MethodGroupsHelper.sortMethods() took 0 ms.
15:14:54.924 [main] INFO  org.testng.internal.Utils - [Utils] MethodGroupsHelper.collectMethodsByGroup() took 4 ms.
15:14:54.947 [main] INFO  org.testng.internal.Utils - [Utils] MethodGroupsHelper.sortMethods() took 22 ms.
15:14:54.949 [main] INFO  org.testng.internal.Utils - [Utils] MethodGroupsHelper.collectMethodsByGroup() took 0 ms.
15:14:54.950 [main] INFO  org.testng.internal.Utils - [Utils] MethodGroupsHelper.sortMethods() took 0 ms.
15:14:54.951 [main] INFO  org.testng.internal.Utils - [Utils] MethodGroupsHelper.collectMethodsByGroup() took 0 ms.
15:14:54.951 [main] INFO  org.testng.internal.Utils - [Utils] MethodGroupsHelper.sortMethods() took 0 ms.
15:14:54.952 [main] INFO  org.testng.internal.Utils - [Utils] MethodGroupsHelper.collectMethodsByGroup() took 0 ms.
15:14:54.953 [main] INFO  org.testng.internal.Utils - [Utils] MethodGroupsHelper.sortMethods() took 0 ms.
15:14:54.957 [main] INFO  org.testng.internal.Utils - [Utils] MethodGroupsHelper.collectMethodsByGroup() took 0 ms.
15:14:54.958 [main] INFO  org.testng.internal.Utils - [Utils] MethodGroupsHelper.sortMethods() took 0 ms.
15:14:54.959 [main] INFO  org.testng.internal.Utils - [Utils] MethodGroupsHelper.collectMethodsByGroup() took 0 ms.
15:14:54.960 [main] INFO  org.testng.internal.Utils - [Utils] MethodGroupsHelper.sortMethods() took 0 ms.
15:14:54.961 [main] INFO  org.testng.internal.Utils - [Utils] MethodGroupsHelper.collectMethodsByGroup() took 0 ms.
15:14:54.962 [main] INFO  org.testng.internal.Utils - [Utils] MethodGroupsHelper.sortMethods() took 0 ms.
15:14:54.962 [main] INFO  org.testng.internal.Utils - [Utils] MethodGroupsHelper.collectMethodsByGroup() took 0 ms.
15:14:54.963 [main] INFO  org.testng.internal.Utils - [Utils] MethodGroupsHelper.sortMethods() took 0 ms.
15:14:54.965 [main] INFO  org.testng.internal.Utils - [Utils] MethodGroupsHelper.collectMethodsByGroup() took 0 ms.
15:14:54.966 [main] INFO  org.testng.internal.Utils - [Utils] MethodGroupsHelper.sortMethods() took 0 ms.
15:14:54.968 [main] INFO  org.testng.internal.Utils - [Utils] MethodGroupsHelper.collectMethodsByGroup() took 0 ms.
15:14:54.969 [main] INFO  org.testng.internal.Utils - [Utils] MethodGroupsHelper.sortMethods() took 0 ms.
15:14:54.969 [main] INFO  org.testng.internal.Utils - [Utils] MethodGroupsHelper.collectMethodsByGroup() took 0 ms.
15:14:54.969 [main] INFO  org.testng.internal.Utils - [Utils] MethodGroupsHelper.sortMethods() took 0 ms.
15:14:54.978 [main] INFO  org.testng.internal.Utils - [TestNG] Running:
  D:\Testing\TheCapacity\testCases.xml

15:14:54.989 [main] INFO  org.testng.internal.Utils - [ThreadUtil] Starting executor timeOut:2147483647ms workers:1 threadPoolSize:5
15:14:55.017 [TestNG-tests-1] INFO  org.testng.internal.Utils - [Utils] DynamicGraphHelper.createDynamicGraph() took 7 ms.
15:15:07.856 [main] INFO  org.testng.internal.Utils - [TestNG] Time taken by org.testng.internal.ExitCodeListener@5b1ebf56: 0 ms
15:53:03.701 [main] WARN  org.testng.xml.TestNGContentHandler - It is strongly recommended to add "<!DOCTYPE suite SYSTEM "https://testng.org/testng-1.0.dtd" >" at the top of the suite file [D:\Testing\TheCapacity\testCases.xml] otherwise TestNG may fail or not work as expected.
15:53:04.086 [main] INFO  org.testng.internal.Utils - [Utils] MethodGroupsHelper.collectMethodsByGroup() took 1 ms.
15:53:04.092 [main] INFO  org.testng.internal.Utils - [Utils] MethodGroupsHelper.sortMethods() took 2 ms.
15:53:04.095 [main] INFO  org.testng.internal.Utils - [Utils] MethodGroupsHelper.collectMethodsByGroup() took 0 ms.
15:53:04.096 [main] INFO  org.testng.internal.Utils - [Utils] MethodGroupsHelper.sortMethods() took 0 ms.
15:53:04.097 [main] INFO  org.testng.internal.Utils - [Utils] MethodGroupsHelper.collectMethodsByGroup() took 0 ms.
15:53:04.097 [main] INFO  org.testng.internal.Utils - [Utils] MethodGroupsHelper.sortMethods() took 0 ms.
15:53:04.099 [main] INFO  org.testng.internal.Utils - [Utils] MethodGroupsHelper.collectMethodsByGroup() took 0 ms.
15:53:04.099 [main] INFO  org.testng.internal.Utils - [Utils] MethodGroupsHelper.sortMethods() took 0 ms.
15:53:04.107 [main] INFO  org.testng.internal.Utils - [Utils] MethodGroupsHelper.collectMethodsByGroup() took 5 ms.
15:53:04.131 [main] INFO  org.testng.internal.Utils - [Utils] MethodGroupsHelper.sortMethods() took 24 ms.
15:53:04.133 [main] INFO  org.testng.internal.Utils - [Utils] MethodGroupsHelper.collectMethodsByGroup() took 0 ms.
15:53:04.134 [main] INFO  org.testng.internal.Utils - [Utils] MethodGroupsHelper.sortMethods() took 0 ms.
15:53:04.135 [main] INFO  org.testng.internal.Utils - [Utils] MethodGroupsHelper.collectMethodsByGroup() took 0 ms.
15:53:04.137 [main] INFO  org.testng.internal.Utils - [Utils] MethodGroupsHelper.sortMethods() took 0 ms.
15:53:04.137 [main] INFO  org.testng.internal.Utils - [Utils] MethodGroupsHelper.collectMethodsByGroup() took 0 ms.
15:53:04.137 [main] INFO  org.testng.internal.Utils - [Utils] MethodGroupsHelper.sortMethods() took 0 ms.
15:53:04.143 [main] INFO  org.testng.internal.Utils - [Utils] MethodGroupsHelper.collectMethodsByGroup() took 0 ms.
15:53:04.143 [main] INFO  org.testng.internal.Utils - [Utils] MethodGroupsHelper.sortMethods() took 0 ms.
15:53:04.144 [main] INFO  org.testng.internal.Utils - [Utils] MethodGroupsHelper.collectMethodsByGroup() took 0 ms.
15:53:04.146 [main] INFO  org.testng.internal.Utils - [Utils] MethodGroupsHelper.sortMethods() took 0 ms.
15:53:04.148 [main] INFO  org.testng.internal.Utils - [Utils] MethodGroupsHelper.collectMethodsByGroup() took 0 ms.
15:53:04.148 [main] INFO  org.testng.internal.Utils - [Utils] MethodGroupsHelper.sortMethods() took 0 ms.
15:53:04.149 [main] INFO  org.testng.internal.Utils - [Utils] MethodGroupsHelper.collectMethodsByGroup() took 0 ms.
15:53:04.149 [main] INFO  org.testng.internal.Utils - [Utils] MethodGroupsHelper.sortMethods() took 0 ms.
15:53:04.152 [main] INFO  org.testng.internal.Utils - [Utils] MethodGroupsHelper.collectMethodsByGroup() took 0 ms.
15:53:04.152 [main] INFO  org.testng.internal.Utils - [Utils] MethodGroupsHelper.sortMethods() took 0 ms.
15:53:04.155 [main] INFO  org.testng.internal.Utils - [Utils] MethodGroupsHelper.collectMethodsByGroup() took 0 ms.
15:53:04.155 [main] INFO  org.testng.internal.Utils - [Utils] MethodGroupsHelper.sortMethods() took 0 ms.
15:53:04.155 [main] INFO  org.testng.internal.Utils - [Utils] MethodGroupsHelper.collectMethodsByGroup() took 0 ms.
15:53:04.155 [main] INFO  org.testng.internal.Utils - [Utils] MethodGroupsHelper.sortMethods() took 0 ms.
15:53:04.163 [main] INFO  org.testng.internal.Utils - [TestNG] Running:
  D:\Testing\TheCapacity\testCases.xml

15:53:04.175 [main] INFO  org.testng.internal.Utils - [ThreadUtil] Starting executor timeOut:2147483647ms workers:1 threadPoolSize:5
15:53:04.207 [TestNG-tests-1] INFO  org.testng.internal.Utils - [Utils] DynamicGraphHelper.createDynamicGraph() took 9 ms.
15:53:14.833 [TestNG-tests-1] INFO  testCases.TC002_LoginTest - ===Starting Testing of Login Page===
15:53:14.896 [TestNG-tests-1] INFO  testCases.TC002_LoginTest - ===Entering email===
15:53:15.204 [TestNG-tests-1] INFO  testCases.TC002_LoginTest - ===Entering password===
15:53:15.546 [TestNG-tests-1] INFO  testCases.TC002_LoginTest - ===Sign in successfully===
15:53:20.238 [main] INFO  org.testng.internal.Utils - [TestNG] Time taken by org.testng.internal.ExitCodeListener@77d67cf3: 0 ms
15:54:33.711 [main] WARN  org.testng.xml.TestNGContentHandler - It is strongly recommended to add "<!DOCTYPE suite SYSTEM "https://testng.org/testng-1.0.dtd" >" at the top of the suite file [D:\Testing\TheCapacity\testCases.xml] otherwise TestNG may fail or not work as expected.
15:54:34.085 [main] INFO  org.testng.internal.Utils - [Utils] MethodGroupsHelper.collectMethodsByGroup() took 0 ms.
15:54:34.091 [main] INFO  org.testng.internal.Utils - [Utils] MethodGroupsHelper.sortMethods() took 2 ms.
15:54:34.094 [main] INFO  org.testng.internal.Utils - [Utils] MethodGroupsHelper.collectMethodsByGroup() took 0 ms.
15:54:34.095 [main] INFO  org.testng.internal.Utils - [Utils] MethodGroupsHelper.sortMethods() took 0 ms.
15:54:34.096 [main] INFO  org.testng.internal.Utils - [Utils] MethodGroupsHelper.collectMethodsByGroup() took 0 ms.
15:54:34.097 [main] INFO  org.testng.internal.Utils - [Utils] MethodGroupsHelper.sortMethods() took 0 ms.
15:54:34.100 [main] INFO  org.testng.internal.Utils - [Utils] MethodGroupsHelper.collectMethodsByGroup() took 0 ms.
15:54:34.100 [main] INFO  org.testng.internal.Utils - [Utils] MethodGroupsHelper.sortMethods() took 0 ms.
15:54:34.108 [main] INFO  org.testng.internal.Utils - [Utils] MethodGroupsHelper.collectMethodsByGroup() took 4 ms.
15:54:34.131 [main] INFO  org.testng.internal.Utils - [Utils] MethodGroupsHelper.sortMethods() took 22 ms.
15:54:34.134 [main] INFO  org.testng.internal.Utils - [Utils] MethodGroupsHelper.collectMethodsByGroup() took 0 ms.
15:54:34.135 [main] INFO  org.testng.internal.Utils - [Utils] MethodGroupsHelper.sortMethods() took 0 ms.
15:54:34.136 [main] INFO  org.testng.internal.Utils - [Utils] MethodGroupsHelper.collectMethodsByGroup() took 0 ms.
15:54:34.137 [main] INFO  org.testng.internal.Utils - [Utils] MethodGroupsHelper.sortMethods() took 0 ms.
15:54:34.138 [main] INFO  org.testng.internal.Utils - [Utils] MethodGroupsHelper.collectMethodsByGroup() took 0 ms.
15:54:34.138 [main] INFO  org.testng.internal.Utils - [Utils] MethodGroupsHelper.sortMethods() took 0 ms.
15:54:34.143 [main] INFO  org.testng.internal.Utils - [Utils] MethodGroupsHelper.collectMethodsByGroup() took 0 ms.
15:54:34.143 [main] INFO  org.testng.internal.Utils - [Utils] MethodGroupsHelper.sortMethods() took 0 ms.
15:54:34.144 [main] INFO  org.testng.internal.Utils - [Utils] MethodGroupsHelper.collectMethodsByGroup() took 0 ms.
15:54:34.144 [main] INFO  org.testng.internal.Utils - [Utils] MethodGroupsHelper.sortMethods() took 0 ms.
15:54:34.146 [main] INFO  org.testng.internal.Utils - [Utils] MethodGroupsHelper.collectMethodsByGroup() took 0 ms.
15:54:34.147 [main] INFO  org.testng.internal.Utils - [Utils] MethodGroupsHelper.sortMethods() took 0 ms.
15:54:34.147 [main] INFO  org.testng.internal.Utils - [Utils] MethodGroupsHelper.collectMethodsByGroup() took 0 ms.
15:54:34.148 [main] INFO  org.testng.internal.Utils - [Utils] MethodGroupsHelper.sortMethods() took 0 ms.
15:54:34.150 [main] INFO  org.testng.internal.Utils - [Utils] MethodGroupsHelper.collectMethodsByGroup() took 0 ms.
15:54:34.151 [main] INFO  org.testng.internal.Utils - [Utils] MethodGroupsHelper.sortMethods() took 0 ms.
15:54:34.153 [main] INFO  org.testng.internal.Utils - [Utils] MethodGroupsHelper.collectMethodsByGroup() took 0 ms.
15:54:34.153 [main] INFO  org.testng.internal.Utils - [Utils] MethodGroupsHelper.sortMethods() took 0 ms.
15:54:34.154 [main] INFO  org.testng.internal.Utils - [Utils] MethodGroupsHelper.collectMethodsByGroup() took 0 ms.
15:54:34.154 [main] INFO  org.testng.internal.Utils - [Utils] MethodGroupsHelper.sortMethods() took 0 ms.
15:54:34.163 [main] INFO  org.testng.internal.Utils - [TestNG] Running:
  D:\Testing\TheCapacity\testCases.xml

15:54:34.173 [main] INFO  org.testng.internal.Utils - [ThreadUtil] Starting executor timeOut:2147483647ms workers:1 threadPoolSize:5
15:54:34.203 [TestNG-tests-1] INFO  org.testng.internal.Utils - [Utils] DynamicGraphHelper.createDynamicGraph() took 7 ms.
15:54:41.908 [TestNG-tests-1] INFO  testCases.TC002_LoginTest - ===Starting Testing of Login Page===
15:54:41.981 [TestNG-tests-1] INFO  testCases.TC002_LoginTest - ===Entering email===
15:54:42.263 [TestNG-tests-1] INFO  testCases.TC002_LoginTest - ===Entering password===
15:54:42.577 [TestNG-tests-1] INFO  testCases.TC002_LoginTest - ===Sign in successfully===
15:55:13.165 [main] INFO  org.testng.internal.Utils - [TestNG] Time taken by org.testng.internal.ExitCodeListener@1a6c1270: 0 ms
19:34:47.761 [main] WARN  org.testng.xml.TestNGContentHandler - It is strongly recommended to add "<!DOCTYPE suite SYSTEM "https://testng.org/testng-1.0.dtd" >" at the top of the suite file [D:\Testing\TheCapacity\testCases.xml] otherwise TestNG may fail or not work as expected.
19:34:48.304 [main] INFO  org.testng.internal.Utils - [Utils] MethodGroupsHelper.collectMethodsByGroup() took 2 ms.
19:34:48.315 [main] INFO  org.testng.internal.Utils - [Utils] MethodGroupsHelper.sortMethods() took 4 ms.
19:34:48.319 [main] INFO  org.testng.internal.Utils - [Utils] MethodGroupsHelper.collectMethodsByGroup() took 0 ms.
19:34:48.320 [main] INFO  org.testng.internal.Utils - [Utils] MethodGroupsHelper.sortMethods() took 0 ms.
19:34:48.322 [main] INFO  org.testng.internal.Utils - [Utils] MethodGroupsHelper.collectMethodsByGroup() took 0 ms.
19:34:48.322 [main] INFO  org.testng.internal.Utils - [Utils] MethodGroupsHelper.sortMethods() took 0 ms.
19:34:48.324 [main] INFO  org.testng.internal.Utils - [Utils] MethodGroupsHelper.collectMethodsByGroup() took 0 ms.
19:34:48.324 [main] INFO  org.testng.internal.Utils - [Utils] MethodGroupsHelper.sortMethods() took 0 ms.
19:34:48.334 [main] INFO  org.testng.internal.Utils - [Utils] MethodGroupsHelper.collectMethodsByGroup() took 7 ms.
19:34:48.362 [main] INFO  org.testng.internal.Utils - [Utils] MethodGroupsHelper.sortMethods() took 27 ms.
19:34:48.364 [main] INFO  org.testng.internal.Utils - [Utils] MethodGroupsHelper.collectMethodsByGroup() took 0 ms.
19:34:48.365 [main] INFO  org.testng.internal.Utils - [Utils] MethodGroupsHelper.sortMethods() took 0 ms.
19:34:48.367 [main] INFO  org.testng.internal.Utils - [Utils] MethodGroupsHelper.collectMethodsByGroup() took 0 ms.
19:34:48.368 [main] INFO  org.testng.internal.Utils - [Utils] MethodGroupsHelper.sortMethods() took 0 ms.
19:34:48.369 [main] INFO  org.testng.internal.Utils - [Utils] MethodGroupsHelper.collectMethodsByGroup() took 0 ms.
19:34:48.369 [main] INFO  org.testng.internal.Utils - [Utils] MethodGroupsHelper.sortMethods() took 0 ms.
19:34:48.378 [main] INFO  org.testng.internal.Utils - [Utils] MethodGroupsHelper.collectMethodsByGroup() took 0 ms.
19:34:48.379 [main] INFO  org.testng.internal.Utils - [Utils] MethodGroupsHelper.sortMethods() took 0 ms.
19:34:48.381 [main] INFO  org.testng.internal.Utils - [Utils] MethodGroupsHelper.collectMethodsByGroup() took 0 ms.
19:34:48.381 [main] INFO  org.testng.internal.Utils - [Utils] MethodGroupsHelper.sortMethods() took 0 ms.
19:34:48.384 [main] INFO  org.testng.internal.Utils - [Utils] MethodGroupsHelper.collectMethodsByGroup() took 0 ms.
19:34:48.384 [main] INFO  org.testng.internal.Utils - [Utils] MethodGroupsHelper.sortMethods() took 0 ms.
19:34:48.385 [main] INFO  org.testng.internal.Utils - [Utils] MethodGroupsHelper.collectMethodsByGroup() took 0 ms.
19:34:48.388 [main] INFO  org.testng.internal.Utils - [Utils] MethodGroupsHelper.sortMethods() took 0 ms.
19:34:48.393 [main] INFO  org.testng.internal.Utils - [Utils] MethodGroupsHelper.collectMethodsByGroup() took 0 ms.
19:34:48.395 [main] INFO  org.testng.internal.Utils - [Utils] MethodGroupsHelper.sortMethods() took 0 ms.
19:34:48.398 [main] INFO  org.testng.internal.Utils - [Utils] MethodGroupsHelper.collectMethodsByGroup() took 0 ms.
19:34:48.399 [main] INFO  org.testng.internal.Utils - [Utils] MethodGroupsHelper.sortMethods() took 0 ms.
19:34:48.399 [main] INFO  org.testng.internal.Utils - [Utils] MethodGroupsHelper.collectMethodsByGroup() took 0 ms.
19:34:48.400 [main] INFO  org.testng.internal.Utils - [Utils] MethodGroupsHelper.sortMethods() took 0 ms.
19:34:48.410 [main] INFO  org.testng.internal.Utils - [TestNG] Running:
  D:\Testing\TheCapacity\testCases.xml

19:34:48.432 [main] INFO  org.testng.internal.Utils - [ThreadUtil] Starting executor timeOut:2147483647ms workers:1 threadPoolSize:5
19:34:48.482 [TestNG-tests-1] INFO  org.testng.internal.Utils - [Utils] DynamicGraphHelper.createDynamicGraph() took 18 ms.
19:35:05.106 [main] INFO  org.testng.internal.Utils - [TestNG] Time taken by org.testng.internal.ExitCodeListener@77258e59: 0 ms
19:38:07.524 [main] WARN  org.testng.xml.TestNGContentHandler - It is strongly recommended to add "<!DOCTYPE suite SYSTEM "https://testng.org/testng-1.0.dtd" >" at the top of the suite file [D:\Testing\TheCapacity\testCases.xml] otherwise TestNG may fail or not work as expected.
19:38:07.909 [main] INFO  org.testng.internal.Utils - [Utils] MethodGroupsHelper.collectMethodsByGroup() took 2 ms.
19:38:07.919 [main] INFO  org.testng.internal.Utils - [Utils] MethodGroupsHelper.sortMethods() took 2 ms.
19:38:07.924 [main] INFO  org.testng.internal.Utils - [Utils] MethodGroupsHelper.collectMethodsByGroup() took 0 ms.
19:38:07.924 [main] INFO  org.testng.internal.Utils - [Utils] MethodGroupsHelper.sortMethods() took 0 ms.
19:38:07.926 [main] INFO  org.testng.internal.Utils - [Utils] MethodGroupsHelper.collectMethodsByGroup() took 0 ms.
19:38:07.927 [main] INFO  org.testng.internal.Utils - [Utils] MethodGroupsHelper.sortMethods() took 0 ms.
19:38:07.928 [main] INFO  org.testng.internal.Utils - [Utils] MethodGroupsHelper.collectMethodsByGroup() took 0 ms.
19:38:07.929 [main] INFO  org.testng.internal.Utils - [Utils] MethodGroupsHelper.sortMethods() took 0 ms.
19:38:07.940 [main] INFO  org.testng.internal.Utils - [Utils] MethodGroupsHelper.collectMethodsByGroup() took 6 ms.
19:38:07.965 [main] INFO  org.testng.internal.Utils - [Utils] MethodGroupsHelper.sortMethods() took 24 ms.
19:38:07.968 [main] INFO  org.testng.internal.Utils - [Utils] MethodGroupsHelper.collectMethodsByGroup() took 0 ms.
19:38:07.969 [main] INFO  org.testng.internal.Utils - [Utils] MethodGroupsHelper.sortMethods() took 1 ms.
19:38:07.970 [main] INFO  org.testng.internal.Utils - [Utils] MethodGroupsHelper.collectMethodsByGroup() took 0 ms.
19:38:07.971 [main] INFO  org.testng.internal.Utils - [Utils] MethodGroupsHelper.sortMethods() took 0 ms.
19:38:07.971 [main] INFO  org.testng.internal.Utils - [Utils] MethodGroupsHelper.collectMethodsByGroup() took 0 ms.
19:38:07.972 [main] INFO  org.testng.internal.Utils - [Utils] MethodGroupsHelper.sortMethods() took 0 ms.
19:38:07.977 [main] INFO  org.testng.internal.Utils - [Utils] MethodGroupsHelper.collectMethodsByGroup() took 0 ms.
19:38:07.977 [main] INFO  org.testng.internal.Utils - [Utils] MethodGroupsHelper.sortMethods() took 0 ms.
19:38:07.978 [main] INFO  org.testng.internal.Utils - [Utils] MethodGroupsHelper.collectMethodsByGroup() took 0 ms.
19:38:07.979 [main] INFO  org.testng.internal.Utils - [Utils] MethodGroupsHelper.sortMethods() took 0 ms.
19:38:07.981 [main] INFO  org.testng.internal.Utils - [Utils] MethodGroupsHelper.collectMethodsByGroup() took 0 ms.
19:38:07.981 [main] INFO  org.testng.internal.Utils - [Utils] MethodGroupsHelper.sortMethods() took 0 ms.
19:38:07.981 [main] INFO  org.testng.internal.Utils - [Utils] MethodGroupsHelper.collectMethodsByGroup() took 0 ms.
19:38:07.982 [main] INFO  org.testng.internal.Utils - [Utils] MethodGroupsHelper.sortMethods() took 0 ms.
19:38:07.984 [main] INFO  org.testng.internal.Utils - [Utils] MethodGroupsHelper.collectMethodsByGroup() took 0 ms.
19:38:07.984 [main] INFO  org.testng.internal.Utils - [Utils] MethodGroupsHelper.sortMethods() took 0 ms.
19:38:07.986 [main] INFO  org.testng.internal.Utils - [Utils] MethodGroupsHelper.collectMethodsByGroup() took 0 ms.
19:38:07.987 [main] INFO  org.testng.internal.Utils - [Utils] MethodGroupsHelper.sortMethods() took 0 ms.
19:38:07.987 [main] INFO  org.testng.internal.Utils - [Utils] MethodGroupsHelper.collectMethodsByGroup() took 0 ms.
19:38:07.987 [main] INFO  org.testng.internal.Utils - [Utils] MethodGroupsHelper.sortMethods() took 0 ms.
19:38:07.995 [main] INFO  org.testng.internal.Utils - [TestNG] Running:
  D:\Testing\TheCapacity\testCases.xml

19:38:08.009 [main] INFO  org.testng.internal.Utils - [ThreadUtil] Starting executor timeOut:2147483647ms workers:1 threadPoolSize:5
19:38:08.035 [TestNG-tests-1] INFO  org.testng.internal.Utils - [Utils] DynamicGraphHelper.createDynamicGraph() took 6 ms.
19:38:21.912 [main] INFO  org.testng.internal.Utils - [TestNG] Time taken by org.testng.internal.ExitCodeListener@38831718: 0 ms
19:40:00.704 [main] WARN  org.testng.xml.TestNGContentHandler - It is strongly recommended to add "<!DOCTYPE suite SYSTEM "https://testng.org/testng-1.0.dtd" >" at the top of the suite file [D:\Testing\TheCapacity\testCases.xml] otherwise TestNG may fail or not work as expected.
19:40:01.086 [main] INFO  org.testng.internal.Utils - [Utils] MethodGroupsHelper.collectMethodsByGroup() took 2 ms.
19:40:01.092 [main] INFO  org.testng.internal.Utils - [Utils] MethodGroupsHelper.sortMethods() took 2 ms.
19:40:01.095 [main] INFO  org.testng.internal.Utils - [Utils] MethodGroupsHelper.collectMethodsByGroup() took 0 ms.
19:40:01.095 [main] INFO  org.testng.internal.Utils - [Utils] MethodGroupsHelper.sortMethods() took 0 ms.
19:40:01.097 [main] INFO  org.testng.internal.Utils - [Utils] MethodGroupsHelper.collectMethodsByGroup() took 0 ms.
19:40:01.097 [main] INFO  org.testng.internal.Utils - [Utils] MethodGroupsHelper.sortMethods() took 0 ms.
19:40:01.099 [main] INFO  org.testng.internal.Utils - [Utils] MethodGroupsHelper.collectMethodsByGroup() took 0 ms.
19:40:01.099 [main] INFO  org.testng.internal.Utils - [Utils] MethodGroupsHelper.sortMethods() took 0 ms.
19:40:01.106 [main] INFO  org.testng.internal.Utils - [Utils] MethodGroupsHelper.collectMethodsByGroup() took 4 ms.
19:40:01.130 [main] INFO  org.testng.internal.Utils - [Utils] MethodGroupsHelper.sortMethods() took 23 ms.
19:40:01.133 [main] INFO  org.testng.internal.Utils - [Utils] MethodGroupsHelper.collectMethodsByGroup() took 0 ms.
19:40:01.134 [main] INFO  org.testng.internal.Utils - [Utils] MethodGroupsHelper.sortMethods() took 1 ms.
19:40:01.136 [main] INFO  org.testng.internal.Utils - [Utils] MethodGroupsHelper.collectMethodsByGroup() took 0 ms.
19:40:01.136 [main] INFO  org.testng.internal.Utils - [Utils] MethodGroupsHelper.sortMethods() took 0 ms.
19:40:01.137 [main] INFO  org.testng.internal.Utils - [Utils] MethodGroupsHelper.collectMethodsByGroup() took 0 ms.
19:40:01.137 [main] INFO  org.testng.internal.Utils - [Utils] MethodGroupsHelper.sortMethods() took 0 ms.
19:40:01.145 [main] INFO  org.testng.internal.Utils - [Utils] MethodGroupsHelper.collectMethodsByGroup() took 0 ms.
19:40:01.146 [main] INFO  org.testng.internal.Utils - [Utils] MethodGroupsHelper.sortMethods() took 0 ms.
19:40:01.147 [main] INFO  org.testng.internal.Utils - [Utils] MethodGroupsHelper.collectMethodsByGroup() took 0 ms.
19:40:01.147 [main] INFO  org.testng.internal.Utils - [Utils] MethodGroupsHelper.sortMethods() took 0 ms.
19:40:01.150 [main] INFO  org.testng.internal.Utils - [Utils] MethodGroupsHelper.collectMethodsByGroup() took 0 ms.
19:40:01.151 [main] INFO  org.testng.internal.Utils - [Utils] MethodGroupsHelper.sortMethods() took 0 ms.
19:40:01.151 [main] INFO  org.testng.internal.Utils - [Utils] MethodGroupsHelper.collectMethodsByGroup() took 0 ms.
19:40:01.152 [main] INFO  org.testng.internal.Utils - [Utils] MethodGroupsHelper.sortMethods() took 0 ms.
19:40:01.154 [main] INFO  org.testng.internal.Utils - [Utils] MethodGroupsHelper.collectMethodsByGroup() took 1 ms.
19:40:01.155 [main] INFO  org.testng.internal.Utils - [Utils] MethodGroupsHelper.sortMethods() took 0 ms.
19:40:01.157 [main] INFO  org.testng.internal.Utils - [Utils] MethodGroupsHelper.collectMethodsByGroup() took 0 ms.
19:40:01.157 [main] INFO  org.testng.internal.Utils - [Utils] MethodGroupsHelper.sortMethods() took 0 ms.
19:40:01.157 [main] INFO  org.testng.internal.Utils - [Utils] MethodGroupsHelper.collectMethodsByGroup() took 0 ms.
19:40:01.157 [main] INFO  org.testng.internal.Utils - [Utils] MethodGroupsHelper.sortMethods() took 0 ms.
19:40:01.165 [main] INFO  org.testng.internal.Utils - [TestNG] Running:
  D:\Testing\TheCapacity\testCases.xml

19:40:01.177 [main] INFO  org.testng.internal.Utils - [ThreadUtil] Starting executor timeOut:2147483647ms workers:1 threadPoolSize:5
19:40:01.204 [TestNG-tests-1] INFO  org.testng.internal.Utils - [Utils] DynamicGraphHelper.createDynamicGraph() took 7 ms.
19:40:11.158 [TestNG-tests-1] INFO  testCases.TC003_LoginPageDDT - ===Starting Testing of Login Page===
19:40:11.200 [TestNG-tests-1] INFO  testCases.TC003_LoginPageDDT - ===Entering email===
19:40:11.536 [TestNG-tests-1] INFO  testCases.TC003_LoginPageDDT - ===Entering password===
19:40:15.469 [TestNG-tests-1] INFO  testCases.TC003_LoginPageDDT - ===Finished Testing of Login Page===
19:40:15.475 [TestNG-tests-1] INFO  testCases.TC003_LoginPageDDT - ===Starting Testing of Login Page===
19:40:15.476 [TestNG-tests-1] INFO  testCases.TC003_LoginPageDDT - ===Entering email===
19:40:30.564 [TestNG-tests-1] INFO  testCases.TC003_LoginPageDDT - ===Starting Testing of Login Page===
19:40:30.567 [TestNG-tests-1] INFO  testCases.TC003_LoginPageDDT - ===Entering email===
19:40:45.684 [TestNG-tests-1] INFO  testCases.TC003_LoginPageDDT - ===Starting Testing of Login Page===
19:40:45.686 [TestNG-tests-1] INFO  testCases.TC003_LoginPageDDT - ===Entering email===
19:41:00.745 [TestNG-tests-1] INFO  testCases.TC003_LoginPageDDT - ===Starting Testing of Login Page===
19:41:00.746 [TestNG-tests-1] INFO  testCases.TC003_LoginPageDDT - ===Entering email===
19:41:16.259 [main] INFO  org.testng.internal.Utils - [TestNG] Time taken by org.testng.internal.ExitCodeListener@797cf65c: 0 ms
19:55:30.245 [main] WARN  org.testng.xml.TestNGContentHandler - It is strongly recommended to add "<!DOCTYPE suite SYSTEM "https://testng.org/testng-1.0.dtd" >" at the top of the suite file [D:\Testing\TheCapacity\testCases.xml] otherwise TestNG may fail or not work as expected.
19:55:31.673 [main] INFO  org.testng.internal.Utils - [Utils] MethodGroupsHelper.collectMethodsByGroup() took 1 ms.
19:55:31.681 [main] INFO  org.testng.internal.Utils - [Utils] MethodGroupsHelper.sortMethods() took 2 ms.
19:55:31.689 [main] INFO  org.testng.internal.Utils - [Utils] MethodGroupsHelper.collectMethodsByGroup() took 0 ms.
19:55:31.690 [main] INFO  org.testng.internal.Utils - [Utils] MethodGroupsHelper.sortMethods() took 0 ms.
19:55:31.700 [main] INFO  org.testng.internal.Utils - [Utils] MethodGroupsHelper.collectMethodsByGroup() took 0 ms.
19:55:31.701 [main] INFO  org.testng.internal.Utils - [Utils] MethodGroupsHelper.sortMethods() took 0 ms.
19:55:31.702 [main] INFO  org.testng.internal.Utils - [Utils] MethodGroupsHelper.collectMethodsByGroup() took 0 ms.
19:55:31.702 [main] INFO  org.testng.internal.Utils - [Utils] MethodGroupsHelper.sortMethods() took 0 ms.
19:55:31.734 [main] INFO  org.testng.internal.Utils - [Utils] MethodGroupsHelper.collectMethodsByGroup() took 18 ms.
19:55:31.773 [main] INFO  org.testng.internal.Utils - [Utils] MethodGroupsHelper.sortMethods() took 37 ms.
19:55:31.777 [main] INFO  org.testng.internal.Utils - [Utils] MethodGroupsHelper.collectMethodsByGroup() took 0 ms.
19:55:31.778 [main] INFO  org.testng.internal.Utils - [Utils] MethodGroupsHelper.sortMethods() took 0 ms.
19:55:31.780 [main] INFO  org.testng.internal.Utils - [Utils] MethodGroupsHelper.collectMethodsByGroup() took 0 ms.
19:55:31.781 [main] INFO  org.testng.internal.Utils - [Utils] MethodGroupsHelper.sortMethods() took 0 ms.
19:55:31.782 [main] INFO  org.testng.internal.Utils - [Utils] MethodGroupsHelper.collectMethodsByGroup() took 0 ms.
19:55:31.783 [main] INFO  org.testng.internal.Utils - [Utils] MethodGroupsHelper.sortMethods() took 0 ms.
19:55:31.788 [main] INFO  org.testng.internal.Utils - [Utils] MethodGroupsHelper.collectMethodsByGroup() took 0 ms.
19:55:31.789 [main] INFO  org.testng.internal.Utils - [Utils] MethodGroupsHelper.sortMethods() took 0 ms.
19:55:31.790 [main] INFO  org.testng.internal.Utils - [Utils] MethodGroupsHelper.collectMethodsByGroup() took 0 ms.
19:55:31.790 [main] INFO  org.testng.internal.Utils - [Utils] MethodGroupsHelper.sortMethods() took 0 ms.
19:55:31.794 [main] INFO  org.testng.internal.Utils - [Utils] MethodGroupsHelper.collectMethodsByGroup() took 0 ms.
19:55:31.795 [main] INFO  org.testng.internal.Utils - [Utils] MethodGroupsHelper.sortMethods() took 0 ms.
19:55:31.796 [main] INFO  org.testng.internal.Utils - [Utils] MethodGroupsHelper.collectMethodsByGroup() took 0 ms.
19:55:31.797 [main] INFO  org.testng.internal.Utils - [Utils] MethodGroupsHelper.sortMethods() took 0 ms.
19:55:31.799 [main] INFO  org.testng.internal.Utils - [Utils] MethodGroupsHelper.collectMethodsByGroup() took 0 ms.
19:55:31.800 [main] INFO  org.testng.internal.Utils - [Utils] MethodGroupsHelper.sortMethods() took 0 ms.
19:55:31.803 [main] INFO  org.testng.internal.Utils - [Utils] MethodGroupsHelper.collectMethodsByGroup() took 0 ms.
19:55:31.804 [main] INFO  org.testng.internal.Utils - [Utils] MethodGroupsHelper.sortMethods() took 0 ms.
19:55:31.804 [main] INFO  org.testng.internal.Utils - [Utils] MethodGroupsHelper.collectMethodsByGroup() took 0 ms.
19:55:31.804 [main] INFO  org.testng.internal.Utils - [Utils] MethodGroupsHelper.sortMethods() took 0 ms.
19:55:31.816 [main] INFO  org.testng.internal.Utils - [TestNG] Running:
  D:\Testing\TheCapacity\testCases.xml

19:55:31.835 [main] INFO  org.testng.internal.Utils - [ThreadUtil] Starting executor timeOut:2147483647ms workers:1 threadPoolSize:5
19:55:31.894 [TestNG-tests-1] INFO  org.testng.internal.Utils - [Utils] DynamicGraphHelper.createDynamicGraph() took 15 ms.
19:55:42.407 [TestNG-tests-1] INFO  testCases.TC003_LoginPageDDT - ===Starting Testing of Login Page===
19:55:42.456 [TestNG-tests-1] INFO  testCases.TC003_LoginPageDDT - ===Entering email===
19:55:42.960 [TestNG-tests-1] INFO  testCases.TC003_LoginPageDDT - ===Entering password===
19:55:48.391 [TestNG-tests-1] INFO  testCases.TC003_LoginPageDDT - ===Finished Testing of Login Page===
19:55:48.401 [TestNG-tests-1] INFO  testCases.TC003_LoginPageDDT - ===Starting Testing of Login Page===
19:55:48.403 [TestNG-tests-1] INFO  testCases.TC003_LoginPageDDT - ===Entering email===
19:55:49.584 [TestNG-tests-1] INFO  testCases.TC003_LoginPageDDT - ===Entering password===
19:56:20.008 [TestNG-tests-1] INFO  testCases.TC003_LoginPageDDT - ===Finished Testing of Login Page===
19:56:20.017 [TestNG-tests-1] INFO  testCases.TC003_LoginPageDDT - ===Starting Testing of Login Page===
19:56:20.021 [TestNG-tests-1] INFO  testCases.TC003_LoginPageDDT - ===Entering email===
19:56:20.531 [TestNG-tests-1] INFO  testCases.TC003_LoginPageDDT - ===Entering password===
19:56:36.124 [TestNG-tests-1] INFO  testCases.TC003_LoginPageDDT - ===Starting Testing of Login Page===
19:56:36.125 [TestNG-tests-1] INFO  testCases.TC003_LoginPageDDT - ===Entering email===
19:56:36.162 [TestNG-tests-1] INFO  testCases.TC003_LoginPageDDT - ===Starting Testing of Login Page===
19:56:36.163 [TestNG-tests-1] INFO  testCases.TC003_LoginPageDDT - ===Entering email===
19:56:36.220 [main] INFO  org.testng.internal.Utils - [TestNG] Time taken by org.testng.internal.ExitCodeListener@31bcf236: 0 ms
20:00:50.829 [main] WARN  org.testng.xml.TestNGContentHandler - It is strongly recommended to add "<!DOCTYPE suite SYSTEM "https://testng.org/testng-1.0.dtd" >" at the top of the suite file [D:\Testing\TheCapacity\testCases.xml] otherwise TestNG may fail or not work as expected.
20:00:51.206 [main] INFO  org.testng.internal.Utils - [Utils] MethodGroupsHelper.collectMethodsByGroup() took 0 ms.
20:00:51.211 [main] INFO  org.testng.internal.Utils - [Utils] MethodGroupsHelper.sortMethods() took 2 ms.
20:00:51.214 [main] INFO  org.testng.internal.Utils - [Utils] MethodGroupsHelper.collectMethodsByGroup() took 0 ms.
20:00:51.214 [main] INFO  org.testng.internal.Utils - [Utils] MethodGroupsHelper.sortMethods() took 0 ms.
20:00:51.215 [main] INFO  org.testng.internal.Utils - [Utils] MethodGroupsHelper.collectMethodsByGroup() took 0 ms.
20:00:51.216 [main] INFO  org.testng.internal.Utils - [Utils] MethodGroupsHelper.sortMethods() took 0 ms.
20:00:51.217 [main] INFO  org.testng.internal.Utils - [Utils] MethodGroupsHelper.collectMethodsByGroup() took 0 ms.
20:00:51.218 [main] INFO  org.testng.internal.Utils - [Utils] MethodGroupsHelper.sortMethods() took 0 ms.
20:00:51.225 [main] INFO  org.testng.internal.Utils - [Utils] MethodGroupsHelper.collectMethodsByGroup() took 4 ms.
20:00:51.249 [main] INFO  org.testng.internal.Utils - [Utils] MethodGroupsHelper.sortMethods() took 21 ms.
20:00:51.251 [main] INFO  org.testng.internal.Utils - [Utils] MethodGroupsHelper.collectMethodsByGroup() took 0 ms.
20:00:51.253 [main] INFO  org.testng.internal.Utils - [Utils] MethodGroupsHelper.sortMethods() took 0 ms.
20:00:51.255 [main] INFO  org.testng.internal.Utils - [Utils] MethodGroupsHelper.collectMethodsByGroup() took 0 ms.
20:00:51.255 [main] INFO  org.testng.internal.Utils - [Utils] MethodGroupsHelper.sortMethods() took 0 ms.
20:00:51.255 [main] INFO  org.testng.internal.Utils - [Utils] MethodGroupsHelper.collectMethodsByGroup() took 0 ms.
20:00:51.256 [main] INFO  org.testng.internal.Utils - [Utils] MethodGroupsHelper.sortMethods() took 0 ms.
20:00:51.261 [main] INFO  org.testng.internal.Utils - [Utils] MethodGroupsHelper.collectMethodsByGroup() took 0 ms.
20:00:51.261 [main] INFO  org.testng.internal.Utils - [Utils] MethodGroupsHelper.sortMethods() took 0 ms.
20:00:51.263 [main] INFO  org.testng.internal.Utils - [Utils] MethodGroupsHelper.collectMethodsByGroup() took 0 ms.
20:00:51.263 [main] INFO  org.testng.internal.Utils - [Utils] MethodGroupsHelper.sortMethods() took 0 ms.
20:00:51.265 [main] INFO  org.testng.internal.Utils - [Utils] MethodGroupsHelper.collectMethodsByGroup() took 0 ms.
20:00:51.265 [main] INFO  org.testng.internal.Utils - [Utils] MethodGroupsHelper.sortMethods() took 0 ms.
20:00:51.265 [main] INFO  org.testng.internal.Utils - [Utils] MethodGroupsHelper.collectMethodsByGroup() took 0 ms.
20:00:51.266 [main] INFO  org.testng.internal.Utils - [Utils] MethodGroupsHelper.sortMethods() took 0 ms.
20:00:51.267 [main] INFO  org.testng.internal.Utils - [Utils] MethodGroupsHelper.collectMethodsByGroup() took 0 ms.
20:00:51.268 [main] INFO  org.testng.internal.Utils - [Utils] MethodGroupsHelper.sortMethods() took 0 ms.
20:00:51.271 [main] INFO  org.testng.internal.Utils - [Utils] MethodGroupsHelper.collectMethodsByGroup() took 0 ms.
20:00:51.272 [main] INFO  org.testng.internal.Utils - [Utils] MethodGroupsHelper.sortMethods() took 0 ms.
20:00:51.272 [main] INFO  org.testng.internal.Utils - [Utils] MethodGroupsHelper.collectMethodsByGroup() took 0 ms.
20:00:51.272 [main] INFO  org.testng.internal.Utils - [Utils] MethodGroupsHelper.sortMethods() took 0 ms.
20:00:51.280 [main] INFO  org.testng.internal.Utils - [TestNG] Running:
  D:\Testing\TheCapacity\testCases.xml

20:00:51.292 [main] INFO  org.testng.internal.Utils - [ThreadUtil] Starting executor timeOut:2147483647ms workers:1 threadPoolSize:5
20:00:51.321 [TestNG-tests-1] INFO  org.testng.internal.Utils - [Utils] DynamicGraphHelper.createDynamicGraph() took 7 ms.
20:01:03.916 [TestNG-tests-1] INFO  testCases.TC003_LoginPageDDT - ===Starting Testing of Login Page===
20:01:03.986 [TestNG-tests-1] INFO  testCases.TC003_LoginPageDDT - ===Entering email===
20:01:04.728 [TestNG-tests-1] INFO  testCases.TC003_LoginPageDDT - ===Entering password===
20:01:11.490 [TestNG-tests-1] INFO  testCases.TC003_LoginPageDDT - ===Finished Testing of Login Page===
20:01:11.502 [TestNG-tests-1] INFO  testCases.TC003_LoginPageDDT - ===Starting Testing of Login Page===
20:01:11.504 [TestNG-tests-1] INFO  testCases.TC003_LoginPageDDT - ===Entering email===
20:01:12.292 [TestNG-tests-1] INFO  testCases.TC003_LoginPageDDT - ===Entering password===
20:01:43.257 [TestNG-tests-1] INFO  testCases.TC003_LoginPageDDT - ===Finished Testing of Login Page===
20:01:43.262 [TestNG-tests-1] INFO  testCases.TC003_LoginPageDDT - ===Starting Testing of Login Page===
20:01:43.265 [TestNG-tests-1] INFO  testCases.TC003_LoginPageDDT - ===Entering email===
20:01:43.578 [TestNG-tests-1] INFO  testCases.TC003_LoginPageDDT - ===Entering password===
20:02:14.541 [TestNG-tests-1] INFO  testCases.TC003_LoginPageDDT - ===Starting Testing of Login Page===
20:02:14.542 [TestNG-tests-1] INFO  testCases.TC003_LoginPageDDT - ===Entering email===
20:02:14.918 [TestNG-tests-1] INFO  testCases.TC003_LoginPageDDT - ===Entering password===
20:02:17.636 [TestNG-tests-1] INFO  testCases.TC003_LoginPageDDT - ===Finished Testing of Login Page===
20:02:17.639 [TestNG-tests-1] INFO  testCases.TC003_LoginPageDDT - ===Starting Testing of Login Page===
20:02:17.648 [TestNG-tests-1] INFO  testCases.TC003_LoginPageDDT - ===Entering email===
20:02:33.520 [main] INFO  org.testng.internal.Utils - [TestNG] Time taken by org.testng.internal.ExitCodeListener@176b3f44: 0 ms
20:11:44.021 [main] WARN  org.testng.xml.TestNGContentHandler - It is strongly recommended to add "<!DOCTYPE suite SYSTEM "https://testng.org/testng-1.0.dtd" >" at the top of the suite file [D:\Testing\TheCapacity\testCases.xml] otherwise TestNG may fail or not work as expected.
20:11:44.415 [main] INFO  org.testng.internal.Utils - [Utils] MethodGroupsHelper.collectMethodsByGroup() took 0 ms.
20:11:44.421 [main] INFO  org.testng.internal.Utils - [Utils] MethodGroupsHelper.sortMethods() took 2 ms.
20:11:44.424 [main] INFO  org.testng.internal.Utils - [Utils] MethodGroupsHelper.collectMethodsByGroup() took 0 ms.
20:11:44.424 [main] INFO  org.testng.internal.Utils - [Utils] MethodGroupsHelper.sortMethods() took 0 ms.
20:11:44.426 [main] INFO  org.testng.internal.Utils - [Utils] MethodGroupsHelper.collectMethodsByGroup() took 0 ms.
20:11:44.426 [main] INFO  org.testng.internal.Utils - [Utils] MethodGroupsHelper.sortMethods() took 0 ms.
20:11:44.428 [main] INFO  org.testng.internal.Utils - [Utils] MethodGroupsHelper.collectMethodsByGroup() took 0 ms.
20:11:44.428 [main] INFO  org.testng.internal.Utils - [Utils] MethodGroupsHelper.sortMethods() took 0 ms.
20:11:44.434 [main] INFO  org.testng.internal.Utils - [Utils] MethodGroupsHelper.collectMethodsByGroup() took 3 ms.
20:11:44.456 [main] INFO  org.testng.internal.Utils - [Utils] MethodGroupsHelper.sortMethods() took 21 ms.
20:11:44.459 [main] INFO  org.testng.internal.Utils - [Utils] MethodGroupsHelper.collectMethodsByGroup() took 0 ms.
20:11:44.460 [main] INFO  org.testng.internal.Utils - [Utils] MethodGroupsHelper.sortMethods() took 0 ms.
20:11:44.462 [main] INFO  org.testng.internal.Utils - [Utils] MethodGroupsHelper.collectMethodsByGroup() took 0 ms.
20:11:44.462 [main] INFO  org.testng.internal.Utils - [Utils] MethodGroupsHelper.sortMethods() took 0 ms.
20:11:44.463 [main] INFO  org.testng.internal.Utils - [Utils] MethodGroupsHelper.collectMethodsByGroup() took 0 ms.
20:11:44.463 [main] INFO  org.testng.internal.Utils - [Utils] MethodGroupsHelper.sortMethods() took 0 ms.
20:11:44.468 [main] INFO  org.testng.internal.Utils - [Utils] MethodGroupsHelper.collectMethodsByGroup() took 0 ms.
20:11:44.469 [main] INFO  org.testng.internal.Utils - [Utils] MethodGroupsHelper.sortMethods() took 0 ms.
20:11:44.470 [main] INFO  org.testng.internal.Utils - [Utils] MethodGroupsHelper.collectMethodsByGroup() took 0 ms.
20:11:44.470 [main] INFO  org.testng.internal.Utils - [Utils] MethodGroupsHelper.sortMethods() took 0 ms.
20:11:44.472 [main] INFO  org.testng.internal.Utils - [Utils] MethodGroupsHelper.collectMethodsByGroup() took 0 ms.
20:11:44.472 [main] INFO  org.testng.internal.Utils - [Utils] MethodGroupsHelper.sortMethods() took 0 ms.
20:11:44.473 [main] INFO  org.testng.internal.Utils - [Utils] MethodGroupsHelper.collectMethodsByGroup() took 0 ms.
20:11:44.473 [main] INFO  org.testng.internal.Utils - [Utils] MethodGroupsHelper.sortMethods() took 0 ms.
20:11:44.475 [main] INFO  org.testng.internal.Utils - [Utils] MethodGroupsHelper.collectMethodsByGroup() took 0 ms.
20:11:44.476 [main] INFO  org.testng.internal.Utils - [Utils] MethodGroupsHelper.sortMethods() took 0 ms.
20:11:44.478 [main] INFO  org.testng.internal.Utils - [Utils] MethodGroupsHelper.collectMethodsByGroup() took 0 ms.
20:11:44.479 [main] INFO  org.testng.internal.Utils - [Utils] MethodGroupsHelper.sortMethods() took 0 ms.
20:11:44.480 [main] INFO  org.testng.internal.Utils - [Utils] MethodGroupsHelper.collectMethodsByGroup() took 0 ms.
20:11:44.480 [main] INFO  org.testng.internal.Utils - [Utils] MethodGroupsHelper.sortMethods() took 0 ms.
20:11:44.488 [main] INFO  org.testng.internal.Utils - [TestNG] Running:
  D:\Testing\TheCapacity\testCases.xml

20:11:44.500 [main] INFO  org.testng.internal.Utils - [ThreadUtil] Starting executor timeOut:2147483647ms workers:1 threadPoolSize:5
20:11:44.530 [TestNG-tests-1] INFO  org.testng.internal.Utils - [Utils] DynamicGraphHelper.createDynamicGraph() took 8 ms.
20:11:52.814 [TestNG-tests-1] INFO  testCases.TC003_LoginPageDDT - ===Starting Testing of Login Page===
20:11:52.859 [TestNG-tests-1] INFO  testCases.TC003_LoginPageDDT - ===Entering email===
20:11:53.314 [TestNG-tests-1] INFO  testCases.TC003_LoginPageDDT - ===Entering password===
20:12:01.048 [TestNG-tests-1] INFO  testCases.TC003_LoginPageDDT - ===Finished Testing of Login Page===
20:12:01.054 [TestNG-tests-1] INFO  testCases.TC003_LoginPageDDT - ===Starting Testing of Login Page===
20:12:01.056 [TestNG-tests-1] INFO  testCases.TC003_LoginPageDDT - ===Entering email===
20:12:17.803 [TestNG-tests-1] INFO  testCases.TC003_LoginPageDDT - ===Starting Testing of Login Page===
20:12:17.805 [TestNG-tests-1] INFO  testCases.TC003_LoginPageDDT - ===Entering email===
20:12:34.080 [TestNG-tests-1] INFO  testCases.TC003_LoginPageDDT - ===Starting Testing of Login Page===
20:12:34.082 [TestNG-tests-1] INFO  testCases.TC003_LoginPageDDT - ===Entering email===
20:12:50.064 [TestNG-tests-1] INFO  testCases.TC003_LoginPageDDT - ===Starting Testing of Login Page===
20:12:50.065 [TestNG-tests-1] INFO  testCases.TC003_LoginPageDDT - ===Entering email===
20:13:06.460 [main] INFO  org.testng.internal.Utils - [TestNG] Time taken by org.testng.internal.ExitCodeListener@4b3ed2f0: 0 ms
20:13:23.774 [main] WARN  org.testng.xml.TestNGContentHandler - It is strongly recommended to add "<!DOCTYPE suite SYSTEM "https://testng.org/testng-1.0.dtd" >" at the top of the suite file [D:\Testing\TheCapacity\testCases.xml] otherwise TestNG may fail or not work as expected.
20:13:24.122 [main] INFO  org.testng.internal.Utils - [Utils] MethodGroupsHelper.collectMethodsByGroup() took 1 ms.
20:13:24.129 [main] INFO  org.testng.internal.Utils - [Utils] MethodGroupsHelper.sortMethods() took 2 ms.
20:13:24.137 [main] INFO  org.testng.internal.Utils - [Utils] MethodGroupsHelper.collectMethodsByGroup() took 0 ms.
20:13:24.138 [main] INFO  org.testng.internal.Utils - [Utils] MethodGroupsHelper.sortMethods() took 0 ms.
20:13:24.139 [main] INFO  org.testng.internal.Utils - [Utils] MethodGroupsHelper.collectMethodsByGroup() took 0 ms.
20:13:24.140 [main] INFO  org.testng.internal.Utils - [Utils] MethodGroupsHelper.sortMethods() took 0 ms.
20:13:24.141 [main] INFO  org.testng.internal.Utils - [Utils] MethodGroupsHelper.collectMethodsByGroup() took 0 ms.
20:13:24.142 [main] INFO  org.testng.internal.Utils - [Utils] MethodGroupsHelper.sortMethods() took 0 ms.
20:13:24.154 [main] INFO  org.testng.internal.Utils - [Utils] MethodGroupsHelper.collectMethodsByGroup() took 5 ms.
20:13:24.185 [main] INFO  org.testng.internal.Utils - [Utils] MethodGroupsHelper.sortMethods() took 29 ms.
20:13:24.190 [main] INFO  org.testng.internal.Utils - [Utils] MethodGroupsHelper.collectMethodsByGroup() took 0 ms.
20:13:24.192 [main] INFO  org.testng.internal.Utils - [Utils] MethodGroupsHelper.sortMethods() took 1 ms.
20:13:24.193 [main] INFO  org.testng.internal.Utils - [Utils] MethodGroupsHelper.collectMethodsByGroup() took 0 ms.
20:13:24.194 [main] INFO  org.testng.internal.Utils - [Utils] MethodGroupsHelper.sortMethods() took 0 ms.
20:13:24.195 [main] INFO  org.testng.internal.Utils - [Utils] MethodGroupsHelper.collectMethodsByGroup() took 0 ms.
20:13:24.195 [main] INFO  org.testng.internal.Utils - [Utils] MethodGroupsHelper.sortMethods() took 0 ms.
20:13:24.205 [main] INFO  org.testng.internal.Utils - [Utils] MethodGroupsHelper.collectMethodsByGroup() took 0 ms.
20:13:24.205 [main] INFO  org.testng.internal.Utils - [Utils] MethodGroupsHelper.sortMethods() took 0 ms.
20:13:24.207 [main] INFO  org.testng.internal.Utils - [Utils] MethodGroupsHelper.collectMethodsByGroup() took 0 ms.
20:13:24.208 [main] INFO  org.testng.internal.Utils - [Utils] MethodGroupsHelper.sortMethods() took 0 ms.
20:13:24.212 [main] INFO  org.testng.internal.Utils - [Utils] MethodGroupsHelper.collectMethodsByGroup() took 0 ms.
20:13:24.216 [main] INFO  org.testng.internal.Utils - [Utils] MethodGroupsHelper.sortMethods() took 0 ms.
20:13:24.217 [main] INFO  org.testng.internal.Utils - [Utils] MethodGroupsHelper.collectMethodsByGroup() took 0 ms.
20:13:24.219 [main] INFO  org.testng.internal.Utils - [Utils] MethodGroupsHelper.sortMethods() took 0 ms.
20:13:24.231 [main] INFO  org.testng.internal.Utils - [Utils] MethodGroupsHelper.collectMethodsByGroup() took 4 ms.
20:13:24.232 [main] INFO  org.testng.internal.Utils - [Utils] MethodGroupsHelper.sortMethods() took 0 ms.
20:13:24.240 [main] INFO  org.testng.internal.Utils - [Utils] MethodGroupsHelper.collectMethodsByGroup() took 0 ms.
20:13:24.241 [main] INFO  org.testng.internal.Utils - [Utils] MethodGroupsHelper.sortMethods() took 0 ms.
20:13:24.246 [main] INFO  org.testng.internal.Utils - [Utils] MethodGroupsHelper.collectMethodsByGroup() took 0 ms.
20:13:24.246 [main] INFO  org.testng.internal.Utils - [Utils] MethodGroupsHelper.sortMethods() took 0 ms.
20:13:24.288 [main] INFO  org.testng.internal.Utils - [TestNG] Running:
  D:\Testing\TheCapacity\testCases.xml

20:13:24.306 [main] INFO  org.testng.internal.Utils - [ThreadUtil] Starting executor timeOut:2147483647ms workers:1 threadPoolSize:5
20:13:24.347 [TestNG-tests-1] INFO  org.testng.internal.Utils - [Utils] DynamicGraphHelper.createDynamicGraph() took 12 ms.
20:13:33.228 [TestNG-tests-1] INFO  testCases.TC003_LoginPageDDT - ===Starting Testing of Login Page===
20:13:33.292 [TestNG-tests-1] INFO  testCases.TC003_LoginPageDDT - ===Entering email===
20:13:33.737 [TestNG-tests-1] INFO  testCases.TC003_LoginPageDDT - ===Entering password===
20:13:39.413 [TestNG-tests-1] INFO  testCases.TC003_LoginPageDDT - ===Finished Testing of Login Page===
20:13:39.422 [TestNG-tests-1] INFO  testCases.TC003_LoginPageDDT - ===Starting Testing of Login Page===
20:13:39.426 [TestNG-tests-1] INFO  testCases.TC003_LoginPageDDT - ===Entering email===
20:13:55.501 [TestNG-tests-1] INFO  testCases.TC003_LoginPageDDT - ===Starting Testing of Login Page===
20:13:55.503 [TestNG-tests-1] INFO  testCases.TC003_LoginPageDDT - ===Entering email===
20:14:11.558 [TestNG-tests-1] INFO  testCases.TC003_LoginPageDDT - ===Starting Testing of Login Page===
20:14:11.560 [TestNG-tests-1] INFO  testCases.TC003_LoginPageDDT - ===Entering email===
20:14:27.610 [TestNG-tests-1] INFO  testCases.TC003_LoginPageDDT - ===Starting Testing of Login Page===
20:14:27.612 [TestNG-tests-1] INFO  testCases.TC003_LoginPageDDT - ===Entering email===
20:14:44.004 [main] INFO  org.testng.internal.Utils - [TestNG] Time taken by org.testng.internal.ExitCodeListener@4b3ed2f0: 0 ms
20:18:44.526 [main] WARN  org.testng.xml.TestNGContentHandler - It is strongly recommended to add "<!DOCTYPE suite SYSTEM "https://testng.org/testng-1.0.dtd" >" at the top of the suite file [D:\Testing\TheCapacity\testCases.xml] otherwise TestNG may fail or not work as expected.
20:18:44.898 [main] INFO  org.testng.internal.Utils - [Utils] MethodGroupsHelper.collectMethodsByGroup() took 0 ms.
20:18:44.904 [main] INFO  org.testng.internal.Utils - [Utils] MethodGroupsHelper.sortMethods() took 2 ms.
20:18:44.907 [main] INFO  org.testng.internal.Utils - [Utils] MethodGroupsHelper.collectMethodsByGroup() took 0 ms.
20:18:44.908 [main] INFO  org.testng.internal.Utils - [Utils] MethodGroupsHelper.sortMethods() took 0 ms.
20:18:44.909 [main] INFO  org.testng.internal.Utils - [Utils] MethodGroupsHelper.collectMethodsByGroup() took 0 ms.
20:18:44.909 [main] INFO  org.testng.internal.Utils - [Utils] MethodGroupsHelper.sortMethods() took 0 ms.
20:18:44.911 [main] INFO  org.testng.internal.Utils - [Utils] MethodGroupsHelper.collectMethodsByGroup() took 0 ms.
20:18:44.911 [main] INFO  org.testng.internal.Utils - [Utils] MethodGroupsHelper.sortMethods() took 0 ms.
20:18:44.919 [main] INFO  org.testng.internal.Utils - [Utils] MethodGroupsHelper.collectMethodsByGroup() took 6 ms.
20:18:44.942 [main] INFO  org.testng.internal.Utils - [Utils] MethodGroupsHelper.sortMethods() took 22 ms.
20:18:44.946 [main] INFO  org.testng.internal.Utils - [Utils] MethodGroupsHelper.collectMethodsByGroup() took 0 ms.
20:18:44.947 [main] INFO  org.testng.internal.Utils - [Utils] MethodGroupsHelper.sortMethods() took 0 ms.
20:18:44.948 [main] INFO  org.testng.internal.Utils - [Utils] MethodGroupsHelper.collectMethodsByGroup() took 0 ms.
20:18:44.948 [main] INFO  org.testng.internal.Utils - [Utils] MethodGroupsHelper.sortMethods() took 0 ms.
20:18:44.949 [main] INFO  org.testng.internal.Utils - [Utils] MethodGroupsHelper.collectMethodsByGroup() took 0 ms.
20:18:44.950 [main] INFO  org.testng.internal.Utils - [Utils] MethodGroupsHelper.sortMethods() took 0 ms.
20:18:44.955 [main] INFO  org.testng.internal.Utils - [Utils] MethodGroupsHelper.collectMethodsByGroup() took 0 ms.
20:18:44.956 [main] INFO  org.testng.internal.Utils - [Utils] MethodGroupsHelper.sortMethods() took 0 ms.
20:18:44.957 [main] INFO  org.testng.internal.Utils - [Utils] MethodGroupsHelper.collectMethodsByGroup() took 0 ms.
20:18:44.957 [main] INFO  org.testng.internal.Utils - [Utils] MethodGroupsHelper.sortMethods() took 0 ms.
20:18:44.959 [main] INFO  org.testng.internal.Utils - [Utils] MethodGroupsHelper.collectMethodsByGroup() took 0 ms.
20:18:44.960 [main] INFO  org.testng.internal.Utils - [Utils] MethodGroupsHelper.sortMethods() took 0 ms.
20:18:44.960 [main] INFO  org.testng.internal.Utils - [Utils] MethodGroupsHelper.collectMethodsByGroup() took 0 ms.
20:18:44.961 [main] INFO  org.testng.internal.Utils - [Utils] MethodGroupsHelper.sortMethods() took 0 ms.
20:18:44.963 [main] INFO  org.testng.internal.Utils - [Utils] MethodGroupsHelper.collectMethodsByGroup() took 1 ms.
20:18:44.964 [main] INFO  org.testng.internal.Utils - [Utils] MethodGroupsHelper.sortMethods() took 0 ms.
20:18:44.966 [main] INFO  org.testng.internal.Utils - [Utils] MethodGroupsHelper.collectMethodsByGroup() took 0 ms.
20:18:44.966 [main] INFO  org.testng.internal.Utils - [Utils] MethodGroupsHelper.sortMethods() took 0 ms.
20:18:44.967 [main] INFO  org.testng.internal.Utils - [Utils] MethodGroupsHelper.collectMethodsByGroup() took 0 ms.
20:18:44.967 [main] INFO  org.testng.internal.Utils - [Utils] MethodGroupsHelper.sortMethods() took 0 ms.
20:18:44.976 [main] INFO  org.testng.internal.Utils - [TestNG] Running:
  D:\Testing\TheCapacity\testCases.xml

20:18:44.987 [main] INFO  org.testng.internal.Utils - [ThreadUtil] Starting executor timeOut:2147483647ms workers:1 threadPoolSize:5
20:18:45.016 [TestNG-tests-1] INFO  org.testng.internal.Utils - [Utils] DynamicGraphHelper.createDynamicGraph() took 7 ms.
20:18:53.593 [TestNG-tests-1] INFO  testCases.TC003_LoginPageDDT - ===Starting Testing of Login Page===
20:18:53.649 [TestNG-tests-1] INFO  testCases.TC003_LoginPageDDT - ===Entering email===
20:18:54.261 [TestNG-tests-1] INFO  testCases.TC003_LoginPageDDT - ===Entering password===
20:18:59.918 [TestNG-tests-1] INFO  testCases.TC003_LoginPageDDT - ===Finished Testing of Login Page===
20:18:59.925 [TestNG-tests-1] INFO  testCases.TC003_LoginPageDDT - ===Starting Testing of Login Page===
20:18:59.927 [TestNG-tests-1] INFO  testCases.TC003_LoginPageDDT - ===Entering email===
20:19:17.377 [TestNG-tests-1] INFO  testCases.TC003_LoginPageDDT - ===Starting Testing of Login Page===
20:19:17.382 [TestNG-tests-1] INFO  testCases.TC003_LoginPageDDT - ===Entering email===
20:19:33.666 [TestNG-tests-1] INFO  testCases.TC003_LoginPageDDT - ===Starting Testing of Login Page===
20:19:33.674 [TestNG-tests-1] INFO  testCases.TC003_LoginPageDDT - ===Entering email===
20:19:49.645 [TestNG-tests-1] INFO  testCases.TC003_LoginPageDDT - ===Starting Testing of Login Page===
20:19:49.646 [TestNG-tests-1] INFO  testCases.TC003_LoginPageDDT - ===Entering email===
20:20:06.034 [main] INFO  org.testng.internal.Utils - [TestNG] Time taken by org.testng.internal.ExitCodeListener@1a6c1270: 0 ms
20:23:29.783 [main] INFO  org.testng.internal.Utils - [TestNG] Running:
  C:\Users\ritika.rajput\AppData\Local\JetBrains\IdeaIC2025.1\temp-testng-customsuite.xml

20:23:51.247 [main] WARN  org.testng.xml.TestNGContentHandler - It is strongly recommended to add "<!DOCTYPE suite SYSTEM "https://testng.org/testng-1.0.dtd" >" at the top of the suite file [D:\Testing\TheCapacity\testCases.xml] otherwise TestNG may fail or not work as expected.
20:23:51.633 [main] INFO  org.testng.internal.Utils - [Utils] MethodGroupsHelper.collectMethodsByGroup() took 0 ms.
20:23:51.638 [main] INFO  org.testng.internal.Utils - [Utils] MethodGroupsHelper.sortMethods() took 2 ms.
20:23:51.640 [main] INFO  org.testng.internal.Utils - [Utils] MethodGroupsHelper.collectMethodsByGroup() took 0 ms.
20:23:51.641 [main] INFO  org.testng.internal.Utils - [Utils] MethodGroupsHelper.sortMethods() took 0 ms.
20:23:51.643 [main] INFO  org.testng.internal.Utils - [Utils] MethodGroupsHelper.collectMethodsByGroup() took 0 ms.
20:23:51.643 [main] INFO  org.testng.internal.Utils - [Utils] MethodGroupsHelper.sortMethods() took 0 ms.
20:23:51.644 [main] INFO  org.testng.internal.Utils - [Utils] MethodGroupsHelper.collectMethodsByGroup() took 0 ms.
20:23:51.645 [main] INFO  org.testng.internal.Utils - [Utils] MethodGroupsHelper.sortMethods() took 0 ms.
20:23:51.652 [main] INFO  org.testng.internal.Utils - [Utils] MethodGroupsHelper.collectMethodsByGroup() took 4 ms.
20:23:51.676 [main] INFO  org.testng.internal.Utils - [Utils] MethodGroupsHelper.sortMethods() took 23 ms.
20:23:51.678 [main] INFO  org.testng.internal.Utils - [Utils] MethodGroupsHelper.collectMethodsByGroup() took 0 ms.
20:23:51.679 [main] INFO  org.testng.internal.Utils - [Utils] MethodGroupsHelper.sortMethods() took 0 ms.
20:23:51.680 [main] INFO  org.testng.internal.Utils - [Utils] MethodGroupsHelper.collectMethodsByGroup() took 0 ms.
20:23:51.681 [main] INFO  org.testng.internal.Utils - [Utils] MethodGroupsHelper.sortMethods() took 0 ms.
20:23:51.682 [main] INFO  org.testng.internal.Utils - [Utils] MethodGroupsHelper.collectMethodsByGroup() took 0 ms.
20:23:51.682 [main] INFO  org.testng.internal.Utils - [Utils] MethodGroupsHelper.sortMethods() took 0 ms.
20:23:51.688 [main] INFO  org.testng.internal.Utils - [Utils] MethodGroupsHelper.collectMethodsByGroup() took 0 ms.
20:23:51.688 [main] INFO  org.testng.internal.Utils - [Utils] MethodGroupsHelper.sortMethods() took 0 ms.
20:23:51.688 [main] INFO  org.testng.internal.Utils - [Utils] MethodGroupsHelper.collectMethodsByGroup() took 0 ms.
20:23:51.689 [main] INFO  org.testng.internal.Utils - [Utils] MethodGroupsHelper.sortMethods() took 0 ms.
20:23:51.692 [main] INFO  org.testng.internal.Utils - [Utils] MethodGroupsHelper.collectMethodsByGroup() took 0 ms.
20:23:51.692 [main] INFO  org.testng.internal.Utils - [Utils] MethodGroupsHelper.sortMethods() took 0 ms.
20:23:51.693 [main] INFO  org.testng.internal.Utils - [Utils] MethodGroupsHelper.collectMethodsByGroup() took 0 ms.
20:23:51.693 [main] INFO  org.testng.internal.Utils - [Utils] MethodGroupsHelper.sortMethods() took 0 ms.
20:23:51.694 [main] INFO  org.testng.internal.Utils - [Utils] MethodGroupsHelper.collectMethodsByGroup() took 0 ms.
20:23:51.696 [main] INFO  org.testng.internal.Utils - [Utils] MethodGroupsHelper.sortMethods() took 0 ms.
20:23:51.699 [main] INFO  org.testng.internal.Utils - [Utils] MethodGroupsHelper.collectMethodsByGroup() took 0 ms.
20:23:51.700 [main] INFO  org.testng.internal.Utils - [Utils] MethodGroupsHelper.sortMethods() took 0 ms.
20:23:51.700 [main] INFO  org.testng.internal.Utils - [Utils] MethodGroupsHelper.collectMethodsByGroup() took 0 ms.
20:23:51.700 [main] INFO  org.testng.internal.Utils - [Utils] MethodGroupsHelper.sortMethods() took 0 ms.
20:23:51.709 [main] INFO  org.testng.internal.Utils - [TestNG] Running:
  D:\Testing\TheCapacity\testCases.xml

20:23:51.720 [main] INFO  org.testng.internal.Utils - [ThreadUtil] Starting executor timeOut:2147483647ms workers:1 threadPoolSize:5
20:23:51.749 [TestNG-tests-1] INFO  org.testng.internal.Utils - [Utils] DynamicGraphHelper.createDynamicGraph() took 8 ms.
20:24:01.933 [TestNG-tests-1] INFO  testCases.TC003_LoginPageDDT - ===Starting Testing of Login Page===
20:24:01.982 [TestNG-tests-1] INFO  testCases.TC003_LoginPageDDT - ===Entering email===
20:24:02.351 [TestNG-tests-1] INFO  testCases.TC003_LoginPageDDT - ===Entering password===
20:24:07.905 [TestNG-tests-1] INFO  testCases.TC003_LoginPageDDT - ===Finished Testing of Login Page===
20:24:07.911 [TestNG-tests-1] INFO  testCases.TC003_LoginPageDDT - ===Starting Testing of Login Page===
20:24:07.917 [TestNG-tests-1] INFO  testCases.TC003_LoginPageDDT - ===Entering email===
20:24:23.955 [TestNG-tests-1] INFO  testCases.TC003_LoginPageDDT - ===Starting Testing of Login Page===
20:24:23.957 [TestNG-tests-1] INFO  testCases.TC003_LoginPageDDT - ===Entering email===
20:24:40.798 [TestNG-tests-1] INFO  testCases.TC003_LoginPageDDT - ===Starting Testing of Login Page===
20:24:40.804 [TestNG-tests-1] INFO  testCases.TC003_LoginPageDDT - ===Entering email===
20:24:57.044 [TestNG-tests-1] INFO  testCases.TC003_LoginPageDDT - ===Starting Testing of Login Page===
20:24:57.053 [TestNG-tests-1] INFO  testCases.TC003_LoginPageDDT - ===Entering email===
20:25:13.734 [main] INFO  org.testng.internal.Utils - [TestNG] Time taken by org.testng.internal.ExitCodeListener@4748a0f9: 1 ms
20:26:13.552 [main] WARN  org.testng.xml.TestNGContentHandler - It is strongly recommended to add "<!DOCTYPE suite SYSTEM "https://testng.org/testng-1.0.dtd" >" at the top of the suite file [D:\Testing\TheCapacity\testCases.xml] otherwise TestNG may fail or not work as expected.
20:26:13.932 [main] INFO  org.testng.internal.Utils - [Utils] MethodGroupsHelper.collectMethodsByGroup() took 0 ms.
20:26:13.937 [main] INFO  org.testng.internal.Utils - [Utils] MethodGroupsHelper.sortMethods() took 2 ms.
20:26:13.940 [main] INFO  org.testng.internal.Utils - [Utils] MethodGroupsHelper.collectMethodsByGroup() took 0 ms.
20:26:13.940 [main] INFO  org.testng.internal.Utils - [Utils] MethodGroupsHelper.sortMethods() took 0 ms.
20:26:13.941 [main] INFO  org.testng.internal.Utils - [Utils] MethodGroupsHelper.collectMethodsByGroup() took 0 ms.
20:26:13.942 [main] INFO  org.testng.internal.Utils - [Utils] MethodGroupsHelper.sortMethods() took 0 ms.
20:26:13.942 [main] INFO  org.testng.internal.Utils - [Utils] MethodGroupsHelper.collectMethodsByGroup() took 0 ms.
20:26:13.944 [main] INFO  org.testng.internal.Utils - [Utils] MethodGroupsHelper.sortMethods() took 0 ms.
20:26:13.950 [main] INFO  org.testng.internal.Utils - [Utils] MethodGroupsHelper.collectMethodsByGroup() took 5 ms.
20:26:13.972 [main] INFO  org.testng.internal.Utils - [Utils] MethodGroupsHelper.sortMethods() took 21 ms.
20:26:13.975 [main] INFO  org.testng.internal.Utils - [Utils] MethodGroupsHelper.collectMethodsByGroup() took 0 ms.
20:26:13.976 [main] INFO  org.testng.internal.Utils - [Utils] MethodGroupsHelper.sortMethods() took 0 ms.
20:26:13.978 [main] INFO  org.testng.internal.Utils - [Utils] MethodGroupsHelper.collectMethodsByGroup() took 0 ms.
20:26:13.978 [main] INFO  org.testng.internal.Utils - [Utils] MethodGroupsHelper.sortMethods() took 0 ms.
20:26:13.979 [main] INFO  org.testng.internal.Utils - [Utils] MethodGroupsHelper.collectMethodsByGroup() took 0 ms.
20:26:13.980 [main] INFO  org.testng.internal.Utils - [Utils] MethodGroupsHelper.sortMethods() took 0 ms.
20:26:13.985 [main] INFO  org.testng.internal.Utils - [Utils] MethodGroupsHelper.collectMethodsByGroup() took 0 ms.
20:26:13.985 [main] INFO  org.testng.internal.Utils - [Utils] MethodGroupsHelper.sortMethods() took 0 ms.
20:26:13.986 [main] INFO  org.testng.internal.Utils - [Utils] MethodGroupsHelper.collectMethodsByGroup() took 0 ms.
20:26:13.987 [main] INFO  org.testng.internal.Utils - [Utils] MethodGroupsHelper.sortMethods() took 0 ms.
20:26:13.989 [main] INFO  org.testng.internal.Utils - [Utils] MethodGroupsHelper.collectMethodsByGroup() took 0 ms.
20:26:13.989 [main] INFO  org.testng.internal.Utils - [Utils] MethodGroupsHelper.sortMethods() took 0 ms.
20:26:13.989 [main] INFO  org.testng.internal.Utils - [Utils] MethodGroupsHelper.collectMethodsByGroup() took 0 ms.
20:26:13.990 [main] INFO  org.testng.internal.Utils - [Utils] MethodGroupsHelper.sortMethods() took 0 ms.
20:26:13.992 [main] INFO  org.testng.internal.Utils - [Utils] MethodGroupsHelper.collectMethodsByGroup() took 0 ms.
20:26:13.992 [main] INFO  org.testng.internal.Utils - [Utils] MethodGroupsHelper.sortMethods() took 0 ms.
20:26:13.994 [main] INFO  org.testng.internal.Utils - [Utils] MethodGroupsHelper.collectMethodsByGroup() took 0 ms.
20:26:13.995 [main] INFO  org.testng.internal.Utils - [Utils] MethodGroupsHelper.sortMethods() took 0 ms.
20:26:13.995 [main] INFO  org.testng.internal.Utils - [Utils] MethodGroupsHelper.collectMethodsByGroup() took 0 ms.
20:26:13.995 [main] INFO  org.testng.internal.Utils - [Utils] MethodGroupsHelper.sortMethods() took 0 ms.
20:26:14.004 [main] INFO  org.testng.internal.Utils - [TestNG] Running:
  D:\Testing\TheCapacity\testCases.xml

20:26:14.016 [main] INFO  org.testng.internal.Utils - [ThreadUtil] Starting executor timeOut:2147483647ms workers:1 threadPoolSize:5
20:26:14.044 [TestNG-tests-1] INFO  org.testng.internal.Utils - [Utils] DynamicGraphHelper.createDynamicGraph() took 8 ms.
20:26:26.301 [TestNG-tests-1] INFO  testCases.TC003_LoginPageDDT - ===Starting Testing of Login Page===
20:26:26.355 [TestNG-tests-1] INFO  testCases.TC003_LoginPageDDT - ===Entering email===
20:26:26.777 [TestNG-tests-1] INFO  testCases.TC003_LoginPageDDT - ===Entering password===
20:26:32.023 [TestNG-tests-1] INFO  testCases.TC003_LoginPageDDT - ===Finished Testing of Login Page===
20:26:32.030 [TestNG-tests-1] INFO  testCases.TC003_LoginPageDDT - ===Starting Testing of Login Page===
20:26:32.035 [TestNG-tests-1] INFO  testCases.TC003_LoginPageDDT - ===Entering email===
20:26:41.453 [TestNG-tests-1] INFO  testCases.TC003_LoginPageDDT - ===Starting Testing of Login Page===
20:26:41.455 [TestNG-tests-1] INFO  testCases.TC003_LoginPageDDT - ===Entering email===
20:26:41.479 [TestNG-tests-1] INFO  testCases.TC003_LoginPageDDT - ===Starting Testing of Login Page===
20:26:41.485 [TestNG-tests-1] INFO  testCases.TC003_LoginPageDDT - ===Entering email===
20:26:41.515 [TestNG-tests-1] INFO  testCases.TC003_LoginPageDDT - ===Starting Testing of Login Page===
20:26:41.519 [TestNG-tests-1] INFO  testCases.TC003_LoginPageDDT - ===Entering email===
20:26:41.567 [main] INFO  org.testng.internal.Utils - [TestNG] Time taken by org.testng.internal.ExitCodeListener@db57326: 0 ms
20:26:56.185 [main] WARN  org.testng.xml.TestNGContentHandler - It is strongly recommended to add "<!DOCTYPE suite SYSTEM "https://testng.org/testng-1.0.dtd" >" at the top of the suite file [D:\Testing\TheCapacity\testCases.xml] otherwise TestNG may fail or not work as expected.
20:26:56.554 [main] INFO  org.testng.internal.Utils - [Utils] MethodGroupsHelper.collectMethodsByGroup() took 1 ms.
20:26:56.561 [main] INFO  org.testng.internal.Utils - [Utils] MethodGroupsHelper.sortMethods() took 2 ms.
20:26:56.564 [main] INFO  org.testng.internal.Utils - [Utils] MethodGroupsHelper.collectMethodsByGroup() took 0 ms.
20:26:56.564 [main] INFO  org.testng.internal.Utils - [Utils] MethodGroupsHelper.sortMethods() took 0 ms.
20:26:56.566 [main] INFO  org.testng.internal.Utils - [Utils] MethodGroupsHelper.collectMethodsByGroup() took 0 ms.
20:26:56.567 [main] INFO  org.testng.internal.Utils - [Utils] MethodGroupsHelper.sortMethods() took 0 ms.
20:26:56.568 [main] INFO  org.testng.internal.Utils - [Utils] MethodGroupsHelper.collectMethodsByGroup() took 0 ms.
20:26:56.569 [main] INFO  org.testng.internal.Utils - [Utils] MethodGroupsHelper.sortMethods() took 0 ms.
20:26:56.576 [main] INFO  org.testng.internal.Utils - [Utils] MethodGroupsHelper.collectMethodsByGroup() took 5 ms.
20:26:56.599 [main] INFO  org.testng.internal.Utils - [Utils] MethodGroupsHelper.sortMethods() took 23 ms.
20:26:56.601 [main] INFO  org.testng.internal.Utils - [Utils] MethodGroupsHelper.collectMethodsByGroup() took 0 ms.
20:26:56.603 [main] INFO  org.testng.internal.Utils - [Utils] MethodGroupsHelper.sortMethods() took 0 ms.
20:26:56.604 [main] INFO  org.testng.internal.Utils - [Utils] MethodGroupsHelper.collectMethodsByGroup() took 0 ms.
20:26:56.604 [main] INFO  org.testng.internal.Utils - [Utils] MethodGroupsHelper.sortMethods() took 0 ms.
20:26:56.605 [main] INFO  org.testng.internal.Utils - [Utils] MethodGroupsHelper.collectMethodsByGroup() took 0 ms.
20:26:56.606 [main] INFO  org.testng.internal.Utils - [Utils] MethodGroupsHelper.sortMethods() took 0 ms.
20:26:56.611 [main] INFO  org.testng.internal.Utils - [Utils] MethodGroupsHelper.collectMethodsByGroup() took 0 ms.
20:26:56.612 [main] INFO  org.testng.internal.Utils - [Utils] MethodGroupsHelper.sortMethods() took 0 ms.
20:26:56.613 [main] INFO  org.testng.internal.Utils - [Utils] MethodGroupsHelper.collectMethodsByGroup() took 0 ms.
20:26:56.613 [main] INFO  org.testng.internal.Utils - [Utils] MethodGroupsHelper.sortMethods() took 0 ms.
20:26:56.615 [main] INFO  org.testng.internal.Utils - [Utils] MethodGroupsHelper.collectMethodsByGroup() took 0 ms.
20:26:56.615 [main] INFO  org.testng.internal.Utils - [Utils] MethodGroupsHelper.sortMethods() took 0 ms.
20:26:56.616 [main] INFO  org.testng.internal.Utils - [Utils] MethodGroupsHelper.collectMethodsByGroup() took 0 ms.
20:26:56.616 [main] INFO  org.testng.internal.Utils - [Utils] MethodGroupsHelper.sortMethods() took 0 ms.
20:26:56.618 [main] INFO  org.testng.internal.Utils - [Utils] MethodGroupsHelper.collectMethodsByGroup() took 0 ms.
20:26:56.619 [main] INFO  org.testng.internal.Utils - [Utils] MethodGroupsHelper.sortMethods() took 0 ms.
20:26:56.621 [main] INFO  org.testng.internal.Utils - [Utils] MethodGroupsHelper.collectMethodsByGroup() took 0 ms.
20:26:56.622 [main] INFO  org.testng.internal.Utils - [Utils] MethodGroupsHelper.sortMethods() took 0 ms.
20:26:56.622 [main] INFO  org.testng.internal.Utils - [Utils] MethodGroupsHelper.collectMethodsByGroup() took 0 ms.
20:26:56.623 [main] INFO  org.testng.internal.Utils - [Utils] MethodGroupsHelper.sortMethods() took 0 ms.
20:26:56.630 [main] INFO  org.testng.internal.Utils - [TestNG] Running:
  D:\Testing\TheCapacity\testCases.xml

20:26:56.642 [main] INFO  org.testng.internal.Utils - [ThreadUtil] Starting executor timeOut:2147483647ms workers:1 threadPoolSize:5
20:26:56.671 [TestNG-tests-1] INFO  org.testng.internal.Utils - [Utils] DynamicGraphHelper.createDynamicGraph() took 7 ms.
20:27:05.682 [TestNG-tests-1] INFO  testCases.TC003_LoginPageDDT - ===Starting Testing of Login Page===
20:27:05.747 [TestNG-tests-1] INFO  testCases.TC003_LoginPageDDT - ===Entering email===
20:27:06.133 [TestNG-tests-1] INFO  testCases.TC003_LoginPageDDT - ===Entering password===
20:27:11.553 [TestNG-tests-1] INFO  testCases.TC003_LoginPageDDT - ===Finished Testing of Login Page===
20:27:11.562 [TestNG-tests-1] INFO  testCases.TC003_LoginPageDDT - ===Starting Testing of Login Page===
20:27:11.565 [TestNG-tests-1] INFO  testCases.TC003_LoginPageDDT - ===Entering email===
20:27:27.623 [TestNG-tests-1] INFO  testCases.TC003_LoginPageDDT - ===Starting Testing of Login Page===
20:27:27.625 [TestNG-tests-1] INFO  testCases.TC003_LoginPageDDT - ===Entering email===
20:27:43.619 [TestNG-tests-1] INFO  testCases.TC003_LoginPageDDT - ===Starting Testing of Login Page===
20:27:43.619 [TestNG-tests-1] INFO  testCases.TC003_LoginPageDDT - ===Entering email===
20:27:59.900 [TestNG-tests-1] INFO  testCases.TC003_LoginPageDDT - ===Starting Testing of Login Page===
20:27:59.901 [TestNG-tests-1] INFO  testCases.TC003_LoginPageDDT - ===Entering email===
20:28:16.017 [main] INFO  org.testng.internal.Utils - [TestNG] Time taken by org.testng.internal.ExitCodeListener@6ee6f53: 0 ms
20:29:05.978 [main] WARN  org.testng.xml.TestNGContentHandler - It is strongly recommended to add "<!DOCTYPE suite SYSTEM "https://testng.org/testng-1.0.dtd" >" at the top of the suite file [D:\Testing\TheCapacity\testCases.xml] otherwise TestNG may fail or not work as expected.
20:29:06.328 [main] INFO  org.testng.internal.Utils - [Utils] MethodGroupsHelper.collectMethodsByGroup() took 0 ms.
20:29:06.334 [main] INFO  org.testng.internal.Utils - [Utils] MethodGroupsHelper.sortMethods() took 2 ms.
20:29:06.337 [main] INFO  org.testng.internal.Utils - [Utils] MethodGroupsHelper.collectMethodsByGroup() took 0 ms.
20:29:06.338 [main] INFO  org.testng.internal.Utils - [Utils] MethodGroupsHelper.sortMethods() took 0 ms.
20:29:06.339 [main] INFO  org.testng.internal.Utils - [Utils] MethodGroupsHelper.collectMethodsByGroup() took 0 ms.
20:29:06.339 [main] INFO  org.testng.internal.Utils - [Utils] MethodGroupsHelper.sortMethods() took 0 ms.
20:29:06.341 [main] INFO  org.testng.internal.Utils - [Utils] MethodGroupsHelper.collectMethodsByGroup() took 0 ms.
20:29:06.341 [main] INFO  org.testng.internal.Utils - [Utils] MethodGroupsHelper.sortMethods() took 0 ms.
20:29:06.348 [main] INFO  org.testng.internal.Utils - [Utils] MethodGroupsHelper.collectMethodsByGroup() took 4 ms.
20:29:06.372 [main] INFO  org.testng.internal.Utils - [Utils] MethodGroupsHelper.sortMethods() took 22 ms.
20:29:06.375 [main] INFO  org.testng.internal.Utils - [Utils] MethodGroupsHelper.collectMethodsByGroup() took 0 ms.
20:29:06.375 [main] INFO  org.testng.internal.Utils - [Utils] MethodGroupsHelper.sortMethods() took 0 ms.
20:29:06.377 [main] INFO  org.testng.internal.Utils - [Utils] MethodGroupsHelper.collectMethodsByGroup() took 0 ms.
20:29:06.377 [main] INFO  org.testng.internal.Utils - [Utils] MethodGroupsHelper.sortMethods() took 0 ms.
20:29:06.378 [main] INFO  org.testng.internal.Utils - [Utils] MethodGroupsHelper.collectMethodsByGroup() took 0 ms.
20:29:06.378 [main] INFO  org.testng.internal.Utils - [Utils] MethodGroupsHelper.sortMethods() took 0 ms.
20:29:06.383 [main] INFO  org.testng.internal.Utils - [Utils] MethodGroupsHelper.collectMethodsByGroup() took 0 ms.
20:29:06.384 [main] INFO  org.testng.internal.Utils - [Utils] MethodGroupsHelper.sortMethods() took 0 ms.
20:29:06.385 [main] INFO  org.testng.internal.Utils - [Utils] MethodGroupsHelper.collectMethodsByGroup() took 0 ms.
20:29:06.385 [main] INFO  org.testng.internal.Utils - [Utils] MethodGroupsHelper.sortMethods() took 0 ms.
20:29:06.387 [main] INFO  org.testng.internal.Utils - [Utils] MethodGroupsHelper.collectMethodsByGroup() took 0 ms.
20:29:06.388 [main] INFO  org.testng.internal.Utils - [Utils] MethodGroupsHelper.sortMethods() took 0 ms.
20:29:06.388 [main] INFO  org.testng.internal.Utils - [Utils] MethodGroupsHelper.collectMethodsByGroup() took 0 ms.
20:29:06.389 [main] INFO  org.testng.internal.Utils - [Utils] MethodGroupsHelper.sortMethods() took 0 ms.
20:29:06.390 [main] INFO  org.testng.internal.Utils - [Utils] MethodGroupsHelper.collectMethodsByGroup() took 0 ms.
20:29:06.391 [main] INFO  org.testng.internal.Utils - [Utils] MethodGroupsHelper.sortMethods() took 0 ms.
20:29:06.393 [main] INFO  org.testng.internal.Utils - [Utils] MethodGroupsHelper.collectMethodsByGroup() took 0 ms.
20:29:06.394 [main] INFO  org.testng.internal.Utils - [Utils] MethodGroupsHelper.sortMethods() took 0 ms.
20:29:06.394 [main] INFO  org.testng.internal.Utils - [Utils] MethodGroupsHelper.collectMethodsByGroup() took 0 ms.
20:29:06.395 [main] INFO  org.testng.internal.Utils - [Utils] MethodGroupsHelper.sortMethods() took 0 ms.
20:29:06.403 [main] INFO  org.testng.internal.Utils - [TestNG] Running:
  D:\Testing\TheCapacity\testCases.xml

20:29:06.414 [main] INFO  org.testng.internal.Utils - [ThreadUtil] Starting executor timeOut:2147483647ms workers:1 threadPoolSize:5
20:29:06.445 [TestNG-tests-1] INFO  org.testng.internal.Utils - [Utils] DynamicGraphHelper.createDynamicGraph() took 7 ms.
20:29:12.302 [TestNG-tests-1] INFO  testCases.TC003_LoginPageDDT - ===Starting Testing of Login Page===
20:29:12.363 [TestNG-tests-1] INFO  testCases.TC003_LoginPageDDT - ===Entering email===
20:29:17.667 [TestNG-tests-1] INFO  testCases.TC003_LoginPageDDT - ===Starting Testing of Login Page===
20:29:17.668 [TestNG-tests-1] INFO  testCases.TC003_LoginPageDDT - ===Entering email===
20:29:17.735 [TestNG-tests-1] INFO  testCases.TC003_LoginPageDDT - ===Starting Testing of Login Page===
20:29:17.735 [TestNG-tests-1] INFO  testCases.TC003_LoginPageDDT - ===Entering email===
20:29:17.821 [TestNG-tests-1] INFO  testCases.TC003_LoginPageDDT - ===Starting Testing of Login Page===
20:29:17.823 [TestNG-tests-1] INFO  testCases.TC003_LoginPageDDT - ===Entering email===
20:29:17.915 [TestNG-tests-1] INFO  testCases.TC003_LoginPageDDT - ===Starting Testing of Login Page===
20:29:17.916 [TestNG-tests-1] INFO  testCases.TC003_LoginPageDDT - ===Entering email===
20:29:18.095 [main] INFO  org.testng.internal.Utils - [TestNG] Time taken by org.testng.internal.ExitCodeListener@18a136ac: 0 ms
20:38:08.926 [main] WARN  org.testng.xml.TestNGContentHandler - It is strongly recommended to add "<!DOCTYPE suite SYSTEM "https://testng.org/testng-1.0.dtd" >" at the top of the suite file [D:\Testing\TheCapacity\testCases.xml] otherwise TestNG may fail or not work as expected.
20:38:09.565 [main] INFO  org.testng.internal.Utils - [Utils] MethodGroupsHelper.collectMethodsByGroup() took 1 ms.
20:38:09.571 [main] INFO  org.testng.internal.Utils - [Utils] MethodGroupsHelper.sortMethods() took 3 ms.
20:38:09.580 [main] INFO  org.testng.internal.Utils - [Utils] MethodGroupsHelper.collectMethodsByGroup() took 0 ms.
20:38:09.581 [main] INFO  org.testng.internal.Utils - [Utils] MethodGroupsHelper.sortMethods() took 0 ms.
20:38:09.584 [main] INFO  org.testng.internal.Utils - [Utils] MethodGroupsHelper.collectMethodsByGroup() took 0 ms.
20:38:09.584 [main] INFO  org.testng.internal.Utils - [Utils] MethodGroupsHelper.sortMethods() took 0 ms.
20:38:09.586 [main] INFO  org.testng.internal.Utils - [Utils] MethodGroupsHelper.collectMethodsByGroup() took 0 ms.
20:38:09.586 [main] INFO  org.testng.internal.Utils - [Utils] MethodGroupsHelper.sortMethods() took 0 ms.
20:38:09.595 [main] INFO  org.testng.internal.Utils - [Utils] MethodGroupsHelper.collectMethodsByGroup() took 7 ms.
20:38:09.627 [main] INFO  org.testng.internal.Utils - [Utils] MethodGroupsHelper.sortMethods() took 31 ms.
20:38:09.633 [main] INFO  org.testng.internal.Utils - [Utils] MethodGroupsHelper.collectMethodsByGroup() took 0 ms.
20:38:09.633 [main] INFO  org.testng.internal.Utils - [Utils] MethodGroupsHelper.sortMethods() took 0 ms.
20:38:09.635 [main] INFO  org.testng.internal.Utils - [Utils] MethodGroupsHelper.collectMethodsByGroup() took 0 ms.
20:38:09.635 [main] INFO  org.testng.internal.Utils - [Utils] MethodGroupsHelper.sortMethods() took 0 ms.
20:38:09.637 [main] INFO  org.testng.internal.Utils - [Utils] MethodGroupsHelper.collectMethodsByGroup() took 0 ms.
20:38:09.637 [main] INFO  org.testng.internal.Utils - [Utils] MethodGroupsHelper.sortMethods() took 0 ms.
20:38:09.647 [main] INFO  org.testng.internal.Utils - [Utils] MethodGroupsHelper.collectMethodsByGroup() took 0 ms.
20:38:09.648 [main] INFO  org.testng.internal.Utils - [Utils] MethodGroupsHelper.sortMethods() took 0 ms.
20:38:09.649 [main] INFO  org.testng.internal.Utils - [Utils] MethodGroupsHelper.collectMethodsByGroup() took 0 ms.
20:38:09.649 [main] INFO  org.testng.internal.Utils - [Utils] MethodGroupsHelper.sortMethods() took 0 ms.
20:38:09.651 [main] INFO  org.testng.internal.Utils - [Utils] MethodGroupsHelper.collectMethodsByGroup() took 0 ms.
20:38:09.651 [main] INFO  org.testng.internal.Utils - [Utils] MethodGroupsHelper.sortMethods() took 0 ms.
20:38:09.652 [main] INFO  org.testng.internal.Utils - [Utils] MethodGroupsHelper.collectMethodsByGroup() took 0 ms.
20:38:09.652 [main] INFO  org.testng.internal.Utils - [Utils] MethodGroupsHelper.sortMethods() took 0 ms.
20:38:09.655 [main] INFO  org.testng.internal.Utils - [Utils] MethodGroupsHelper.collectMethodsByGroup() took 0 ms.
20:38:09.655 [main] INFO  org.testng.internal.Utils - [Utils] MethodGroupsHelper.sortMethods() took 0 ms.
20:38:09.658 [main] INFO  org.testng.internal.Utils - [Utils] MethodGroupsHelper.collectMethodsByGroup() took 0 ms.
20:38:09.660 [main] INFO  org.testng.internal.Utils - [Utils] MethodGroupsHelper.sortMethods() took 0 ms.
20:38:09.660 [main] INFO  org.testng.internal.Utils - [Utils] MethodGroupsHelper.collectMethodsByGroup() took 0 ms.
20:38:09.660 [main] INFO  org.testng.internal.Utils - [Utils] MethodGroupsHelper.sortMethods() took 0 ms.
20:38:09.672 [main] INFO  org.testng.internal.Utils - [TestNG] Running:
  D:\Testing\TheCapacity\testCases.xml

20:38:09.684 [main] INFO  org.testng.internal.Utils - [ThreadUtil] Starting executor timeOut:2147483647ms workers:1 threadPoolSize:5
20:38:09.721 [TestNG-tests-1] INFO  org.testng.internal.Utils - [Utils] DynamicGraphHelper.createDynamicGraph() took 7 ms.
20:38:28.035 [TestNG-tests-1] INFO  testCases.TC003_LoginPageDDT - ===Starting Testing of Login Page===
20:38:28.074 [TestNG-tests-1] INFO  testCases.TC003_LoginPageDDT - ===Entering email===
20:38:28.444 [TestNG-tests-1] INFO  testCases.TC003_LoginPageDDT - ===Entering password===
20:38:35.211 [TestNG-tests-1] INFO  testCases.TC003_LoginPageDDT - ===Starting Testing of Login Page===
20:38:35.213 [TestNG-tests-1] INFO  testCases.TC003_LoginPageDDT - ===Entering email===
20:38:51.391 [TestNG-tests-1] INFO  testCases.TC003_LoginPageDDT - ===Starting Testing of Login Page===
20:38:51.392 [TestNG-tests-1] INFO  testCases.TC003_LoginPageDDT - ===Entering email===
20:39:08.159 [TestNG-tests-1] INFO  testCases.TC003_LoginPageDDT - ===Starting Testing of Login Page===
20:39:08.161 [TestNG-tests-1] INFO  testCases.TC003_LoginPageDDT - ===Entering email===
20:39:24.305 [TestNG-tests-1] INFO  testCases.TC003_LoginPageDDT - ===Starting Testing of Login Page===
20:39:24.308 [TestNG-tests-1] INFO  testCases.TC003_LoginPageDDT - ===Entering email===
20:39:33.441 [main] INFO  org.testng.internal.Utils - [TestNG] Time taken by org.testng.internal.ExitCodeListener@517d4a0d: 0 ms
20:39:49.205 [main] WARN  org.testng.xml.TestNGContentHandler - It is strongly recommended to add "<!DOCTYPE suite SYSTEM "https://testng.org/testng-1.0.dtd" >" at the top of the suite file [D:\Testing\TheCapacity\testCases.xml] otherwise TestNG may fail or not work as expected.
20:39:49.584 [main] INFO  org.testng.internal.Utils - [Utils] MethodGroupsHelper.collectMethodsByGroup() took 1 ms.
20:39:49.590 [main] INFO  org.testng.internal.Utils - [Utils] MethodGroupsHelper.sortMethods() took 1 ms.
20:39:49.594 [main] INFO  org.testng.internal.Utils - [Utils] MethodGroupsHelper.collectMethodsByGroup() took 0 ms.
20:39:49.594 [main] INFO  org.testng.internal.Utils - [Utils] MethodGroupsHelper.sortMethods() took 0 ms.
20:39:49.595 [main] INFO  org.testng.internal.Utils - [Utils] MethodGroupsHelper.collectMethodsByGroup() took 0 ms.
20:39:49.596 [main] INFO  org.testng.internal.Utils - [Utils] MethodGroupsHelper.sortMethods() took 0 ms.
20:39:49.597 [main] INFO  org.testng.internal.Utils - [Utils] MethodGroupsHelper.collectMethodsByGroup() took 0 ms.
20:39:49.597 [main] INFO  org.testng.internal.Utils - [Utils] MethodGroupsHelper.sortMethods() took 0 ms.
20:39:49.604 [main] INFO  org.testng.internal.Utils - [Utils] MethodGroupsHelper.collectMethodsByGroup() took 5 ms.
20:39:49.629 [main] INFO  org.testng.internal.Utils - [Utils] MethodGroupsHelper.sortMethods() took 24 ms.
20:39:49.631 [main] INFO  org.testng.internal.Utils - [Utils] MethodGroupsHelper.collectMethodsByGroup() took 0 ms.
20:39:49.633 [main] INFO  org.testng.internal.Utils - [Utils] MethodGroupsHelper.sortMethods() took 0 ms.
20:39:49.635 [main] INFO  org.testng.internal.Utils - [Utils] MethodGroupsHelper.collectMethodsByGroup() took 0 ms.
20:39:49.635 [main] INFO  org.testng.internal.Utils - [Utils] MethodGroupsHelper.sortMethods() took 0 ms.
20:39:49.636 [main] INFO  org.testng.internal.Utils - [Utils] MethodGroupsHelper.collectMethodsByGroup() took 0 ms.
20:39:49.637 [main] INFO  org.testng.internal.Utils - [Utils] MethodGroupsHelper.sortMethods() took 0 ms.
20:39:49.642 [main] INFO  org.testng.internal.Utils - [Utils] MethodGroupsHelper.collectMethodsByGroup() took 0 ms.
20:39:49.643 [main] INFO  org.testng.internal.Utils - [Utils] MethodGroupsHelper.sortMethods() took 0 ms.
20:39:49.644 [main] INFO  org.testng.internal.Utils - [Utils] MethodGroupsHelper.collectMethodsByGroup() took 0 ms.
20:39:49.645 [main] INFO  org.testng.internal.Utils - [Utils] MethodGroupsHelper.sortMethods() took 0 ms.
20:39:49.648 [main] INFO  org.testng.internal.Utils - [Utils] MethodGroupsHelper.collectMethodsByGroup() took 0 ms.
20:39:49.648 [main] INFO  org.testng.internal.Utils - [Utils] MethodGroupsHelper.sortMethods() took 0 ms.
20:39:49.649 [main] INFO  org.testng.internal.Utils - [Utils] MethodGroupsHelper.collectMethodsByGroup() took 0 ms.
20:39:49.649 [main] INFO  org.testng.internal.Utils - [Utils] MethodGroupsHelper.sortMethods() took 0 ms.
20:39:49.651 [main] INFO  org.testng.internal.Utils - [Utils] MethodGroupsHelper.collectMethodsByGroup() took 0 ms.
20:39:49.653 [main] INFO  org.testng.internal.Utils - [Utils] MethodGroupsHelper.sortMethods() took 0 ms.
20:39:49.655 [main] INFO  org.testng.internal.Utils - [Utils] MethodGroupsHelper.collectMethodsByGroup() took 0 ms.
20:39:49.655 [main] INFO  org.testng.internal.Utils - [Utils] MethodGroupsHelper.sortMethods() took 0 ms.
20:39:49.656 [main] INFO  org.testng.internal.Utils - [Utils] MethodGroupsHelper.collectMethodsByGroup() took 0 ms.
20:39:49.656 [main] INFO  org.testng.internal.Utils - [Utils] MethodGroupsHelper.sortMethods() took 0 ms.
20:39:49.664 [main] INFO  org.testng.internal.Utils - [TestNG] Running:
  D:\Testing\TheCapacity\testCases.xml

20:39:49.677 [main] INFO  org.testng.internal.Utils - [ThreadUtil] Starting executor timeOut:2147483647ms workers:1 threadPoolSize:5
20:39:49.707 [TestNG-tests-1] INFO  org.testng.internal.Utils - [Utils] DynamicGraphHelper.createDynamicGraph() took 6 ms.
20:39:59.392 [TestNG-tests-1] INFO  testCases.TC003_LoginPageDDT - ===Starting Testing of Login Page===
20:39:59.447 [TestNG-tests-1] INFO  testCases.TC003_LoginPageDDT - ===Entering email===
20:39:59.902 [TestNG-tests-1] INFO  testCases.TC003_LoginPageDDT - ===Entering password===
20:40:22.562 [TestNG-tests-1] INFO  testCases.TC003_LoginPageDDT - ===Starting Testing of Login Page===
20:40:22.566 [TestNG-tests-1] INFO  testCases.TC003_LoginPageDDT - ===Entering email===
20:40:22.584 [TestNG-tests-1] INFO  testCases.TC003_LoginPageDDT - ===Starting Testing of Login Page===
20:40:22.585 [TestNG-tests-1] INFO  testCases.TC003_LoginPageDDT - ===Entering email===
20:40:22.598 [TestNG-tests-1] INFO  testCases.TC003_LoginPageDDT - ===Starting Testing of Login Page===
20:40:22.601 [TestNG-tests-1] INFO  testCases.TC003_LoginPageDDT - ===Entering email===
20:40:22.617 [TestNG-tests-1] INFO  testCases.TC003_LoginPageDDT - ===Starting Testing of Login Page===
20:40:22.618 [TestNG-tests-1] INFO  testCases.TC003_LoginPageDDT - ===Entering email===
20:40:22.672 [main] INFO  org.testng.internal.Utils - [TestNG] Time taken by org.testng.internal.ExitCodeListener@525575: 0 ms
20:40:31.729 [main] WARN  org.testng.xml.TestNGContentHandler - It is strongly recommended to add "<!DOCTYPE suite SYSTEM "https://testng.org/testng-1.0.dtd" >" at the top of the suite file [D:\Testing\TheCapacity\testCases.xml] otherwise TestNG may fail or not work as expected.
20:40:32.198 [main] INFO  org.testng.internal.Utils - [Utils] MethodGroupsHelper.collectMethodsByGroup() took 0 ms.
20:40:32.205 [main] INFO  org.testng.internal.Utils - [Utils] MethodGroupsHelper.sortMethods() took 2 ms.
20:40:32.210 [main] INFO  org.testng.internal.Utils - [Utils] MethodGroupsHelper.collectMethodsByGroup() took 0 ms.
20:40:32.210 [main] INFO  org.testng.internal.Utils - [Utils] MethodGroupsHelper.sortMethods() took 0 ms.
20:40:32.212 [main] INFO  org.testng.internal.Utils - [Utils] MethodGroupsHelper.collectMethodsByGroup() took 0 ms.
20:40:32.212 [main] INFO  org.testng.internal.Utils - [Utils] MethodGroupsHelper.sortMethods() took 0 ms.
20:40:32.213 [main] INFO  org.testng.internal.Utils - [Utils] MethodGroupsHelper.collectMethodsByGroup() took 0 ms.
20:40:32.214 [main] INFO  org.testng.internal.Utils - [Utils] MethodGroupsHelper.sortMethods() took 0 ms.
20:40:32.223 [main] INFO  org.testng.internal.Utils - [Utils] MethodGroupsHelper.collectMethodsByGroup() took 7 ms.
20:40:32.250 [main] INFO  org.testng.internal.Utils - [Utils] MethodGroupsHelper.sortMethods() took 26 ms.
20:40:32.252 [main] INFO  org.testng.internal.Utils - [Utils] MethodGroupsHelper.collectMethodsByGroup() took 0 ms.
20:40:32.254 [main] INFO  org.testng.internal.Utils - [Utils] MethodGroupsHelper.sortMethods() took 1 ms.
20:40:32.255 [main] INFO  org.testng.internal.Utils - [Utils] MethodGroupsHelper.collectMethodsByGroup() took 0 ms.
20:40:32.256 [main] INFO  org.testng.internal.Utils - [Utils] MethodGroupsHelper.sortMethods() took 0 ms.
20:40:32.257 [main] INFO  org.testng.internal.Utils - [Utils] MethodGroupsHelper.collectMethodsByGroup() took 0 ms.
20:40:32.258 [main] INFO  org.testng.internal.Utils - [Utils] MethodGroupsHelper.sortMethods() took 0 ms.
20:40:32.263 [main] INFO  org.testng.internal.Utils - [Utils] MethodGroupsHelper.collectMethodsByGroup() took 0 ms.
20:40:32.263 [main] INFO  org.testng.internal.Utils - [Utils] MethodGroupsHelper.sortMethods() took 0 ms.
20:40:32.264 [main] INFO  org.testng.internal.Utils - [Utils] MethodGroupsHelper.collectMethodsByGroup() took 0 ms.
20:40:32.265 [main] INFO  org.testng.internal.Utils - [Utils] MethodGroupsHelper.sortMethods() took 0 ms.
20:40:32.267 [main] INFO  org.testng.internal.Utils - [Utils] MethodGroupsHelper.collectMethodsByGroup() took 0 ms.
20:40:32.267 [main] INFO  org.testng.internal.Utils - [Utils] MethodGroupsHelper.sortMethods() took 0 ms.
20:40:32.268 [main] INFO  org.testng.internal.Utils - [Utils] MethodGroupsHelper.collectMethodsByGroup() took 0 ms.
20:40:32.268 [main] INFO  org.testng.internal.Utils - [Utils] MethodGroupsHelper.sortMethods() took 0 ms.
20:40:32.271 [main] INFO  org.testng.internal.Utils - [Utils] MethodGroupsHelper.collectMethodsByGroup() took 0 ms.
20:40:32.272 [main] INFO  org.testng.internal.Utils - [Utils] MethodGroupsHelper.sortMethods() took 0 ms.
20:40:32.274 [main] INFO  org.testng.internal.Utils - [Utils] MethodGroupsHelper.collectMethodsByGroup() took 0 ms.
20:40:32.274 [main] INFO  org.testng.internal.Utils - [Utils] MethodGroupsHelper.sortMethods() took 0 ms.
20:40:32.275 [main] INFO  org.testng.internal.Utils - [Utils] MethodGroupsHelper.collectMethodsByGroup() took 0 ms.
20:40:32.275 [main] INFO  org.testng.internal.Utils - [Utils] MethodGroupsHelper.sortMethods() took 0 ms.
20:40:32.284 [main] INFO  org.testng.internal.Utils - [TestNG] Running:
  D:\Testing\TheCapacity\testCases.xml

20:40:32.297 [main] INFO  org.testng.internal.Utils - [ThreadUtil] Starting executor timeOut:2147483647ms workers:1 threadPoolSize:5
20:40:32.345 [TestNG-tests-1] INFO  org.testng.internal.Utils - [Utils] DynamicGraphHelper.createDynamicGraph() took 9 ms.
20:40:41.594 [TestNG-tests-1] INFO  testCases.TC003_LoginPageDDT - ===Starting Testing of Login Page===
20:40:41.645 [TestNG-tests-1] INFO  testCases.TC003_LoginPageDDT - ===Entering email===
20:40:42.111 [TestNG-tests-1] INFO  testCases.TC003_LoginPageDDT - ===Entering password===
20:40:47.885 [TestNG-tests-1] INFO  testCases.TC003_LoginPageDDT - ===Starting Testing of Login Page===
20:40:47.888 [TestNG-tests-1] INFO  testCases.TC003_LoginPageDDT - ===Entering email===
20:40:48.830 [TestNG-tests-1] INFO  testCases.TC003_LoginPageDDT - ===Entering password===
20:41:19.217 [TestNG-tests-1] INFO  testCases.TC003_LoginPageDDT - ===Starting Testing of Login Page===
20:41:19.218 [TestNG-tests-1] INFO  testCases.TC003_LoginPageDDT - ===Entering email===
20:41:19.643 [TestNG-tests-1] INFO  testCases.TC003_LoginPageDDT - ===Entering password===
20:41:45.697 [TestNG-tests-1] INFO  testCases.TC003_LoginPageDDT - ===Starting Testing of Login Page===
20:41:45.699 [TestNG-tests-1] INFO  testCases.TC003_LoginPageDDT - ===Entering email===
20:41:45.753 [TestNG-tests-1] INFO  testCases.TC003_LoginPageDDT - ===Starting Testing of Login Page===
20:41:45.758 [TestNG-tests-1] INFO  testCases.TC003_LoginPageDDT - ===Entering email===
20:41:45.882 [main] INFO  org.testng.internal.Utils - [TestNG] Time taken by org.testng.internal.ExitCodeListener@5adb0db3: 0 ms
20:47:17.413 [main] WARN  org.testng.xml.TestNGContentHandler - It is strongly recommended to add "<!DOCTYPE suite SYSTEM "https://testng.org/testng-1.0.dtd" >" at the top of the suite file [D:\Testing\TheCapacity\testCases.xml] otherwise TestNG may fail or not work as expected.
20:47:17.773 [main] INFO  org.testng.internal.Utils - [Utils] MethodGroupsHelper.collectMethodsByGroup() took 1 ms.
20:47:17.780 [main] INFO  org.testng.internal.Utils - [Utils] MethodGroupsHelper.sortMethods() took 2 ms.
20:47:17.783 [main] INFO  org.testng.internal.Utils - [Utils] MethodGroupsHelper.collectMethodsByGroup() took 0 ms.
20:47:17.783 [main] INFO  org.testng.internal.Utils - [Utils] MethodGroupsHelper.sortMethods() took 0 ms.
20:47:17.784 [main] INFO  org.testng.internal.Utils - [Utils] MethodGroupsHelper.collectMethodsByGroup() took 0 ms.
20:47:17.785 [main] INFO  org.testng.internal.Utils - [Utils] MethodGroupsHelper.sortMethods() took 0 ms.
20:47:17.786 [main] INFO  org.testng.internal.Utils - [Utils] MethodGroupsHelper.collectMethodsByGroup() took 0 ms.
20:47:17.786 [main] INFO  org.testng.internal.Utils - [Utils] MethodGroupsHelper.sortMethods() took 0 ms.
20:47:17.795 [main] INFO  org.testng.internal.Utils - [Utils] MethodGroupsHelper.collectMethodsByGroup() took 7 ms.
20:47:17.820 [main] INFO  org.testng.internal.Utils - [Utils] MethodGroupsHelper.sortMethods() took 23 ms.
20:47:17.822 [main] INFO  org.testng.internal.Utils - [Utils] MethodGroupsHelper.collectMethodsByGroup() took 0 ms.
20:47:17.824 [main] INFO  org.testng.internal.Utils - [Utils] MethodGroupsHelper.sortMethods() took 0 ms.
20:47:17.825 [main] INFO  org.testng.internal.Utils - [Utils] MethodGroupsHelper.collectMethodsByGroup() took 0 ms.
20:47:17.825 [main] INFO  org.testng.internal.Utils - [Utils] MethodGroupsHelper.sortMethods() took 0 ms.
20:47:17.826 [main] INFO  org.testng.internal.Utils - [Utils] MethodGroupsHelper.collectMethodsByGroup() took 0 ms.
20:47:17.827 [main] INFO  org.testng.internal.Utils - [Utils] MethodGroupsHelper.sortMethods() took 0 ms.
20:47:17.832 [main] INFO  org.testng.internal.Utils - [Utils] MethodGroupsHelper.collectMethodsByGroup() took 0 ms.
20:47:17.832 [main] INFO  org.testng.internal.Utils - [Utils] MethodGroupsHelper.sortMethods() took 0 ms.
20:47:17.833 [main] INFO  org.testng.internal.Utils - [Utils] MethodGroupsHelper.collectMethodsByGroup() took 0 ms.
20:47:17.833 [main] INFO  org.testng.internal.Utils - [Utils] MethodGroupsHelper.sortMethods() took 0 ms.
20:47:17.835 [main] INFO  org.testng.internal.Utils - [Utils] MethodGroupsHelper.collectMethodsByGroup() took 0 ms.
20:47:17.835 [main] INFO  org.testng.internal.Utils - [Utils] MethodGroupsHelper.sortMethods() took 0 ms.
20:47:17.836 [main] INFO  org.testng.internal.Utils - [Utils] MethodGroupsHelper.collectMethodsByGroup() took 0 ms.
20:47:17.836 [main] INFO  org.testng.internal.Utils - [Utils] MethodGroupsHelper.sortMethods() took 0 ms.
20:47:17.838 [main] INFO  org.testng.internal.Utils - [Utils] MethodGroupsHelper.collectMethodsByGroup() took 0 ms.
20:47:17.839 [main] INFO  org.testng.internal.Utils - [Utils] MethodGroupsHelper.sortMethods() took 0 ms.
20:47:17.841 [main] INFO  org.testng.internal.Utils - [Utils] MethodGroupsHelper.collectMethodsByGroup() took 0 ms.
20:47:17.841 [main] INFO  org.testng.internal.Utils - [Utils] MethodGroupsHelper.sortMethods() took 0 ms.
20:47:17.841 [main] INFO  org.testng.internal.Utils - [Utils] MethodGroupsHelper.collectMethodsByGroup() took 0 ms.
20:47:17.842 [main] INFO  org.testng.internal.Utils - [Utils] MethodGroupsHelper.sortMethods() took 0 ms.
20:47:17.850 [main] INFO  org.testng.internal.Utils - [TestNG] Running:
  D:\Testing\TheCapacity\testCases.xml

20:47:17.861 [main] INFO  org.testng.internal.Utils - [ThreadUtil] Starting executor timeOut:2147483647ms workers:1 threadPoolSize:5
20:47:17.890 [TestNG-tests-1] INFO  org.testng.internal.Utils - [Utils] DynamicGraphHelper.createDynamicGraph() took 7 ms.
20:47:29.883 [TestNG-tests-1] INFO  testCases.TC003_LoginPageDDT - ===Starting Testing of Login Page===
20:47:29.931 [TestNG-tests-1] INFO  testCases.TC003_LoginPageDDT - ===Entering email===
20:47:30.408 [TestNG-tests-1] INFO  testCases.TC003_LoginPageDDT - ===Entering password===
20:47:36.665 [TestNG-tests-1] INFO  testCases.TC003_LoginPageDDT - ===Starting Testing of Login Page===
20:47:36.669 [TestNG-tests-1] INFO  testCases.TC003_LoginPageDDT - ===Entering email===
20:47:37.696 [TestNG-tests-1] INFO  testCases.TC003_LoginPageDDT - ===Entering password===
20:48:09.107 [TestNG-tests-1] INFO  testCases.TC003_LoginPageDDT - ===Starting Testing of Login Page===
20:48:09.108 [TestNG-tests-1] INFO  testCases.TC003_LoginPageDDT - ===Entering email===
20:48:09.469 [TestNG-tests-1] INFO  testCases.TC003_LoginPageDDT - ===Entering password===
20:48:39.889 [TestNG-tests-1] INFO  testCases.TC003_LoginPageDDT - ===Starting Testing of Login Page===
20:48:39.890 [TestNG-tests-1] INFO  testCases.TC003_LoginPageDDT - ===Entering email===
20:48:40.170 [TestNG-tests-1] INFO  testCases.TC003_LoginPageDDT - ===Entering password===
20:49:10.632 [TestNG-tests-1] INFO  testCases.TC003_LoginPageDDT - ===Starting Testing of Login Page===
20:49:10.634 [TestNG-tests-1] INFO  testCases.TC003_LoginPageDDT - ===Entering email===
20:49:11.139 [TestNG-tests-1] INFO  testCases.TC003_LoginPageDDT - ===Entering password===
20:49:22.093 [main] INFO  org.testng.internal.Utils - [TestNG] Time taken by org.testng.internal.ExitCodeListener@1a6c1270: 1 ms
20:49:32.564 [main] INFO  org.testng.internal.Utils - [TestNG] Running:
  C:\Users\ritika.rajput\AppData\Local\JetBrains\IdeaIC2025.1\temp-testng-customsuite.xml

20:49:42.248 [main] WARN  org.testng.xml.TestNGContentHandler - It is strongly recommended to add "<!DOCTYPE suite SYSTEM "https://testng.org/testng-1.0.dtd" >" at the top of the suite file [D:\Testing\TheCapacity\testCases.xml] otherwise TestNG may fail or not work as expected.
20:49:42.609 [main] INFO  org.testng.internal.Utils - [Utils] MethodGroupsHelper.collectMethodsByGroup() took 0 ms.
20:49:42.615 [main] INFO  org.testng.internal.Utils - [Utils] MethodGroupsHelper.sortMethods() took 2 ms.
20:49:42.617 [main] INFO  org.testng.internal.Utils - [Utils] MethodGroupsHelper.collectMethodsByGroup() took 0 ms.
20:49:42.618 [main] INFO  org.testng.internal.Utils - [Utils] MethodGroupsHelper.sortMethods() took 0 ms.
20:49:42.619 [main] INFO  org.testng.internal.Utils - [Utils] MethodGroupsHelper.collectMethodsByGroup() took 0 ms.
20:49:42.620 [main] INFO  org.testng.internal.Utils - [Utils] MethodGroupsHelper.sortMethods() took 0 ms.
20:49:42.623 [main] INFO  org.testng.internal.Utils - [Utils] MethodGroupsHelper.collectMethodsByGroup() took 0 ms.
20:49:42.623 [main] INFO  org.testng.internal.Utils - [Utils] MethodGroupsHelper.sortMethods() took 0 ms.
20:49:42.642 [main] INFO  org.testng.internal.Utils - [Utils] MethodGroupsHelper.collectMethodsByGroup() took 11 ms.
20:49:42.666 [main] INFO  org.testng.internal.Utils - [Utils] MethodGroupsHelper.sortMethods() took 23 ms.
20:49:42.669 [main] INFO  org.testng.internal.Utils - [Utils] MethodGroupsHelper.collectMethodsByGroup() took 0 ms.
20:49:42.670 [main] INFO  org.testng.internal.Utils - [Utils] MethodGroupsHelper.sortMethods() took 1 ms.
20:49:42.672 [main] INFO  org.testng.internal.Utils - [Utils] MethodGroupsHelper.collectMethodsByGroup() took 0 ms.
20:49:42.673 [main] INFO  org.testng.internal.Utils - [Utils] MethodGroupsHelper.sortMethods() took 0 ms.
20:49:42.674 [main] INFO  org.testng.internal.Utils - [Utils] MethodGroupsHelper.collectMethodsByGroup() took 0 ms.
20:49:42.675 [main] INFO  org.testng.internal.Utils - [Utils] MethodGroupsHelper.sortMethods() took 0 ms.
20:49:42.680 [main] INFO  org.testng.internal.Utils - [Utils] MethodGroupsHelper.collectMethodsByGroup() took 0 ms.
20:49:42.681 [main] INFO  org.testng.internal.Utils - [Utils] MethodGroupsHelper.sortMethods() took 0 ms.
20:49:42.682 [main] INFO  org.testng.internal.Utils - [Utils] MethodGroupsHelper.collectMethodsByGroup() took 0 ms.
20:49:42.683 [main] INFO  org.testng.internal.Utils - [Utils] MethodGroupsHelper.sortMethods() took 0 ms.
20:49:42.685 [main] INFO  org.testng.internal.Utils - [Utils] MethodGroupsHelper.collectMethodsByGroup() took 0 ms.
20:49:42.686 [main] INFO  org.testng.internal.Utils - [Utils] MethodGroupsHelper.sortMethods() took 0 ms.
20:49:42.687 [main] INFO  org.testng.internal.Utils - [Utils] MethodGroupsHelper.collectMethodsByGroup() took 0 ms.
20:49:42.687 [main] INFO  org.testng.internal.Utils - [Utils] MethodGroupsHelper.sortMethods() took 0 ms.
20:49:42.690 [main] INFO  org.testng.internal.Utils - [Utils] MethodGroupsHelper.collectMethodsByGroup() took 0 ms.
20:49:42.691 [main] INFO  org.testng.internal.Utils - [Utils] MethodGroupsHelper.sortMethods() took 0 ms.
20:49:42.693 [main] INFO  org.testng.internal.Utils - [Utils] MethodGroupsHelper.collectMethodsByGroup() took 0 ms.
20:49:42.694 [main] INFO  org.testng.internal.Utils - [Utils] MethodGroupsHelper.sortMethods() took 0 ms.
20:49:42.694 [main] INFO  org.testng.internal.Utils - [Utils] MethodGroupsHelper.collectMethodsByGroup() took 0 ms.
20:49:42.694 [main] INFO  org.testng.internal.Utils - [Utils] MethodGroupsHelper.sortMethods() took 0 ms.
20:49:42.706 [main] INFO  org.testng.internal.Utils - [TestNG] Running:
  D:\Testing\TheCapacity\testCases.xml

20:49:42.722 [main] INFO  org.testng.internal.Utils - [ThreadUtil] Starting executor timeOut:2147483647ms workers:1 threadPoolSize:5
20:49:42.750 [TestNG-tests-1] INFO  org.testng.internal.Utils - [Utils] DynamicGraphHelper.createDynamicGraph() took 8 ms.
20:49:53.992 [TestNG-tests-1] INFO  testCases.TC003_LoginPageDDT - ===Starting Testing of Login Page===
20:49:54.038 [TestNG-tests-1] INFO  testCases.TC003_LoginPageDDT - ===Entering email===
20:49:54.466 [TestNG-tests-1] INFO  testCases.TC003_LoginPageDDT - ===Entering password===
20:49:58.509 [TestNG-tests-1] INFO  testCases.TC003_LoginPageDDT - ===Starting Testing of Login Page===
20:49:58.511 [TestNG-tests-1] INFO  testCases.TC003_LoginPageDDT - ===Entering email===
20:49:59.447 [TestNG-tests-1] INFO  testCases.TC003_LoginPageDDT - ===Entering password===
20:50:31.102 [TestNG-tests-1] INFO  testCases.TC003_LoginPageDDT - ===Starting Testing of Login Page===
20:50:31.103 [TestNG-tests-1] INFO  testCases.TC003_LoginPageDDT - ===Entering email===
20:50:31.470 [TestNG-tests-1] INFO  testCases.TC003_LoginPageDDT - ===Entering password===
20:51:03.034 [TestNG-tests-1] INFO  testCases.TC003_LoginPageDDT - ===Starting Testing of Login Page===
20:51:03.035 [TestNG-tests-1] INFO  testCases.TC003_LoginPageDDT - ===Entering email===
20:51:03.345 [TestNG-tests-1] INFO  testCases.TC003_LoginPageDDT - ===Entering password===
20:51:07.518 [TestNG-tests-1] INFO  testCases.TC003_LoginPageDDT - ===Starting Testing of Login Page===
20:51:07.518 [TestNG-tests-1] INFO  testCases.TC003_LoginPageDDT - ===Entering email===
20:51:08.838 [TestNG-tests-1] INFO  testCases.TC003_LoginPageDDT - ===Entering password===
20:51:41.473 [main] INFO  org.testng.internal.Utils - [TestNG] Time taken by org.testng.internal.ExitCodeListener@34a875b3: 0 ms
21:23:31.977 [main] WARN  org.testng.xml.TestNGContentHandler - It is strongly recommended to add "<!DOCTYPE suite SYSTEM "https://testng.org/testng-1.0.dtd" >" at the top of the suite file [D:\Testing\TheCapacity\testCases.xml] otherwise TestNG may fail or not work as expected.
21:23:32.385 [main] INFO  org.testng.internal.Utils - [Utils] MethodGroupsHelper.collectMethodsByGroup() took 0 ms.
21:23:32.390 [main] INFO  org.testng.internal.Utils - [Utils] MethodGroupsHelper.sortMethods() took 2 ms.
21:23:32.393 [main] INFO  org.testng.internal.Utils - [Utils] MethodGroupsHelper.collectMethodsByGroup() took 0 ms.
21:23:32.394 [main] INFO  org.testng.internal.Utils - [Utils] MethodGroupsHelper.sortMethods() took 0 ms.
21:23:32.396 [main] INFO  org.testng.internal.Utils - [Utils] MethodGroupsHelper.collectMethodsByGroup() took 0 ms.
21:23:32.396 [main] INFO  org.testng.internal.Utils - [Utils] MethodGroupsHelper.sortMethods() took 0 ms.
21:23:32.397 [main] INFO  org.testng.internal.Utils - [Utils] MethodGroupsHelper.collectMethodsByGroup() took 0 ms.
21:23:32.398 [main] INFO  org.testng.internal.Utils - [Utils] MethodGroupsHelper.sortMethods() took 0 ms.
21:23:32.405 [main] INFO  org.testng.internal.Utils - [Utils] MethodGroupsHelper.collectMethodsByGroup() took 5 ms.
21:23:32.435 [main] INFO  org.testng.internal.Utils - [Utils] MethodGroupsHelper.sortMethods() took 29 ms.
21:23:32.439 [main] INFO  org.testng.internal.Utils - [Utils] MethodGroupsHelper.collectMethodsByGroup() took 0 ms.
21:23:32.440 [main] INFO  org.testng.internal.Utils - [Utils] MethodGroupsHelper.sortMethods() took 0 ms.
21:23:32.441 [main] INFO  org.testng.internal.Utils - [Utils] MethodGroupsHelper.collectMethodsByGroup() took 0 ms.
21:23:32.442 [main] INFO  org.testng.internal.Utils - [Utils] MethodGroupsHelper.sortMethods() took 0 ms.
21:23:32.443 [main] INFO  org.testng.internal.Utils - [Utils] MethodGroupsHelper.collectMethodsByGroup() took 0 ms.
21:23:32.443 [main] INFO  org.testng.internal.Utils - [Utils] MethodGroupsHelper.sortMethods() took 0 ms.
21:23:32.449 [main] INFO  org.testng.internal.Utils - [Utils] MethodGroupsHelper.collectMethodsByGroup() took 0 ms.
21:23:32.450 [main] INFO  org.testng.internal.Utils - [Utils] MethodGroupsHelper.sortMethods() took 0 ms.
21:23:32.451 [main] INFO  org.testng.internal.Utils - [Utils] MethodGroupsHelper.collectMethodsByGroup() took 0 ms.
21:23:32.452 [main] INFO  org.testng.internal.Utils - [Utils] MethodGroupsHelper.sortMethods() took 0 ms.
21:23:32.454 [main] INFO  org.testng.internal.Utils - [Utils] MethodGroupsHelper.collectMethodsByGroup() took 0 ms.
21:23:32.455 [main] INFO  org.testng.internal.Utils - [Utils] MethodGroupsHelper.sortMethods() took 0 ms.
21:23:32.455 [main] INFO  org.testng.internal.Utils - [Utils] MethodGroupsHelper.collectMethodsByGroup() took 0 ms.
21:23:32.455 [main] INFO  org.testng.internal.Utils - [Utils] MethodGroupsHelper.sortMethods() took 0 ms.
21:23:32.457 [main] INFO  org.testng.internal.Utils - [Utils] MethodGroupsHelper.collectMethodsByGroup() took 1 ms.
21:23:32.458 [main] INFO  org.testng.internal.Utils - [Utils] MethodGroupsHelper.sortMethods() took 0 ms.
21:23:32.460 [main] INFO  org.testng.internal.Utils - [Utils] MethodGroupsHelper.collectMethodsByGroup() took 0 ms.
21:23:32.460 [main] INFO  org.testng.internal.Utils - [Utils] MethodGroupsHelper.sortMethods() took 0 ms.
21:23:32.461 [main] INFO  org.testng.internal.Utils - [Utils] MethodGroupsHelper.collectMethodsByGroup() took 0 ms.
21:23:32.461 [main] INFO  org.testng.internal.Utils - [Utils] MethodGroupsHelper.sortMethods() took 0 ms.
21:23:32.469 [main] INFO  org.testng.internal.Utils - [TestNG] Running:
  D:\Testing\TheCapacity\testCases.xml

21:23:32.479 [main] INFO  org.testng.internal.Utils - [ThreadUtil] Starting executor timeOut:2147483647ms workers:1 threadPoolSize:5
21:23:32.512 [TestNG-tests-1] INFO  org.testng.internal.Utils - [Utils] DynamicGraphHelper.createDynamicGraph() took 8 ms.
21:23:46.066 [main] INFO  org.testng.internal.Utils - [TestNG] Time taken by org.testng.internal.ExitCodeListener@6dee4f1b: 0 ms
21:26:17.843 [main] WARN  org.testng.xml.TestNGContentHandler - It is strongly recommended to add "<!DOCTYPE suite SYSTEM "https://testng.org/testng-1.0.dtd" >" at the top of the suite file [D:\Testing\TheCapacity\testCases.xml] otherwise TestNG may fail or not work as expected.
21:26:18.206 [main] INFO  org.testng.internal.Utils - [Utils] MethodGroupsHelper.collectMethodsByGroup() took 0 ms.
21:26:18.212 [main] INFO  org.testng.internal.Utils - [Utils] MethodGroupsHelper.sortMethods() took 2 ms.
21:26:18.215 [main] INFO  org.testng.internal.Utils - [Utils] MethodGroupsHelper.collectMethodsByGroup() took 0 ms.
21:26:18.215 [main] INFO  org.testng.internal.Utils - [Utils] MethodGroupsHelper.sortMethods() took 0 ms.
21:26:18.217 [main] INFO  org.testng.internal.Utils - [Utils] MethodGroupsHelper.collectMethodsByGroup() took 0 ms.
21:26:18.218 [main] INFO  org.testng.internal.Utils - [Utils] MethodGroupsHelper.sortMethods() took 0 ms.
21:26:18.218 [main] INFO  org.testng.internal.Utils - [Utils] MethodGroupsHelper.collectMethodsByGroup() took 0 ms.
21:26:18.218 [main] INFO  org.testng.internal.Utils - [Utils] MethodGroupsHelper.sortMethods() took 0 ms.
21:26:18.226 [main] INFO  org.testng.internal.Utils - [Utils] MethodGroupsHelper.collectMethodsByGroup() took 5 ms.
21:26:18.248 [main] INFO  org.testng.internal.Utils - [Utils] MethodGroupsHelper.sortMethods() took 21 ms.
21:26:18.253 [main] INFO  org.testng.internal.Utils - [Utils] MethodGroupsHelper.collectMethodsByGroup() took 0 ms.
21:26:18.254 [main] INFO  org.testng.internal.Utils - [Utils] MethodGroupsHelper.sortMethods() took 0 ms.
21:26:18.255 [main] INFO  org.testng.internal.Utils - [Utils] MethodGroupsHelper.collectMethodsByGroup() took 0 ms.
21:26:18.255 [main] INFO  org.testng.internal.Utils - [Utils] MethodGroupsHelper.sortMethods() took 0 ms.
21:26:18.256 [main] INFO  org.testng.internal.Utils - [Utils] MethodGroupsHelper.collectMethodsByGroup() took 0 ms.
21:26:18.257 [main] INFO  org.testng.internal.Utils - [Utils] MethodGroupsHelper.sortMethods() took 0 ms.
21:26:18.260 [main] INFO  org.testng.internal.Utils - [Utils] MethodGroupsHelper.collectMethodsByGroup() took 0 ms.
21:26:18.262 [main] INFO  org.testng.internal.Utils - [Utils] MethodGroupsHelper.sortMethods() took 0 ms.
21:26:18.263 [main] INFO  org.testng.internal.Utils - [Utils] MethodGroupsHelper.collectMethodsByGroup() took 0 ms.
21:26:18.263 [main] INFO  org.testng.internal.Utils - [Utils] MethodGroupsHelper.sortMethods() took 0 ms.
21:26:18.265 [main] INFO  org.testng.internal.Utils - [Utils] MethodGroupsHelper.collectMethodsByGroup() took 0 ms.
21:26:18.265 [main] INFO  org.testng.internal.Utils - [Utils] MethodGroupsHelper.sortMethods() took 0 ms.
21:26:18.267 [main] INFO  org.testng.internal.Utils - [Utils] MethodGroupsHelper.collectMethodsByGroup() took 0 ms.
21:26:18.267 [main] INFO  org.testng.internal.Utils - [Utils] MethodGroupsHelper.sortMethods() took 0 ms.
21:26:18.269 [main] INFO  org.testng.internal.Utils - [Utils] MethodGroupsHelper.collectMethodsByGroup() took 0 ms.
21:26:18.270 [main] INFO  org.testng.internal.Utils - [Utils] MethodGroupsHelper.sortMethods() took 0 ms.
21:26:18.272 [main] INFO  org.testng.internal.Utils - [Utils] MethodGroupsHelper.collectMethodsByGroup() took 0 ms.
21:26:18.272 [main] INFO  org.testng.internal.Utils - [Utils] MethodGroupsHelper.sortMethods() took 0 ms.
21:26:18.273 [main] INFO  org.testng.internal.Utils - [Utils] MethodGroupsHelper.collectMethodsByGroup() took 0 ms.
21:26:18.273 [main] INFO  org.testng.internal.Utils - [Utils] MethodGroupsHelper.sortMethods() took 0 ms.
21:26:18.282 [main] INFO  org.testng.internal.Utils - [TestNG] Running:
  D:\Testing\TheCapacity\testCases.xml

21:26:18.296 [main] INFO  org.testng.internal.Utils - [ThreadUtil] Starting executor timeOut:2147483647ms workers:1 threadPoolSize:5
21:26:18.325 [TestNG-tests-1] INFO  org.testng.internal.Utils - [Utils] DynamicGraphHelper.createDynamicGraph() took 7 ms.
21:26:43.533 [main] INFO  org.testng.internal.Utils - [TestNG] Time taken by org.testng.internal.ExitCodeListener@38831718: 0 ms
21:30:41.209 [main] WARN  org.testng.xml.TestNGContentHandler - It is strongly recommended to add "<!DOCTYPE suite SYSTEM "https://testng.org/testng-1.0.dtd" >" at the top of the suite file [D:\Testing\TheCapacity\testCases.xml] otherwise TestNG may fail or not work as expected.
21:30:41.552 [main] INFO  org.testng.internal.Utils - [Utils] MethodGroupsHelper.collectMethodsByGroup() took 0 ms.
21:30:41.558 [main] INFO  org.testng.internal.Utils - [Utils] MethodGroupsHelper.sortMethods() took 2 ms.
21:30:41.561 [main] INFO  org.testng.internal.Utils - [Utils] MethodGroupsHelper.collectMethodsByGroup() took 0 ms.
21:30:41.561 [main] INFO  org.testng.internal.Utils - [Utils] MethodGroupsHelper.sortMethods() took 0 ms.
21:30:41.563 [main] INFO  org.testng.internal.Utils - [Utils] MethodGroupsHelper.collectMethodsByGroup() took 0 ms.
21:30:41.563 [main] INFO  org.testng.internal.Utils - [Utils] MethodGroupsHelper.sortMethods() took 0 ms.
21:30:41.564 [main] INFO  org.testng.internal.Utils - [Utils] MethodGroupsHelper.collectMethodsByGroup() took 0 ms.
21:30:41.564 [main] INFO  org.testng.internal.Utils - [Utils] MethodGroupsHelper.sortMethods() took 0 ms.
21:30:41.572 [main] INFO  org.testng.internal.Utils - [Utils] MethodGroupsHelper.collectMethodsByGroup() took 4 ms.
21:30:41.599 [main] INFO  org.testng.internal.Utils - [Utils] MethodGroupsHelper.sortMethods() took 26 ms.
21:30:41.601 [main] INFO  org.testng.internal.Utils - [Utils] MethodGroupsHelper.collectMethodsByGroup() took 0 ms.
21:30:41.601 [main] INFO  org.testng.internal.Utils - [Utils] MethodGroupsHelper.sortMethods() took 0 ms.
21:30:41.604 [main] INFO  org.testng.internal.Utils - [Utils] MethodGroupsHelper.collectMethodsByGroup() took 0 ms.
21:30:41.605 [main] INFO  org.testng.internal.Utils - [Utils] MethodGroupsHelper.sortMethods() took 0 ms.
21:30:41.606 [main] INFO  org.testng.internal.Utils - [Utils] MethodGroupsHelper.collectMethodsByGroup() took 0 ms.
21:30:41.607 [main] INFO  org.testng.internal.Utils - [Utils] MethodGroupsHelper.sortMethods() took 0 ms.
21:30:41.611 [main] INFO  org.testng.internal.Utils - [Utils] MethodGroupsHelper.collectMethodsByGroup() took 0 ms.
21:30:41.612 [main] INFO  org.testng.internal.Utils - [Utils] MethodGroupsHelper.sortMethods() took 0 ms.
21:30:41.614 [main] INFO  org.testng.internal.Utils - [Utils] MethodGroupsHelper.collectMethodsByGroup() took 0 ms.
21:30:41.614 [main] INFO  org.testng.internal.Utils - [Utils] MethodGroupsHelper.sortMethods() took 0 ms.
21:30:41.616 [main] INFO  org.testng.internal.Utils - [Utils] MethodGroupsHelper.collectMethodsByGroup() took 0 ms.
21:30:41.617 [main] INFO  org.testng.internal.Utils - [Utils] MethodGroupsHelper.sortMethods() took 0 ms.
21:30:41.617 [main] INFO  org.testng.internal.Utils - [Utils] MethodGroupsHelper.collectMethodsByGroup() took 0 ms.
21:30:41.617 [main] INFO  org.testng.internal.Utils - [Utils] MethodGroupsHelper.sortMethods() took 0 ms.
21:30:41.619 [main] INFO  org.testng.internal.Utils - [Utils] MethodGroupsHelper.collectMethodsByGroup() took 0 ms.
21:30:41.621 [main] INFO  org.testng.internal.Utils - [Utils] MethodGroupsHelper.sortMethods() took 0 ms.
21:30:41.623 [main] INFO  org.testng.internal.Utils - [Utils] MethodGroupsHelper.collectMethodsByGroup() took 0 ms.
21:30:41.623 [main] INFO  org.testng.internal.Utils - [Utils] MethodGroupsHelper.sortMethods() took 0 ms.
21:30:41.624 [main] INFO  org.testng.internal.Utils - [Utils] MethodGroupsHelper.collectMethodsByGroup() took 0 ms.
21:30:41.624 [main] INFO  org.testng.internal.Utils - [Utils] MethodGroupsHelper.sortMethods() took 0 ms.
21:30:41.633 [main] INFO  org.testng.internal.Utils - [TestNG] Running:
  D:\Testing\TheCapacity\testCases.xml

21:30:41.644 [main] INFO  org.testng.internal.Utils - [ThreadUtil] Starting executor timeOut:2147483647ms workers:1 threadPoolSize:5
21:30:41.674 [TestNG-tests-1] INFO  org.testng.internal.Utils - [Utils] DynamicGraphHelper.createDynamicGraph() took 9 ms.
21:31:28.883 [main] INFO  org.testng.internal.Utils - [TestNG] Time taken by org.testng.internal.ExitCodeListener@22d7b4f8: 0 ms
21:34:46.650 [main] WARN  org.testng.xml.TestNGContentHandler - It is strongly recommended to add "<!DOCTYPE suite SYSTEM "https://testng.org/testng-1.0.dtd" >" at the top of the suite file [D:\Testing\TheCapacity\testCases.xml] otherwise TestNG may fail or not work as expected.
21:34:47.028 [main] INFO  org.testng.internal.Utils - [Utils] MethodGroupsHelper.collectMethodsByGroup() took 0 ms.
21:34:47.034 [main] INFO  org.testng.internal.Utils - [Utils] MethodGroupsHelper.sortMethods() took 3 ms.
21:34:47.036 [main] INFO  org.testng.internal.Utils - [Utils] MethodGroupsHelper.collectMethodsByGroup() took 0 ms.
21:34:47.037 [main] INFO  org.testng.internal.Utils - [Utils] MethodGroupsHelper.sortMethods() took 0 ms.
21:34:47.038 [main] INFO  org.testng.internal.Utils - [Utils] MethodGroupsHelper.collectMethodsByGroup() took 0 ms.
21:34:47.038 [main] INFO  org.testng.internal.Utils - [Utils] MethodGroupsHelper.sortMethods() took 0 ms.
21:34:47.040 [main] INFO  org.testng.internal.Utils - [Utils] MethodGroupsHelper.collectMethodsByGroup() took 0 ms.
21:34:47.040 [main] INFO  org.testng.internal.Utils - [Utils] MethodGroupsHelper.sortMethods() took 0 ms.
21:34:47.046 [main] INFO  org.testng.internal.Utils - [Utils] MethodGroupsHelper.collectMethodsByGroup() took 4 ms.
21:34:47.070 [main] INFO  org.testng.internal.Utils - [Utils] MethodGroupsHelper.sortMethods() took 23 ms.
21:34:47.073 [main] INFO  org.testng.internal.Utils - [Utils] MethodGroupsHelper.collectMethodsByGroup() took 0 ms.
21:34:47.074 [main] INFO  org.testng.internal.Utils - [Utils] MethodGroupsHelper.sortMethods() took 0 ms.
21:34:47.076 [main] INFO  org.testng.internal.Utils - [Utils] MethodGroupsHelper.collectMethodsByGroup() took 0 ms.
21:34:47.076 [main] INFO  org.testng.internal.Utils - [Utils] MethodGroupsHelper.sortMethods() took 0 ms.
21:34:47.078 [main] INFO  org.testng.internal.Utils - [Utils] MethodGroupsHelper.collectMethodsByGroup() took 0 ms.
21:34:47.079 [main] INFO  org.testng.internal.Utils - [Utils] MethodGroupsHelper.sortMethods() took 0 ms.
21:34:47.083 [main] INFO  org.testng.internal.Utils - [Utils] MethodGroupsHelper.collectMethodsByGroup() took 0 ms.
21:34:47.084 [main] INFO  org.testng.internal.Utils - [Utils] MethodGroupsHelper.sortMethods() took 0 ms.
21:34:47.085 [main] INFO  org.testng.internal.Utils - [Utils] MethodGroupsHelper.collectMethodsByGroup() took 0 ms.
21:34:47.085 [main] INFO  org.testng.internal.Utils - [Utils] MethodGroupsHelper.sortMethods() took 0 ms.
21:34:47.087 [main] INFO  org.testng.internal.Utils - [Utils] MethodGroupsHelper.collectMethodsByGroup() took 0 ms.
21:34:47.088 [main] INFO  org.testng.internal.Utils - [Utils] MethodGroupsHelper.sortMethods() took 0 ms.
21:34:47.088 [main] INFO  org.testng.internal.Utils - [Utils] MethodGroupsHelper.collectMethodsByGroup() took 0 ms.
21:34:47.088 [main] INFO  org.testng.internal.Utils - [Utils] MethodGroupsHelper.sortMethods() took 0 ms.
21:34:47.090 [main] INFO  org.testng.internal.Utils - [Utils] MethodGroupsHelper.collectMethodsByGroup() took 0 ms.
21:34:47.091 [main] INFO  org.testng.internal.Utils - [Utils] MethodGroupsHelper.sortMethods() took 1 ms.
21:34:47.093 [main] INFO  org.testng.internal.Utils - [Utils] MethodGroupsHelper.collectMethodsByGroup() took 0 ms.
21:34:47.094 [main] INFO  org.testng.internal.Utils - [Utils] MethodGroupsHelper.sortMethods() took 0 ms.
21:34:47.094 [main] INFO  org.testng.internal.Utils - [Utils] MethodGroupsHelper.collectMethodsByGroup() took 0 ms.
21:34:47.094 [main] INFO  org.testng.internal.Utils - [Utils] MethodGroupsHelper.sortMethods() took 0 ms.
21:34:47.103 [main] INFO  org.testng.internal.Utils - [TestNG] Running:
  D:\Testing\TheCapacity\testCases.xml

21:34:47.112 [main] INFO  org.testng.internal.Utils - [ThreadUtil] Starting executor timeOut:2147483647ms workers:1 threadPoolSize:5
21:34:47.143 [TestNG-tests-1] INFO  org.testng.internal.Utils - [Utils] DynamicGraphHelper.createDynamicGraph() took 6 ms.
21:35:14.435 [main] INFO  org.testng.internal.Utils - [TestNG] Time taken by org.testng.internal.ExitCodeListener@22d7b4f8: 0 ms
21:39:30.743 [main] WARN  org.testng.xml.TestNGContentHandler - It is strongly recommended to add "<!DOCTYPE suite SYSTEM "https://testng.org/testng-1.0.dtd" >" at the top of the suite file [D:\Testing\TheCapacity\testCases.xml] otherwise TestNG may fail or not work as expected.
21:39:31.120 [main] INFO  org.testng.internal.Utils - [Utils] MethodGroupsHelper.collectMethodsByGroup() took 1 ms.
21:39:31.124 [main] INFO  org.testng.internal.Utils - [Utils] MethodGroupsHelper.sortMethods() took 1 ms.
21:39:31.128 [main] INFO  org.testng.internal.Utils - [Utils] MethodGroupsHelper.collectMethodsByGroup() took 0 ms.
21:39:31.129 [main] INFO  org.testng.internal.Utils - [Utils] MethodGroupsHelper.sortMethods() took 0 ms.
21:39:31.130 [main] INFO  org.testng.internal.Utils - [Utils] MethodGroupsHelper.collectMethodsByGroup() took 0 ms.
21:39:31.131 [main] INFO  org.testng.internal.Utils - [Utils] MethodGroupsHelper.sortMethods() took 0 ms.
21:39:31.132 [main] INFO  org.testng.internal.Utils - [Utils] MethodGroupsHelper.collectMethodsByGroup() took 0 ms.
21:39:31.132 [main] INFO  org.testng.internal.Utils - [Utils] MethodGroupsHelper.sortMethods() took 0 ms.
21:39:31.140 [main] INFO  org.testng.internal.Utils - [Utils] MethodGroupsHelper.collectMethodsByGroup() took 5 ms.
21:39:31.163 [main] INFO  org.testng.internal.Utils - [Utils] MethodGroupsHelper.sortMethods() took 22 ms.
21:39:31.167 [main] INFO  org.testng.internal.Utils - [Utils] MethodGroupsHelper.collectMethodsByGroup() took 0 ms.
21:39:31.168 [main] INFO  org.testng.internal.Utils - [Utils] MethodGroupsHelper.sortMethods() took 0 ms.
21:39:31.168 [main] INFO  org.testng.internal.Utils - [Utils] MethodGroupsHelper.collectMethodsByGroup() took 0 ms.
21:39:31.168 [main] INFO  org.testng.internal.Utils - [Utils] MethodGroupsHelper.sortMethods() took 0 ms.
21:39:31.172 [main] INFO  org.testng.internal.Utils - [Utils] MethodGroupsHelper.collectMethodsByGroup() took 0 ms.
21:39:31.173 [main] INFO  org.testng.internal.Utils - [Utils] MethodGroupsHelper.sortMethods() took 0 ms.
21:39:31.178 [main] INFO  org.testng.internal.Utils - [Utils] MethodGroupsHelper.collectMethodsByGroup() took 0 ms.
21:39:31.178 [main] INFO  org.testng.internal.Utils - [Utils] MethodGroupsHelper.sortMethods() took 0 ms.
21:39:31.179 [main] INFO  org.testng.internal.Utils - [Utils] MethodGroupsHelper.collectMethodsByGroup() took 0 ms.
21:39:31.180 [main] INFO  org.testng.internal.Utils - [Utils] MethodGroupsHelper.sortMethods() took 0 ms.
21:39:31.182 [main] INFO  org.testng.internal.Utils - [Utils] MethodGroupsHelper.collectMethodsByGroup() took 0 ms.
21:39:31.182 [main] INFO  org.testng.internal.Utils - [Utils] MethodGroupsHelper.sortMethods() took 0 ms.
21:39:31.182 [main] INFO  org.testng.internal.Utils - [Utils] MethodGroupsHelper.collectMethodsByGroup() took 0 ms.
21:39:31.184 [main] INFO  org.testng.internal.Utils - [Utils] MethodGroupsHelper.sortMethods() took 0 ms.
21:39:31.186 [main] INFO  org.testng.internal.Utils - [Utils] MethodGroupsHelper.collectMethodsByGroup() took 0 ms.
21:39:31.187 [main] INFO  org.testng.internal.Utils - [Utils] MethodGroupsHelper.sortMethods() took 0 ms.
21:39:31.190 [main] INFO  org.testng.internal.Utils - [Utils] MethodGroupsHelper.collectMethodsByGroup() took 0 ms.
21:39:31.190 [main] INFO  org.testng.internal.Utils - [Utils] MethodGroupsHelper.sortMethods() took 0 ms.
21:39:31.191 [main] INFO  org.testng.internal.Utils - [Utils] MethodGroupsHelper.collectMethodsByGroup() took 0 ms.
21:39:31.191 [main] INFO  org.testng.internal.Utils - [Utils] MethodGroupsHelper.sortMethods() took 0 ms.
21:39:31.198 [main] INFO  org.testng.internal.Utils - [TestNG] Running:
  D:\Testing\TheCapacity\testCases.xml

21:39:31.213 [main] INFO  org.testng.internal.Utils - [ThreadUtil] Starting executor timeOut:2147483647ms workers:1 threadPoolSize:5
21:39:31.242 [TestNG-tests-1] INFO  org.testng.internal.Utils - [Utils] DynamicGraphHelper.createDynamicGraph() took 7 ms.
21:39:57.669 [main] INFO  org.testng.internal.Utils - [TestNG] Time taken by org.testng.internal.ExitCodeListener@1941a8ff: 0 ms
21:43:19.254 [main] WARN  org.testng.xml.TestNGContentHandler - It is strongly recommended to add "<!DOCTYPE suite SYSTEM "https://testng.org/testng-1.0.dtd" >" at the top of the suite file [D:\Testing\TheCapacity\testCases.xml] otherwise TestNG may fail or not work as expected.
21:43:19.660 [main] INFO  org.testng.internal.Utils - [Utils] MethodGroupsHelper.collectMethodsByGroup() took 0 ms.
21:43:19.668 [main] INFO  org.testng.internal.Utils - [Utils] MethodGroupsHelper.sortMethods() took 5 ms.
21:43:19.671 [main] INFO  org.testng.internal.Utils - [Utils] MethodGroupsHelper.collectMethodsByGroup() took 0 ms.
21:43:19.672 [main] INFO  org.testng.internal.Utils - [Utils] MethodGroupsHelper.sortMethods() took 0 ms.
21:43:19.673 [main] INFO  org.testng.internal.Utils - [Utils] MethodGroupsHelper.collectMethodsByGroup() took 0 ms.
21:43:19.674 [main] INFO  org.testng.internal.Utils - [Utils] MethodGroupsHelper.sortMethods() took 0 ms.
21:43:19.674 [main] INFO  org.testng.internal.Utils - [Utils] MethodGroupsHelper.collectMethodsByGroup() took 0 ms.
21:43:19.675 [main] INFO  org.testng.internal.Utils - [Utils] MethodGroupsHelper.sortMethods() took 0 ms.
21:43:19.687 [main] INFO  org.testng.internal.Utils - [Utils] MethodGroupsHelper.collectMethodsByGroup() took 7 ms.
21:43:19.712 [main] INFO  org.testng.internal.Utils - [Utils] MethodGroupsHelper.sortMethods() took 24 ms.
21:43:19.714 [main] INFO  org.testng.internal.Utils - [Utils] MethodGroupsHelper.collectMethodsByGroup() took 0 ms.
21:43:19.715 [main] INFO  org.testng.internal.Utils - [Utils] MethodGroupsHelper.sortMethods() took 0 ms.
21:43:19.717 [main] INFO  org.testng.internal.Utils - [Utils] MethodGroupsHelper.collectMethodsByGroup() took 0 ms.
21:43:19.718 [main] INFO  org.testng.internal.Utils - [Utils] MethodGroupsHelper.sortMethods() took 0 ms.
21:43:19.719 [main] INFO  org.testng.internal.Utils - [Utils] MethodGroupsHelper.collectMethodsByGroup() took 0 ms.
21:43:19.719 [main] INFO  org.testng.internal.Utils - [Utils] MethodGroupsHelper.sortMethods() took 0 ms.
21:43:19.725 [main] INFO  org.testng.internal.Utils - [Utils] MethodGroupsHelper.collectMethodsByGroup() took 0 ms.
21:43:19.726 [main] INFO  org.testng.internal.Utils - [Utils] MethodGroupsHelper.sortMethods() took 0 ms.
21:43:19.727 [main] INFO  org.testng.internal.Utils - [Utils] MethodGroupsHelper.collectMethodsByGroup() took 0 ms.
21:43:19.727 [main] INFO  org.testng.internal.Utils - [Utils] MethodGroupsHelper.sortMethods() took 0 ms.
21:43:19.730 [main] INFO  org.testng.internal.Utils - [Utils] MethodGroupsHelper.collectMethodsByGroup() took 0 ms.
21:43:19.730 [main] INFO  org.testng.internal.Utils - [Utils] MethodGroupsHelper.sortMethods() took 0 ms.
21:43:19.731 [main] INFO  org.testng.internal.Utils - [Utils] MethodGroupsHelper.collectMethodsByGroup() took 0 ms.
21:43:19.733 [main] INFO  org.testng.internal.Utils - [Utils] MethodGroupsHelper.sortMethods() took 0 ms.
21:43:19.736 [main] INFO  org.testng.internal.Utils - [Utils] MethodGroupsHelper.collectMethodsByGroup() took 0 ms.
21:43:19.737 [main] INFO  org.testng.internal.Utils - [Utils] MethodGroupsHelper.sortMethods() took 0 ms.
21:43:19.739 [main] INFO  org.testng.internal.Utils - [Utils] MethodGroupsHelper.collectMethodsByGroup() took 0 ms.
21:43:19.739 [main] INFO  org.testng.internal.Utils - [Utils] MethodGroupsHelper.sortMethods() took 0 ms.
21:43:19.739 [main] INFO  org.testng.internal.Utils - [Utils] MethodGroupsHelper.collectMethodsByGroup() took 0 ms.
21:43:19.739 [main] INFO  org.testng.internal.Utils - [Utils] MethodGroupsHelper.sortMethods() took 0 ms.
21:43:19.746 [main] INFO  org.testng.internal.Utils - [TestNG] Running:
  D:\Testing\TheCapacity\testCases.xml

21:43:19.760 [main] INFO  org.testng.internal.Utils - [ThreadUtil] Starting executor timeOut:2147483647ms workers:1 threadPoolSize:5
21:43:19.790 [TestNG-tests-1] INFO  org.testng.internal.Utils - [Utils] DynamicGraphHelper.createDynamicGraph() took 8 ms.
21:44:02.276 [main] INFO  org.testng.internal.Utils - [TestNG] Time taken by org.testng.internal.ExitCodeListener@22295ec4: 0 ms
21:47:21.141 [main] INFO  org.testng.internal.Utils - [TestNG] Running:
  C:\Users\ritika.rajput\AppData\Local\JetBrains\IdeaIC2025.1\temp-testng-customsuite.xml

21:48:14.094 [main] WARN  org.testng.xml.TestNGContentHandler - It is strongly recommended to add "<!DOCTYPE suite SYSTEM "https://testng.org/testng-1.0.dtd" >" at the top of the suite file [D:\Testing\TheCapacity\testCases.xml] otherwise TestNG may fail or not work as expected.
21:48:14.445 [main] INFO  org.testng.internal.Utils - [Utils] MethodGroupsHelper.collectMethodsByGroup() took 0 ms.
21:48:14.451 [main] INFO  org.testng.internal.Utils - [Utils] MethodGroupsHelper.sortMethods() took 3 ms.
21:48:14.454 [main] INFO  org.testng.internal.Utils - [Utils] MethodGroupsHelper.collectMethodsByGroup() took 0 ms.
21:48:14.454 [main] INFO  org.testng.internal.Utils - [Utils] MethodGroupsHelper.sortMethods() took 0 ms.
21:48:14.456 [main] INFO  org.testng.internal.Utils - [Utils] MethodGroupsHelper.collectMethodsByGroup() took 0 ms.
21:48:14.457 [main] INFO  org.testng.internal.Utils - [Utils] MethodGroupsHelper.sortMethods() took 0 ms.
21:48:14.458 [main] INFO  org.testng.internal.Utils - [Utils] MethodGroupsHelper.collectMethodsByGroup() took 0 ms.
21:48:14.458 [main] INFO  org.testng.internal.Utils - [Utils] MethodGroupsHelper.sortMethods() took 0 ms.
21:48:14.466 [main] INFO  org.testng.internal.Utils - [Utils] MethodGroupsHelper.collectMethodsByGroup() took 5 ms.
21:48:14.491 [main] INFO  org.testng.internal.Utils - [Utils] MethodGroupsHelper.sortMethods() took 25 ms.
21:48:14.492 [main] INFO  org.testng.internal.Utils - [Utils] MethodGroupsHelper.collectMethodsByGroup() took 0 ms.
21:48:14.492 [main] INFO  org.testng.internal.Utils - [Utils] MethodGroupsHelper.sortMethods() took 0 ms.
21:48:14.492 [main] INFO  org.testng.internal.Utils - [Utils] MethodGroupsHelper.collectMethodsByGroup() took 0 ms.
21:48:14.492 [main] INFO  org.testng.internal.Utils - [Utils] MethodGroupsHelper.sortMethods() took 0 ms.
21:48:14.497 [main] INFO  org.testng.internal.Utils - [Utils] MethodGroupsHelper.collectMethodsByGroup() took 0 ms.
21:48:14.498 [main] INFO  org.testng.internal.Utils - [Utils] MethodGroupsHelper.sortMethods() took 0 ms.
21:48:14.505 [main] INFO  org.testng.internal.Utils - [Utils] MethodGroupsHelper.collectMethodsByGroup() took 0 ms.
21:48:14.506 [main] INFO  org.testng.internal.Utils - [Utils] MethodGroupsHelper.sortMethods() took 0 ms.
21:48:14.507 [main] INFO  org.testng.internal.Utils - [Utils] MethodGroupsHelper.collectMethodsByGroup() took 0 ms.
21:48:14.508 [main] INFO  org.testng.internal.Utils - [Utils] MethodGroupsHelper.sortMethods() took 0 ms.
21:48:14.511 [main] INFO  org.testng.internal.Utils - [Utils] MethodGroupsHelper.collectMethodsByGroup() took 0 ms.
21:48:14.511 [main] INFO  org.testng.internal.Utils - [Utils] MethodGroupsHelper.sortMethods() took 0 ms.
21:48:14.511 [main] INFO  org.testng.internal.Utils - [Utils] MethodGroupsHelper.collectMethodsByGroup() took 0 ms.
21:48:14.512 [main] INFO  org.testng.internal.Utils - [Utils] MethodGroupsHelper.sortMethods() took 0 ms.
21:48:14.514 [main] INFO  org.testng.internal.Utils - [Utils] MethodGroupsHelper.collectMethodsByGroup() took 1 ms.
21:48:14.515 [main] INFO  org.testng.internal.Utils - [Utils] MethodGroupsHelper.sortMethods() took 1 ms.
21:48:14.517 [main] INFO  org.testng.internal.Utils - [Utils] MethodGroupsHelper.collectMethodsByGroup() took 0 ms.
21:48:14.517 [main] INFO  org.testng.internal.Utils - [Utils] MethodGroupsHelper.sortMethods() took 0 ms.
21:48:14.518 [main] INFO  org.testng.internal.Utils - [Utils] MethodGroupsHelper.collectMethodsByGroup() took 0 ms.
21:48:14.518 [main] INFO  org.testng.internal.Utils - [Utils] MethodGroupsHelper.sortMethods() took 0 ms.
21:48:14.527 [main] INFO  org.testng.internal.Utils - [TestNG] Running:
  D:\Testing\TheCapacity\testCases.xml

21:48:14.543 [main] INFO  org.testng.internal.Utils - [ThreadUtil] Starting executor timeOut:2147483647ms workers:1 threadPoolSize:5
21:48:14.574 [TestNG-tests-1] INFO  org.testng.internal.Utils - [Utils] DynamicGraphHelper.createDynamicGraph() took 7 ms.
21:48:58.156 [main] INFO  org.testng.internal.Utils - [TestNG] Time taken by org.testng.internal.ExitCodeListener@78383390: 0 ms
21:49:21.148 [main] WARN  org.testng.xml.TestNGContentHandler - It is strongly recommended to add "<!DOCTYPE suite SYSTEM "https://testng.org/testng-1.0.dtd" >" at the top of the suite file [D:\Testing\TheCapacity\testCases.xml] otherwise TestNG may fail or not work as expected.
21:49:21.512 [main] INFO  org.testng.internal.Utils - [Utils] MethodGroupsHelper.collectMethodsByGroup() took 1 ms.
21:49:21.519 [main] INFO  org.testng.internal.Utils - [Utils] MethodGroupsHelper.sortMethods() took 1 ms.
21:49:21.523 [main] INFO  org.testng.internal.Utils - [Utils] MethodGroupsHelper.collectMethodsByGroup() took 0 ms.
21:49:21.523 [main] INFO  org.testng.internal.Utils - [Utils] MethodGroupsHelper.sortMethods() took 0 ms.
21:49:21.524 [main] INFO  org.testng.internal.Utils - [Utils] MethodGroupsHelper.collectMethodsByGroup() took 0 ms.
21:49:21.525 [main] INFO  org.testng.internal.Utils - [Utils] MethodGroupsHelper.sortMethods() took 0 ms.
21:49:21.526 [main] INFO  org.testng.internal.Utils - [Utils] MethodGroupsHelper.collectMethodsByGroup() took 0 ms.
21:49:21.526 [main] INFO  org.testng.internal.Utils - [Utils] MethodGroupsHelper.sortMethods() took 0 ms.
21:49:21.533 [main] INFO  org.testng.internal.Utils - [Utils] MethodGroupsHelper.collectMethodsByGroup() took 5 ms.
21:49:21.555 [main] INFO  org.testng.internal.Utils - [Utils] MethodGroupsHelper.sortMethods() took 22 ms.
21:49:21.559 [main] INFO  org.testng.internal.Utils - [Utils] MethodGroupsHelper.collectMethodsByGroup() took 0 ms.
21:49:21.560 [main] INFO  org.testng.internal.Utils - [Utils] MethodGroupsHelper.sortMethods() took 0 ms.
21:49:21.561 [main] INFO  org.testng.internal.Utils - [Utils] MethodGroupsHelper.collectMethodsByGroup() took 0 ms.
21:49:21.562 [main] INFO  org.testng.internal.Utils - [Utils] MethodGroupsHelper.sortMethods() took 0 ms.
21:49:21.563 [main] INFO  org.testng.internal.Utils - [Utils] MethodGroupsHelper.collectMethodsByGroup() took 0 ms.
21:49:21.564 [main] INFO  org.testng.internal.Utils - [Utils] MethodGroupsHelper.sortMethods() took 0 ms.
21:49:21.568 [main] INFO  org.testng.internal.Utils - [Utils] MethodGroupsHelper.collectMethodsByGroup() took 0 ms.
21:49:21.569 [main] INFO  org.testng.internal.Utils - [Utils] MethodGroupsHelper.sortMethods() took 0 ms.
21:49:21.570 [main] INFO  org.testng.internal.Utils - [Utils] MethodGroupsHelper.collectMethodsByGroup() took 0 ms.
21:49:21.570 [main] INFO  org.testng.internal.Utils - [Utils] MethodGroupsHelper.sortMethods() took 0 ms.
21:49:21.572 [main] INFO  org.testng.internal.Utils - [Utils] MethodGroupsHelper.collectMethodsByGroup() took 0 ms.
21:49:21.572 [main] INFO  org.testng.internal.Utils - [Utils] MethodGroupsHelper.sortMethods() took 0 ms.
21:49:21.573 [main] INFO  org.testng.internal.Utils - [Utils] MethodGroupsHelper.collectMethodsByGroup() took 0 ms.
21:49:21.574 [main] INFO  org.testng.internal.Utils - [Utils] MethodGroupsHelper.sortMethods() took 0 ms.
21:49:21.576 [main] INFO  org.testng.internal.Utils - [Utils] MethodGroupsHelper.collectMethodsByGroup() took 0 ms.
21:49:21.576 [main] INFO  org.testng.internal.Utils - [Utils] MethodGroupsHelper.sortMethods() took 0 ms.
21:49:21.578 [main] INFO  org.testng.internal.Utils - [Utils] MethodGroupsHelper.collectMethodsByGroup() took 0 ms.
21:49:21.579 [main] INFO  org.testng.internal.Utils - [Utils] MethodGroupsHelper.sortMethods() took 0 ms.
21:49:21.579 [main] INFO  org.testng.internal.Utils - [Utils] MethodGroupsHelper.collectMethodsByGroup() took 0 ms.
21:49:21.579 [main] INFO  org.testng.internal.Utils - [Utils] MethodGroupsHelper.sortMethods() took 0 ms.
21:49:21.587 [main] INFO  org.testng.internal.Utils - [TestNG] Running:
  D:\Testing\TheCapacity\testCases.xml

21:49:21.598 [main] INFO  org.testng.internal.Utils - [ThreadUtil] Starting executor timeOut:2147483647ms workers:1 threadPoolSize:5
21:49:21.631 [TestNG-tests-1] INFO  org.testng.internal.Utils - [Utils] DynamicGraphHelper.createDynamicGraph() took 7 ms.
21:50:13.690 [main] INFO  org.testng.internal.Utils - [TestNG] Time taken by org.testng.internal.ExitCodeListener@512535ff: 0 ms
21:57:18.424 [main] WARN  org.testng.xml.TestNGContentHandler - It is strongly recommended to add "<!DOCTYPE suite SYSTEM "https://testng.org/testng-1.0.dtd" >" at the top of the suite file [D:\Testing\TheCapacity\testCases.xml] otherwise TestNG may fail or not work as expected.
21:57:18.800 [main] INFO  org.testng.internal.Utils - [Utils] MethodGroupsHelper.collectMethodsByGroup() took 0 ms.
21:57:18.806 [main] INFO  org.testng.internal.Utils - [Utils] MethodGroupsHelper.sortMethods() took 1 ms.
21:57:18.808 [main] INFO  org.testng.internal.Utils - [Utils] MethodGroupsHelper.collectMethodsByGroup() took 0 ms.
21:57:18.809 [main] INFO  org.testng.internal.Utils - [Utils] MethodGroupsHelper.sortMethods() took 0 ms.
21:57:18.810 [main] INFO  org.testng.internal.Utils - [Utils] MethodGroupsHelper.collectMethodsByGroup() took 0 ms.
21:57:18.811 [main] INFO  org.testng.internal.Utils - [Utils] MethodGroupsHelper.sortMethods() took 0 ms.
21:57:18.811 [main] INFO  org.testng.internal.Utils - [Utils] MethodGroupsHelper.collectMethodsByGroup() took 0 ms.
21:57:18.813 [main] INFO  org.testng.internal.Utils - [Utils] MethodGroupsHelper.sortMethods() took 0 ms.
21:57:18.820 [main] INFO  org.testng.internal.Utils - [Utils] MethodGroupsHelper.collectMethodsByGroup() took 5 ms.
21:57:18.838 [main] INFO  org.testng.internal.Utils - [Utils] MethodGroupsHelper.sortMethods() took 18 ms.
21:57:18.842 [main] INFO  org.testng.internal.Utils - [Utils] MethodGroupsHelper.collectMethodsByGroup() took 0 ms.
21:57:18.844 [main] INFO  org.testng.internal.Utils - [Utils] MethodGroupsHelper.sortMethods() took 0 ms.
21:57:18.845 [main] INFO  org.testng.internal.Utils - [Utils] MethodGroupsHelper.collectMethodsByGroup() took 0 ms.
21:57:18.846 [main] INFO  org.testng.internal.Utils - [Utils] MethodGroupsHelper.sortMethods() took 0 ms.
21:57:18.847 [main] INFO  org.testng.internal.Utils - [Utils] MethodGroupsHelper.collectMethodsByGroup() took 0 ms.
21:57:18.847 [main] INFO  org.testng.internal.Utils - [Utils] MethodGroupsHelper.sortMethods() took 0 ms.
21:57:18.852 [main] INFO  org.testng.internal.Utils - [Utils] MethodGroupsHelper.collectMethodsByGroup() took 0 ms.
21:57:18.852 [main] INFO  org.testng.internal.Utils - [Utils] MethodGroupsHelper.sortMethods() took 0 ms.
21:57:18.853 [main] INFO  org.testng.internal.Utils - [Utils] MethodGroupsHelper.collectMethodsByGroup() took 0 ms.
21:57:18.853 [main] INFO  org.testng.internal.Utils - [Utils] MethodGroupsHelper.sortMethods() took 0 ms.
21:57:18.855 [main] INFO  org.testng.internal.Utils - [Utils] MethodGroupsHelper.collectMethodsByGroup() took 0 ms.
21:57:18.856 [main] INFO  org.testng.internal.Utils - [Utils] MethodGroupsHelper.sortMethods() took 0 ms.
21:57:18.856 [main] INFO  org.testng.internal.Utils - [Utils] MethodGroupsHelper.collectMethodsByGroup() took 0 ms.
21:57:18.856 [main] INFO  org.testng.internal.Utils - [Utils] MethodGroupsHelper.sortMethods() took 0 ms.
21:57:18.858 [main] INFO  org.testng.internal.Utils - [Utils] MethodGroupsHelper.collectMethodsByGroup() took 0 ms.
21:57:18.859 [main] INFO  org.testng.internal.Utils - [Utils] MethodGroupsHelper.sortMethods() took 0 ms.
21:57:18.861 [main] INFO  org.testng.internal.Utils - [Utils] MethodGroupsHelper.collectMethodsByGroup() took 0 ms.
21:57:18.862 [main] INFO  org.testng.internal.Utils - [Utils] MethodGroupsHelper.sortMethods() took 0 ms.
21:57:18.862 [main] INFO  org.testng.internal.Utils - [Utils] MethodGroupsHelper.collectMethodsByGroup() took 0 ms.
21:57:18.862 [main] INFO  org.testng.internal.Utils - [Utils] MethodGroupsHelper.sortMethods() took 0 ms.
21:57:18.871 [main] INFO  org.testng.internal.Utils - [TestNG] Running:
  D:\Testing\TheCapacity\testCases.xml

21:57:18.882 [main] INFO  org.testng.internal.Utils - [ThreadUtil] Starting executor timeOut:2147483647ms workers:1 threadPoolSize:5
21:57:18.912 [TestNG-tests-1] INFO  org.testng.internal.Utils - [Utils] DynamicGraphHelper.createDynamicGraph() took 8 ms.
21:58:00.835 [main] INFO  org.testng.internal.Utils - [TestNG] Time taken by org.testng.internal.ExitCodeListener@1a6c1270: 0 ms
22:02:58.705 [main] WARN  org.testng.xml.TestNGContentHandler - It is strongly recommended to add "<!DOCTYPE suite SYSTEM "https://testng.org/testng-1.0.dtd" >" at the top of the suite file [D:\Testing\TheCapacity\testCases.xml] otherwise TestNG may fail or not work as expected.
22:02:59.069 [main] INFO  org.testng.internal.Utils - [Utils] MethodGroupsHelper.collectMethodsByGroup() took 0 ms.
22:02:59.075 [main] INFO  org.testng.internal.Utils - [Utils] MethodGroupsHelper.sortMethods() took 0 ms.
22:02:59.078 [main] INFO  org.testng.internal.Utils - [Utils] MethodGroupsHelper.collectMethodsByGroup() took 0 ms.
22:02:59.081 [main] INFO  org.testng.internal.Utils - [Utils] MethodGroupsHelper.sortMethods() took 0 ms.
22:02:59.082 [main] INFO  org.testng.internal.Utils - [Utils] MethodGroupsHelper.collectMethodsByGroup() took 0 ms.
22:02:59.082 [main] INFO  org.testng.internal.Utils - [Utils] MethodGroupsHelper.sortMethods() took 0 ms.
22:02:59.084 [main] INFO  org.testng.internal.Utils - [Utils] MethodGroupsHelper.collectMethodsByGroup() took 0 ms.
22:02:59.084 [main] INFO  org.testng.internal.Utils - [Utils] MethodGroupsHelper.sortMethods() took 0 ms.
22:02:59.090 [main] INFO  org.testng.internal.Utils - [Utils] MethodGroupsHelper.collectMethodsByGroup() took 4 ms.
22:02:59.121 [main] INFO  org.testng.internal.Utils - [Utils] MethodGroupsHelper.sortMethods() took 29 ms.
22:02:59.125 [main] INFO  org.testng.internal.Utils - [Utils] MethodGroupsHelper.collectMethodsByGroup() took 0 ms.
22:02:59.126 [main] INFO  org.testng.internal.Utils - [Utils] MethodGroupsHelper.sortMethods() took 0 ms.
22:02:59.128 [main] INFO  org.testng.internal.Utils - [Utils] MethodGroupsHelper.collectMethodsByGroup() took 0 ms.
22:02:59.128 [main] INFO  org.testng.internal.Utils - [Utils] MethodGroupsHelper.sortMethods() took 0 ms.
22:02:59.129 [main] INFO  org.testng.internal.Utils - [Utils] MethodGroupsHelper.collectMethodsByGroup() took 0 ms.
22:02:59.130 [main] INFO  org.testng.internal.Utils - [Utils] MethodGroupsHelper.sortMethods() took 0 ms.
22:02:59.134 [main] INFO  org.testng.internal.Utils - [Utils] MethodGroupsHelper.collectMethodsByGroup() took 0 ms.
22:02:59.135 [main] INFO  org.testng.internal.Utils - [Utils] MethodGroupsHelper.sortMethods() took 0 ms.
22:02:59.135 [main] INFO  org.testng.internal.Utils - [Utils] MethodGroupsHelper.collectMethodsByGroup() took 0 ms.
22:02:59.138 [main] INFO  org.testng.internal.Utils - [Utils] MethodGroupsHelper.sortMethods() took 2 ms.
22:02:59.140 [main] INFO  org.testng.internal.Utils - [Utils] MethodGroupsHelper.collectMethodsByGroup() took 0 ms.
22:02:59.140 [main] INFO  org.testng.internal.Utils - [Utils] MethodGroupsHelper.sortMethods() took 0 ms.
22:02:59.140 [main] INFO  org.testng.internal.Utils - [Utils] MethodGroupsHelper.collectMethodsByGroup() took 0 ms.
22:02:59.141 [main] INFO  org.testng.internal.Utils - [Utils] MethodGroupsHelper.sortMethods() took 0 ms.
22:02:59.143 [main] INFO  org.testng.internal.Utils - [Utils] MethodGroupsHelper.collectMethodsByGroup() took 0 ms.
22:02:59.144 [main] INFO  org.testng.internal.Utils - [Utils] MethodGroupsHelper.sortMethods() took 1 ms.
22:02:59.146 [main] INFO  org.testng.internal.Utils - [Utils] MethodGroupsHelper.collectMethodsByGroup() took 0 ms.
22:02:59.147 [main] INFO  org.testng.internal.Utils - [Utils] MethodGroupsHelper.sortMethods() took 0 ms.
22:02:59.147 [main] INFO  org.testng.internal.Utils - [Utils] MethodGroupsHelper.collectMethodsByGroup() took 0 ms.
22:02:59.147 [main] INFO  org.testng.internal.Utils - [Utils] MethodGroupsHelper.sortMethods() took 0 ms.
22:02:59.156 [main] INFO  org.testng.internal.Utils - [TestNG] Running:
  D:\Testing\TheCapacity\testCases.xml

22:02:59.169 [main] INFO  org.testng.internal.Utils - [ThreadUtil] Starting executor timeOut:2147483647ms workers:1 threadPoolSize:5
22:02:59.203 [TestNG-tests-1] INFO  org.testng.internal.Utils - [Utils] DynamicGraphHelper.createDynamicGraph() took 8 ms.
22:03:42.858 [main] INFO  org.testng.internal.Utils - [TestNG] Time taken by org.testng.internal.ExitCodeListener@33fe57a9: 0 ms
22:07:21.174 [main] WARN  org.testng.xml.TestNGContentHandler - It is strongly recommended to add "<!DOCTYPE suite SYSTEM "https://testng.org/testng-1.0.dtd" >" at the top of the suite file [D:\Testing\TheCapacity\testCases.xml] otherwise TestNG may fail or not work as expected.
22:07:21.537 [main] INFO  org.testng.internal.Utils - [Utils] MethodGroupsHelper.collectMethodsByGroup() took 0 ms.
22:07:21.543 [main] INFO  org.testng.internal.Utils - [Utils] MethodGroupsHelper.sortMethods() took 2 ms.
22:07:21.546 [main] INFO  org.testng.internal.Utils - [Utils] MethodGroupsHelper.collectMethodsByGroup() took 0 ms.
22:07:21.546 [main] INFO  org.testng.internal.Utils - [Utils] MethodGroupsHelper.sortMethods() took 0 ms.
22:07:21.547 [main] INFO  org.testng.internal.Utils - [Utils] MethodGroupsHelper.collectMethodsByGroup() took 0 ms.
22:07:21.548 [main] INFO  org.testng.internal.Utils - [Utils] MethodGroupsHelper.sortMethods() took 0 ms.
22:07:21.549 [main] INFO  org.testng.internal.Utils - [Utils] MethodGroupsHelper.collectMethodsByGroup() took 0 ms.
22:07:21.550 [main] INFO  org.testng.internal.Utils - [Utils] MethodGroupsHelper.sortMethods() took 0 ms.
22:07:21.558 [main] INFO  org.testng.internal.Utils - [Utils] MethodGroupsHelper.collectMethodsByGroup() took 4 ms.
22:07:21.579 [main] INFO  org.testng.internal.Utils - [Utils] MethodGroupsHelper.sortMethods() took 21 ms.
22:07:21.584 [main] INFO  org.testng.internal.Utils - [Utils] MethodGroupsHelper.collectMethodsByGroup() took 0 ms.
22:07:21.585 [main] INFO  org.testng.internal.Utils - [Utils] MethodGroupsHelper.sortMethods() took 0 ms.
22:07:21.585 [main] INFO  org.testng.internal.Utils - [Utils] MethodGroupsHelper.collectMethodsByGroup() took 0 ms.
22:07:21.585 [main] INFO  org.testng.internal.Utils - [Utils] MethodGroupsHelper.sortMethods() took 0 ms.
22:07:21.587 [main] INFO  org.testng.internal.Utils - [Utils] MethodGroupsHelper.collectMethodsByGroup() took 0 ms.
22:07:21.589 [main] INFO  org.testng.internal.Utils - [Utils] MethodGroupsHelper.sortMethods() took 1 ms.
22:07:21.594 [main] INFO  org.testng.internal.Utils - [Utils] MethodGroupsHelper.collectMethodsByGroup() took 0 ms.
22:07:21.594 [main] INFO  org.testng.internal.Utils - [Utils] MethodGroupsHelper.sortMethods() took 0 ms.
22:07:21.595 [main] INFO  org.testng.internal.Utils - [Utils] MethodGroupsHelper.collectMethodsByGroup() took 0 ms.
22:07:21.596 [main] INFO  org.testng.internal.Utils - [Utils] MethodGroupsHelper.sortMethods() took 0 ms.
22:07:21.598 [main] INFO  org.testng.internal.Utils - [Utils] MethodGroupsHelper.collectMethodsByGroup() took 0 ms.
22:07:21.598 [main] INFO  org.testng.internal.Utils - [Utils] MethodGroupsHelper.sortMethods() took 0 ms.
22:07:21.599 [main] INFO  org.testng.internal.Utils - [Utils] MethodGroupsHelper.collectMethodsByGroup() took 0 ms.
22:07:21.599 [main] INFO  org.testng.internal.Utils - [Utils] MethodGroupsHelper.sortMethods() took 0 ms.
22:07:21.601 [main] INFO  org.testng.internal.Utils - [Utils] MethodGroupsHelper.collectMethodsByGroup() took 0 ms.
22:07:21.602 [main] INFO  org.testng.internal.Utils - [Utils] MethodGroupsHelper.sortMethods() took 0 ms.
22:07:21.604 [main] INFO  org.testng.internal.Utils - [Utils] MethodGroupsHelper.collectMethodsByGroup() took 0 ms.
22:07:21.605 [main] INFO  org.testng.internal.Utils - [Utils] MethodGroupsHelper.sortMethods() took 0 ms.
22:07:21.605 [main] INFO  org.testng.internal.Utils - [Utils] MethodGroupsHelper.collectMethodsByGroup() took 0 ms.
22:07:21.605 [main] INFO  org.testng.internal.Utils - [Utils] MethodGroupsHelper.sortMethods() took 0 ms.
22:07:21.614 [main] INFO  org.testng.internal.Utils - [TestNG] Running:
  D:\Testing\TheCapacity\testCases.xml

22:07:21.627 [main] INFO  org.testng.internal.Utils - [ThreadUtil] Starting executor timeOut:2147483647ms workers:1 threadPoolSize:5
22:07:21.658 [TestNG-tests-1] INFO  org.testng.internal.Utils - [Utils] DynamicGraphHelper.createDynamicGraph() took 8 ms.
22:08:20.605 [main] INFO  org.testng.internal.Utils - [TestNG] Time taken by org.testng.internal.ExitCodeListener@4b14918a: 0 ms
22:11:11.582 [main] WARN  org.testng.xml.TestNGContentHandler - It is strongly recommended to add "<!DOCTYPE suite SYSTEM "https://testng.org/testng-1.0.dtd" >" at the top of the suite file [D:\Testing\TheCapacity\testCases.xml] otherwise TestNG may fail or not work as expected.
22:11:11.945 [main] INFO  org.testng.internal.Utils - [Utils] MethodGroupsHelper.collectMethodsByGroup() took 0 ms.
22:11:11.951 [main] INFO  org.testng.internal.Utils - [Utils] MethodGroupsHelper.sortMethods() took 3 ms.
22:11:11.954 [main] INFO  org.testng.internal.Utils - [Utils] MethodGroupsHelper.collectMethodsByGroup() took 0 ms.
22:11:11.955 [main] INFO  org.testng.internal.Utils - [Utils] MethodGroupsHelper.sortMethods() took 0 ms.
22:11:11.956 [main] INFO  org.testng.internal.Utils - [Utils] MethodGroupsHelper.collectMethodsByGroup() took 0 ms.
22:11:11.957 [main] INFO  org.testng.internal.Utils - [Utils] MethodGroupsHelper.sortMethods() took 0 ms.
22:11:11.958 [main] INFO  org.testng.internal.Utils - [Utils] MethodGroupsHelper.collectMethodsByGroup() took 0 ms.
22:11:11.958 [main] INFO  org.testng.internal.Utils - [Utils] MethodGroupsHelper.sortMethods() took 0 ms.
22:11:11.966 [main] INFO  org.testng.internal.Utils - [Utils] MethodGroupsHelper.collectMethodsByGroup() took 5 ms.
22:11:11.987 [main] INFO  org.testng.internal.Utils - [Utils] MethodGroupsHelper.sortMethods() took 20 ms.
22:11:11.992 [main] INFO  org.testng.internal.Utils - [Utils] MethodGroupsHelper.collectMethodsByGroup() took 0 ms.
22:11:11.993 [main] INFO  org.testng.internal.Utils - [Utils] MethodGroupsHelper.sortMethods() took 1 ms.
22:11:11.995 [main] INFO  org.testng.internal.Utils - [Utils] MethodGroupsHelper.collectMethodsByGroup() took 0 ms.
22:11:11.995 [main] INFO  org.testng.internal.Utils - [Utils] MethodGroupsHelper.sortMethods() took 0 ms.
22:11:11.996 [main] INFO  org.testng.internal.Utils - [Utils] MethodGroupsHelper.collectMethodsByGroup() took 0 ms.
22:11:11.996 [main] INFO  org.testng.internal.Utils - [Utils] MethodGroupsHelper.sortMethods() took 0 ms.
22:11:12.002 [main] INFO  org.testng.internal.Utils - [Utils] MethodGroupsHelper.collectMethodsByGroup() took 0 ms.
22:11:12.003 [main] INFO  org.testng.internal.Utils - [Utils] MethodGroupsHelper.sortMethods() took 0 ms.
22:11:12.004 [main] INFO  org.testng.internal.Utils - [Utils] MethodGroupsHelper.collectMethodsByGroup() took 0 ms.
22:11:12.004 [main] INFO  org.testng.internal.Utils - [Utils] MethodGroupsHelper.sortMethods() took 0 ms.
22:11:12.007 [main] INFO  org.testng.internal.Utils - [Utils] MethodGroupsHelper.collectMethodsByGroup() took 0 ms.
22:11:12.007 [main] INFO  org.testng.internal.Utils - [Utils] MethodGroupsHelper.sortMethods() took 0 ms.
22:11:12.007 [main] INFO  org.testng.internal.Utils - [Utils] MethodGroupsHelper.collectMethodsByGroup() took 0 ms.
22:11:12.008 [main] INFO  org.testng.internal.Utils - [Utils] MethodGroupsHelper.sortMethods() took 0 ms.
22:11:12.009 [main] INFO  org.testng.internal.Utils - [Utils] MethodGroupsHelper.collectMethodsByGroup() took 1 ms.
22:11:12.010 [main] INFO  org.testng.internal.Utils - [Utils] MethodGroupsHelper.sortMethods() took 0 ms.
22:11:12.012 [main] INFO  org.testng.internal.Utils - [Utils] MethodGroupsHelper.collectMethodsByGroup() took 0 ms.
22:11:12.012 [main] INFO  org.testng.internal.Utils - [Utils] MethodGroupsHelper.sortMethods() took 0 ms.
22:11:12.012 [main] INFO  org.testng.internal.Utils - [Utils] MethodGroupsHelper.collectMethodsByGroup() took 0 ms.
22:11:12.013 [main] INFO  org.testng.internal.Utils - [Utils] MethodGroupsHelper.sortMethods() took 0 ms.
22:11:12.021 [main] INFO  org.testng.internal.Utils - [TestNG] Running:
  D:\Testing\TheCapacity\testCases.xml

22:11:12.032 [main] INFO  org.testng.internal.Utils - [ThreadUtil] Starting executor timeOut:2147483647ms workers:1 threadPoolSize:5
22:11:12.061 [TestNG-tests-1] INFO  org.testng.internal.Utils - [Utils] DynamicGraphHelper.createDynamicGraph() took 8 ms.
22:12:14.001 [main] INFO  org.testng.internal.Utils - [TestNG] Time taken by org.testng.internal.ExitCodeListener@71529963: 0 ms
22:13:54.662 [main] WARN  org.testng.xml.TestNGContentHandler - It is strongly recommended to add "<!DOCTYPE suite SYSTEM "https://testng.org/testng-1.0.dtd" >" at the top of the suite file [D:\Testing\TheCapacity\testCases.xml] otherwise TestNG may fail or not work as expected.
22:13:55.021 [main] INFO  org.testng.internal.Utils - [Utils] MethodGroupsHelper.collectMethodsByGroup() took 0 ms.
22:13:55.029 [main] INFO  org.testng.internal.Utils - [Utils] MethodGroupsHelper.sortMethods() took 2 ms.
22:13:55.033 [main] INFO  org.testng.internal.Utils - [Utils] MethodGroupsHelper.collectMethodsByGroup() took 0 ms.
22:13:55.033 [main] INFO  org.testng.internal.Utils - [Utils] MethodGroupsHelper.sortMethods() took 0 ms.
22:13:55.033 [main] INFO  org.testng.internal.Utils - [Utils] MethodGroupsHelper.collectMethodsByGroup() took 0 ms.
22:13:55.033 [main] INFO  org.testng.internal.Utils - [Utils] MethodGroupsHelper.sortMethods() took 0 ms.
22:13:55.037 [main] INFO  org.testng.internal.Utils - [Utils] MethodGroupsHelper.collectMethodsByGroup() took 0 ms.
22:13:55.037 [main] INFO  org.testng.internal.Utils - [Utils] MethodGroupsHelper.sortMethods() took 0 ms.
22:13:55.044 [main] INFO  org.testng.internal.Utils - [Utils] MethodGroupsHelper.collectMethodsByGroup() took 4 ms.
22:13:55.067 [main] INFO  org.testng.internal.Utils - [Utils] MethodGroupsHelper.sortMethods() took 23 ms.
22:13:55.071 [main] INFO  org.testng.internal.Utils - [Utils] MethodGroupsHelper.collectMethodsByGroup() took 0 ms.
22:13:55.072 [main] INFO  org.testng.internal.Utils - [Utils] MethodGroupsHelper.sortMethods() took 0 ms.
22:13:55.073 [main] INFO  org.testng.internal.Utils - [Utils] MethodGroupsHelper.collectMethodsByGroup() took 0 ms.
22:13:55.074 [main] INFO  org.testng.internal.Utils - [Utils] MethodGroupsHelper.sortMethods() took 0 ms.
22:13:55.074 [main] INFO  org.testng.internal.Utils - [Utils] MethodGroupsHelper.collectMethodsByGroup() took 0 ms.
22:13:55.075 [main] INFO  org.testng.internal.Utils - [Utils] MethodGroupsHelper.sortMethods() took 0 ms.
22:13:55.081 [main] INFO  org.testng.internal.Utils - [Utils] MethodGroupsHelper.collectMethodsByGroup() took 0 ms.
22:13:55.081 [main] INFO  org.testng.internal.Utils - [Utils] MethodGroupsHelper.sortMethods() took 0 ms.
22:13:55.083 [main] INFO  org.testng.internal.Utils - [Utils] MethodGroupsHelper.collectMethodsByGroup() took 0 ms.
22:13:55.083 [main] INFO  org.testng.internal.Utils - [Utils] MethodGroupsHelper.sortMethods() took 0 ms.
22:13:55.085 [main] INFO  org.testng.internal.Utils - [Utils] MethodGroupsHelper.collectMethodsByGroup() took 0 ms.
22:13:55.085 [main] INFO  org.testng.internal.Utils - [Utils] MethodGroupsHelper.sortMethods() took 0 ms.
22:13:55.086 [main] INFO  org.testng.internal.Utils - [Utils] MethodGroupsHelper.collectMethodsByGroup() took 0 ms.
22:13:55.086 [main] INFO  org.testng.internal.Utils - [Utils] MethodGroupsHelper.sortMethods() took 0 ms.
22:13:55.088 [main] INFO  org.testng.internal.Utils - [Utils] MethodGroupsHelper.collectMethodsByGroup() took 0 ms.
22:13:55.089 [main] INFO  org.testng.internal.Utils - [Utils] MethodGroupsHelper.sortMethods() took 0 ms.
22:13:55.091 [main] INFO  org.testng.internal.Utils - [Utils] MethodGroupsHelper.collectMethodsByGroup() took 0 ms.
22:13:55.091 [main] INFO  org.testng.internal.Utils - [Utils] MethodGroupsHelper.sortMethods() took 0 ms.
22:13:55.091 [main] INFO  org.testng.internal.Utils - [Utils] MethodGroupsHelper.collectMethodsByGroup() took 0 ms.
22:13:55.091 [main] INFO  org.testng.internal.Utils - [Utils] MethodGroupsHelper.sortMethods() took 0 ms.
22:13:55.101 [main] INFO  org.testng.internal.Utils - [TestNG] Running:
  D:\Testing\TheCapacity\testCases.xml

22:13:55.112 [main] INFO  org.testng.internal.Utils - [ThreadUtil] Starting executor timeOut:2147483647ms workers:1 threadPoolSize:5
22:13:55.142 [TestNG-tests-1] INFO  org.testng.internal.Utils - [Utils] DynamicGraphHelper.createDynamicGraph() took 7 ms.
22:14:52.796 [main] INFO  org.testng.internal.Utils - [TestNG] Time taken by org.testng.internal.ExitCodeListener@4748a0f9: 0 ms
22:18:06.639 [main] WARN  org.testng.xml.TestNGContentHandler - It is strongly recommended to add "<!DOCTYPE suite SYSTEM "https://testng.org/testng-1.0.dtd" >" at the top of the suite file [D:\Testing\TheCapacity\testCases.xml] otherwise TestNG may fail or not work as expected.
22:18:06.999 [main] INFO  org.testng.internal.Utils - [Utils] MethodGroupsHelper.collectMethodsByGroup() took 0 ms.
22:18:07.005 [main] INFO  org.testng.internal.Utils - [Utils] MethodGroupsHelper.sortMethods() took 3 ms.
22:18:07.008 [main] INFO  org.testng.internal.Utils - [Utils] MethodGroupsHelper.collectMethodsByGroup() took 0 ms.
22:18:07.009 [main] INFO  org.testng.internal.Utils - [Utils] MethodGroupsHelper.sortMethods() took 0 ms.
22:18:07.010 [main] INFO  org.testng.internal.Utils - [Utils] MethodGroupsHelper.collectMethodsByGroup() took 0 ms.
22:18:07.010 [main] INFO  org.testng.internal.Utils - [Utils] MethodGroupsHelper.sortMethods() took 0 ms.
22:18:07.010 [main] INFO  org.testng.internal.Utils - [Utils] MethodGroupsHelper.collectMethodsByGroup() took 0 ms.
22:18:07.010 [main] INFO  org.testng.internal.Utils - [Utils] MethodGroupsHelper.sortMethods() took 0 ms.
22:18:07.022 [main] INFO  org.testng.internal.Utils - [Utils] MethodGroupsHelper.collectMethodsByGroup() took 7 ms.
22:18:07.045 [main] INFO  org.testng.internal.Utils - [Utils] MethodGroupsHelper.sortMethods() took 22 ms.
22:18:07.048 [main] INFO  org.testng.internal.Utils - [Utils] MethodGroupsHelper.collectMethodsByGroup() took 0 ms.
22:18:07.049 [main] INFO  org.testng.internal.Utils - [Utils] MethodGroupsHelper.sortMethods() took 0 ms.
22:18:07.050 [main] INFO  org.testng.internal.Utils - [Utils] MethodGroupsHelper.collectMethodsByGroup() took 0 ms.
22:18:07.051 [main] INFO  org.testng.internal.Utils - [Utils] MethodGroupsHelper.sortMethods() took 0 ms.
22:18:07.051 [main] INFO  org.testng.internal.Utils - [Utils] MethodGroupsHelper.collectMethodsByGroup() took 0 ms.
22:18:07.052 [main] INFO  org.testng.internal.Utils - [Utils] MethodGroupsHelper.sortMethods() took 0 ms.
22:18:07.057 [main] INFO  org.testng.internal.Utils - [Utils] MethodGroupsHelper.collectMethodsByGroup() took 0 ms.
22:18:07.058 [main] INFO  org.testng.internal.Utils - [Utils] MethodGroupsHelper.sortMethods() took 0 ms.
22:18:07.059 [main] INFO  org.testng.internal.Utils - [Utils] MethodGroupsHelper.collectMethodsByGroup() took 0 ms.
22:18:07.059 [main] INFO  org.testng.internal.Utils - [Utils] MethodGroupsHelper.sortMethods() took 0 ms.
22:18:07.061 [main] INFO  org.testng.internal.Utils - [Utils] MethodGroupsHelper.collectMethodsByGroup() took 0 ms.
22:18:07.062 [main] INFO  org.testng.internal.Utils - [Utils] MethodGroupsHelper.sortMethods() took 0 ms.
22:18:07.062 [main] INFO  org.testng.internal.Utils - [Utils] MethodGroupsHelper.collectMethodsByGroup() took 0 ms.
22:18:07.062 [main] INFO  org.testng.internal.Utils - [Utils] MethodGroupsHelper.sortMethods() took 0 ms.
22:18:07.064 [main] INFO  org.testng.internal.Utils - [Utils] MethodGroupsHelper.collectMethodsByGroup() took 0 ms.
22:18:07.065 [main] INFO  org.testng.internal.Utils - [Utils] MethodGroupsHelper.sortMethods() took 0 ms.
22:18:07.067 [main] INFO  org.testng.internal.Utils - [Utils] MethodGroupsHelper.collectMethodsByGroup() took 0 ms.
22:18:07.067 [main] INFO  org.testng.internal.Utils - [Utils] MethodGroupsHelper.sortMethods() took 0 ms.
22:18:07.068 [main] INFO  org.testng.internal.Utils - [Utils] MethodGroupsHelper.collectMethodsByGroup() took 0 ms.
22:18:07.068 [main] INFO  org.testng.internal.Utils - [Utils] MethodGroupsHelper.sortMethods() took 0 ms.
22:18:07.078 [main] INFO  org.testng.internal.Utils - [TestNG] Running:
  D:\Testing\TheCapacity\testCases.xml

22:18:07.088 [main] INFO  org.testng.internal.Utils - [ThreadUtil] Starting executor timeOut:2147483647ms workers:1 threadPoolSize:5
22:18:07.121 [TestNG-tests-1] INFO  org.testng.internal.Utils - [Utils] DynamicGraphHelper.createDynamicGraph() took 9 ms.
22:18:39.643 [main] INFO  org.testng.internal.Utils - [TestNG] Time taken by org.testng.internal.ExitCodeListener@5adb0db3: 0 ms
22:20:10.641 [main] WARN  org.testng.xml.TestNGContentHandler - It is strongly recommended to add "<!DOCTYPE suite SYSTEM "https://testng.org/testng-1.0.dtd" >" at the top of the suite file [D:\Testing\TheCapacity\testCases.xml] otherwise TestNG may fail or not work as expected.
22:20:11.173 [main] INFO  org.testng.internal.Utils - [Utils] MethodGroupsHelper.collectMethodsByGroup() took 2 ms.
22:20:11.180 [main] INFO  org.testng.internal.Utils - [Utils] MethodGroupsHelper.sortMethods() took 3 ms.
22:20:11.183 [main] INFO  org.testng.internal.Utils - [Utils] MethodGroupsHelper.collectMethodsByGroup() took 0 ms.
22:20:11.184 [main] INFO  org.testng.internal.Utils - [Utils] MethodGroupsHelper.sortMethods() took 0 ms.
22:20:11.185 [main] INFO  org.testng.internal.Utils - [Utils] MethodGroupsHelper.collectMethodsByGroup() took 0 ms.
22:20:11.186 [main] INFO  org.testng.internal.Utils - [Utils] MethodGroupsHelper.sortMethods() took 0 ms.
22:20:11.187 [main] INFO  org.testng.internal.Utils - [Utils] MethodGroupsHelper.collectMethodsByGroup() took 0 ms.
22:20:11.188 [main] INFO  org.testng.internal.Utils - [Utils] MethodGroupsHelper.sortMethods() took 0 ms.
22:20:11.195 [main] INFO  org.testng.internal.Utils - [Utils] MethodGroupsHelper.collectMethodsByGroup() took 4 ms.
22:20:11.218 [main] INFO  org.testng.internal.Utils - [Utils] MethodGroupsHelper.sortMethods() took 22 ms.
22:20:11.220 [main] INFO  org.testng.internal.Utils - [Utils] MethodGroupsHelper.collectMethodsByGroup() took 0 ms.
22:20:11.221 [main] INFO  org.testng.internal.Utils - [Utils] MethodGroupsHelper.sortMethods() took 0 ms.
22:20:11.223 [main] INFO  org.testng.internal.Utils - [Utils] MethodGroupsHelper.collectMethodsByGroup() took 0 ms.
22:20:11.223 [main] INFO  org.testng.internal.Utils - [Utils] MethodGroupsHelper.sortMethods() took 0 ms.
22:20:11.224 [main] INFO  org.testng.internal.Utils - [Utils] MethodGroupsHelper.collectMethodsByGroup() took 0 ms.
22:20:11.225 [main] INFO  org.testng.internal.Utils - [Utils] MethodGroupsHelper.sortMethods() took 0 ms.
22:20:11.230 [main] INFO  org.testng.internal.Utils - [Utils] MethodGroupsHelper.collectMethodsByGroup() took 0 ms.
22:20:11.230 [main] INFO  org.testng.internal.Utils - [Utils] MethodGroupsHelper.sortMethods() took 0 ms.
22:20:11.231 [main] INFO  org.testng.internal.Utils - [Utils] MethodGroupsHelper.collectMethodsByGroup() took 0 ms.
22:20:11.231 [main] INFO  org.testng.internal.Utils - [Utils] MethodGroupsHelper.sortMethods() took 0 ms.
22:20:11.233 [main] INFO  org.testng.internal.Utils - [Utils] MethodGroupsHelper.collectMethodsByGroup() took 0 ms.
22:20:11.234 [main] INFO  org.testng.internal.Utils - [Utils] MethodGroupsHelper.sortMethods() took 0 ms.
22:20:11.234 [main] INFO  org.testng.internal.Utils - [Utils] MethodGroupsHelper.collectMethodsByGroup() took 0 ms.
22:20:11.234 [main] INFO  org.testng.internal.Utils - [Utils] MethodGroupsHelper.sortMethods() took 0 ms.
22:20:11.236 [main] INFO  org.testng.internal.Utils - [Utils] MethodGroupsHelper.collectMethodsByGroup() took 0 ms.
22:20:11.237 [main] INFO  org.testng.internal.Utils - [Utils] MethodGroupsHelper.sortMethods() took 0 ms.
22:20:11.238 [main] INFO  org.testng.internal.Utils - [Utils] MethodGroupsHelper.collectMethodsByGroup() took 0 ms.
22:20:11.238 [main] INFO  org.testng.internal.Utils - [Utils] MethodGroupsHelper.sortMethods() took 0 ms.
22:20:11.240 [main] INFO  org.testng.internal.Utils - [Utils] MethodGroupsHelper.collectMethodsByGroup() took 0 ms.
22:20:11.240 [main] INFO  org.testng.internal.Utils - [Utils] MethodGroupsHelper.sortMethods() took 0 ms.
22:20:11.248 [main] INFO  org.testng.internal.Utils - [TestNG] Running:
  D:\Testing\TheCapacity\testCases.xml

22:20:11.257 [main] INFO  org.testng.internal.Utils - [ThreadUtil] Starting executor timeOut:2147483647ms workers:1 threadPoolSize:5
22:20:11.285 [TestNG-tests-1] INFO  org.testng.internal.Utils - [Utils] DynamicGraphHelper.createDynamicGraph() took 7 ms.
22:20:44.856 [main] INFO  org.testng.internal.Utils - [TestNG] Time taken by org.testng.internal.ExitCodeListener@66ac5762: 0 ms
22:23:13.161 [main] WARN  org.testng.xml.TestNGContentHandler - It is strongly recommended to add "<!DOCTYPE suite SYSTEM "https://testng.org/testng-1.0.dtd" >" at the top of the suite file [D:\Testing\TheCapacity\testCases.xml] otherwise TestNG may fail or not work as expected.
22:23:13.533 [main] INFO  org.testng.internal.Utils - [Utils] MethodGroupsHelper.collectMethodsByGroup() took 3 ms.
22:23:13.538 [main] INFO  org.testng.internal.Utils - [Utils] MethodGroupsHelper.sortMethods() took 2 ms.
22:23:13.542 [main] INFO  org.testng.internal.Utils - [Utils] MethodGroupsHelper.collectMethodsByGroup() took 0 ms.
22:23:13.543 [main] INFO  org.testng.internal.Utils - [Utils] MethodGroupsHelper.sortMethods() took 0 ms.
22:23:13.544 [main] INFO  org.testng.internal.Utils - [Utils] MethodGroupsHelper.collectMethodsByGroup() took 0 ms.
22:23:13.544 [main] INFO  org.testng.internal.Utils - [Utils] MethodGroupsHelper.sortMethods() took 0 ms.
22:23:13.544 [main] INFO  org.testng.internal.Utils - [Utils] MethodGroupsHelper.collectMethodsByGroup() took 0 ms.
22:23:13.544 [main] INFO  org.testng.internal.Utils - [Utils] MethodGroupsHelper.sortMethods() took 0 ms.
22:23:13.553 [main] INFO  org.testng.internal.Utils - [Utils] MethodGroupsHelper.collectMethodsByGroup() took 4 ms.
22:23:13.576 [main] INFO  org.testng.internal.Utils - [Utils] MethodGroupsHelper.sortMethods() took 23 ms.
22:23:13.581 [main] INFO  org.testng.internal.Utils - [Utils] MethodGroupsHelper.collectMethodsByGroup() took 0 ms.
22:23:13.582 [main] INFO  org.testng.internal.Utils - [Utils] MethodGroupsHelper.sortMethods() took 0 ms.
22:23:13.583 [main] INFO  org.testng.internal.Utils - [Utils] MethodGroupsHelper.collectMethodsByGroup() took 0 ms.
22:23:13.585 [main] INFO  org.testng.internal.Utils - [Utils] MethodGroupsHelper.sortMethods() took 0 ms.
22:23:13.586 [main] INFO  org.testng.internal.Utils - [Utils] MethodGroupsHelper.collectMethodsByGroup() took 0 ms.
22:23:13.586 [main] INFO  org.testng.internal.Utils - [Utils] MethodGroupsHelper.sortMethods() took 0 ms.
22:23:13.592 [main] INFO  org.testng.internal.Utils - [Utils] MethodGroupsHelper.collectMethodsByGroup() took 0 ms.
22:23:13.593 [main] INFO  org.testng.internal.Utils - [Utils] MethodGroupsHelper.sortMethods() took 0 ms.
22:23:13.593 [main] INFO  org.testng.internal.Utils - [Utils] MethodGroupsHelper.collectMethodsByGroup() took 0 ms.
22:23:13.594 [main] INFO  org.testng.internal.Utils - [Utils] MethodGroupsHelper.sortMethods() took 0 ms.
22:23:13.597 [main] INFO  org.testng.internal.Utils - [Utils] MethodGroupsHelper.collectMethodsByGroup() took 0 ms.
22:23:13.597 [main] INFO  org.testng.internal.Utils - [Utils] MethodGroupsHelper.sortMethods() took 0 ms.
22:23:13.597 [main] INFO  org.testng.internal.Utils - [Utils] MethodGroupsHelper.collectMethodsByGroup() took 0 ms.
22:23:13.598 [main] INFO  org.testng.internal.Utils - [Utils] MethodGroupsHelper.sortMethods() took 0 ms.
22:23:13.599 [main] INFO  org.testng.internal.Utils - [Utils] MethodGroupsHelper.collectMethodsByGroup() took 0 ms.
22:23:13.600 [main] INFO  org.testng.internal.Utils - [Utils] MethodGroupsHelper.sortMethods() took 0 ms.
22:23:13.602 [main] INFO  org.testng.internal.Utils - [Utils] MethodGroupsHelper.collectMethodsByGroup() took 0 ms.
22:23:13.602 [main] INFO  org.testng.internal.Utils - [Utils] MethodGroupsHelper.sortMethods() took 0 ms.
22:23:13.603 [main] INFO  org.testng.internal.Utils - [Utils] MethodGroupsHelper.collectMethodsByGroup() took 0 ms.
22:23:13.603 [main] INFO  org.testng.internal.Utils - [Utils] MethodGroupsHelper.sortMethods() took 0 ms.
22:23:13.611 [main] INFO  org.testng.internal.Utils - [TestNG] Running:
  D:\Testing\TheCapacity\testCases.xml

22:23:13.622 [main] INFO  org.testng.internal.Utils - [ThreadUtil] Starting executor timeOut:2147483647ms workers:1 threadPoolSize:5
22:23:13.652 [TestNG-tests-1] INFO  org.testng.internal.Utils - [Utils] DynamicGraphHelper.createDynamicGraph() took 8 ms.
22:24:21.109 [main] INFO  org.testng.internal.Utils - [TestNG] Time taken by org.testng.internal.ExitCodeListener@512535ff: 0 ms
22:38:32.225 [main] WARN  org.testng.xml.TestNGContentHandler - It is strongly recommended to add "<!DOCTYPE suite SYSTEM "https://testng.org/testng-1.0.dtd" >" at the top of the suite file [D:\Testing\TheCapacity\testCases.xml] otherwise TestNG may fail or not work as expected.
22:38:32.597 [main] INFO  org.testng.internal.Utils - [Utils] MethodGroupsHelper.collectMethodsByGroup() took 1 ms.
22:38:32.605 [main] INFO  org.testng.internal.Utils - [Utils] MethodGroupsHelper.sortMethods() took 2 ms.
22:38:32.608 [main] INFO  org.testng.internal.Utils - [Utils] MethodGroupsHelper.collectMethodsByGroup() took 0 ms.
22:38:32.609 [main] INFO  org.testng.internal.Utils - [Utils] MethodGroupsHelper.sortMethods() took 0 ms.
22:38:32.610 [main] INFO  org.testng.internal.Utils - [Utils] MethodGroupsHelper.collectMethodsByGroup() took 0 ms.
22:38:32.610 [main] INFO  org.testng.internal.Utils - [Utils] MethodGroupsHelper.sortMethods() took 0 ms.
22:38:32.612 [main] INFO  org.testng.internal.Utils - [Utils] MethodGroupsHelper.collectMethodsByGroup() took 0 ms.
22:38:32.612 [main] INFO  org.testng.internal.Utils - [Utils] MethodGroupsHelper.sortMethods() took 0 ms.
22:38:32.619 [main] INFO  org.testng.internal.Utils - [Utils] MethodGroupsHelper.collectMethodsByGroup() took 4 ms.
22:38:32.644 [main] INFO  org.testng.internal.Utils - [Utils] MethodGroupsHelper.sortMethods() took 24 ms.
22:38:32.646 [main] INFO  org.testng.internal.Utils - [Utils] MethodGroupsHelper.collectMethodsByGroup() took 0 ms.
22:38:32.647 [main] INFO  org.testng.internal.Utils - [Utils] MethodGroupsHelper.sortMethods() took 0 ms.
22:38:32.649 [main] INFO  org.testng.internal.Utils - [Utils] MethodGroupsHelper.collectMethodsByGroup() took 0 ms.
22:38:32.649 [main] INFO  org.testng.internal.Utils - [Utils] MethodGroupsHelper.sortMethods() took 0 ms.
22:38:32.650 [main] INFO  org.testng.internal.Utils - [Utils] MethodGroupsHelper.collectMethodsByGroup() took 0 ms.
22:38:32.651 [main] INFO  org.testng.internal.Utils - [Utils] MethodGroupsHelper.sortMethods() took 0 ms.
22:38:32.656 [main] INFO  org.testng.internal.Utils - [Utils] MethodGroupsHelper.collectMethodsByGroup() took 0 ms.
22:38:32.657 [main] INFO  org.testng.internal.Utils - [Utils] MethodGroupsHelper.sortMethods() took 0 ms.
22:38:32.658 [main] INFO  org.testng.internal.Utils - [Utils] MethodGroupsHelper.collectMethodsByGroup() took 0 ms.
22:38:32.658 [main] INFO  org.testng.internal.Utils - [Utils] MethodGroupsHelper.sortMethods() took 0 ms.
22:38:32.660 [main] INFO  org.testng.internal.Utils - [Utils] MethodGroupsHelper.collectMethodsByGroup() took 0 ms.
22:38:32.660 [main] INFO  org.testng.internal.Utils - [Utils] MethodGroupsHelper.sortMethods() took 0 ms.
22:38:32.661 [main] INFO  org.testng.internal.Utils - [Utils] MethodGroupsHelper.collectMethodsByGroup() took 0 ms.
22:38:32.661 [main] INFO  org.testng.internal.Utils - [Utils] MethodGroupsHelper.sortMethods() took 0 ms.
22:38:32.663 [main] INFO  org.testng.internal.Utils - [Utils] MethodGroupsHelper.collectMethodsByGroup() took 0 ms.
22:38:32.663 [main] INFO  org.testng.internal.Utils - [Utils] MethodGroupsHelper.sortMethods() took 0 ms.
22:38:32.665 [main] INFO  org.testng.internal.Utils - [Utils] MethodGroupsHelper.collectMethodsByGroup() took 0 ms.
22:38:32.666 [main] INFO  org.testng.internal.Utils - [Utils] MethodGroupsHelper.sortMethods() took 0 ms.
22:38:32.666 [main] INFO  org.testng.internal.Utils - [Utils] MethodGroupsHelper.collectMethodsByGroup() took 0 ms.
22:38:32.666 [main] INFO  org.testng.internal.Utils - [Utils] MethodGroupsHelper.sortMethods() took 0 ms.
22:38:32.674 [main] INFO  org.testng.internal.Utils - [TestNG] Running:
  D:\Testing\TheCapacity\testCases.xml

22:38:32.684 [main] INFO  org.testng.internal.Utils - [ThreadUtil] Starting executor timeOut:2147483647ms workers:1 threadPoolSize:5
22:38:32.713 [TestNG-tests-1] INFO  org.testng.internal.Utils - [Utils] DynamicGraphHelper.createDynamicGraph() took 8 ms.
22:39:22.064 [main] INFO  org.testng.internal.Utils - [TestNG] Time taken by org.testng.internal.ExitCodeListener@db57326: 0 ms
22:47:08.782 [main] WARN  org.testng.xml.TestNGContentHandler - It is strongly recommended to add "<!DOCTYPE suite SYSTEM "https://testng.org/testng-1.0.dtd" >" at the top of the suite file [D:\Testing\TheCapacity\testCases.xml] otherwise TestNG may fail or not work as expected.
22:47:09.154 [main] INFO  org.testng.internal.Utils - [Utils] MethodGroupsHelper.collectMethodsByGroup() took 1 ms.
22:47:09.159 [main] INFO  org.testng.internal.Utils - [Utils] MethodGroupsHelper.sortMethods() took 2 ms.
22:47:09.162 [main] INFO  org.testng.internal.Utils - [Utils] MethodGroupsHelper.collectMethodsByGroup() took 0 ms.
22:47:09.162 [main] INFO  org.testng.internal.Utils - [Utils] MethodGroupsHelper.sortMethods() took 0 ms.
22:47:09.163 [main] INFO  org.testng.internal.Utils - [Utils] MethodGroupsHelper.collectMethodsByGroup() took 0 ms.
22:47:09.164 [main] INFO  org.testng.internal.Utils - [Utils] MethodGroupsHelper.sortMethods() took 0 ms.
22:47:09.166 [main] INFO  org.testng.internal.Utils - [Utils] MethodGroupsHelper.collectMethodsByGroup() took 0 ms.
22:47:09.166 [main] INFO  org.testng.internal.Utils - [Utils] MethodGroupsHelper.sortMethods() took 0 ms.
22:47:09.172 [main] INFO  org.testng.internal.Utils - [Utils] MethodGroupsHelper.collectMethodsByGroup() took 4 ms.
22:47:09.197 [main] INFO  org.testng.internal.Utils - [Utils] MethodGroupsHelper.sortMethods() took 23 ms.
22:47:09.201 [main] INFO  org.testng.internal.Utils - [Utils] MethodGroupsHelper.collectMethodsByGroup() took 0 ms.
22:47:09.202 [main] INFO  org.testng.internal.Utils - [Utils] MethodGroupsHelper.sortMethods() took 0 ms.
22:47:09.204 [main] INFO  org.testng.internal.Utils - [Utils] MethodGroupsHelper.collectMethodsByGroup() took 0 ms.
22:47:09.204 [main] INFO  org.testng.internal.Utils - [Utils] MethodGroupsHelper.sortMethods() took 0 ms.
22:47:09.205 [main] INFO  org.testng.internal.Utils - [Utils] MethodGroupsHelper.collectMethodsByGroup() took 0 ms.
22:47:09.205 [main] INFO  org.testng.internal.Utils - [Utils] MethodGroupsHelper.sortMethods() took 0 ms.
22:47:09.211 [main] INFO  org.testng.internal.Utils - [Utils] MethodGroupsHelper.collectMethodsByGroup() took 0 ms.
22:47:09.211 [main] INFO  org.testng.internal.Utils - [Utils] MethodGroupsHelper.sortMethods() took 0 ms.
22:47:09.212 [main] INFO  org.testng.internal.Utils - [Utils] MethodGroupsHelper.collectMethodsByGroup() took 0 ms.
22:47:09.213 [main] INFO  org.testng.internal.Utils - [Utils] MethodGroupsHelper.sortMethods() took 0 ms.
22:47:09.215 [main] INFO  org.testng.internal.Utils - [Utils] MethodGroupsHelper.collectMethodsByGroup() took 0 ms.
22:47:09.216 [main] INFO  org.testng.internal.Utils - [Utils] MethodGroupsHelper.sortMethods() took 0 ms.
22:47:09.216 [main] INFO  org.testng.internal.Utils - [Utils] MethodGroupsHelper.collectMethodsByGroup() took 0 ms.
22:47:09.216 [main] INFO  org.testng.internal.Utils - [Utils] MethodGroupsHelper.sortMethods() took 0 ms.
22:47:09.218 [main] INFO  org.testng.internal.Utils - [Utils] MethodGroupsHelper.collectMethodsByGroup() took 0 ms.
22:47:09.219 [main] INFO  org.testng.internal.Utils - [Utils] MethodGroupsHelper.sortMethods() took 0 ms.
22:47:09.222 [main] INFO  org.testng.internal.Utils - [Utils] MethodGroupsHelper.collectMethodsByGroup() took 0 ms.
22:47:09.222 [main] INFO  org.testng.internal.Utils - [Utils] MethodGroupsHelper.sortMethods() took 0 ms.
22:47:09.223 [main] INFO  org.testng.internal.Utils - [Utils] MethodGroupsHelper.collectMethodsByGroup() took 0 ms.
22:47:09.223 [main] INFO  org.testng.internal.Utils - [Utils] MethodGroupsHelper.sortMethods() took 0 ms.
22:47:09.232 [main] INFO  org.testng.internal.Utils - [TestNG] Running:
  D:\Testing\TheCapacity\testCases.xml

22:47:09.245 [main] INFO  org.testng.internal.Utils - [ThreadUtil] Starting executor timeOut:2147483647ms workers:1 threadPoolSize:5
22:47:09.276 [TestNG-tests-1] INFO  org.testng.internal.Utils - [Utils] DynamicGraphHelper.createDynamicGraph() took 8 ms.
22:47:49.078 [main] INFO  org.testng.internal.Utils - [TestNG] Time taken by org.testng.internal.ExitCodeListener@77d67cf3: 0 ms
22:48:16.954 [main] WARN  org.testng.xml.TestNGContentHandler - It is strongly recommended to add "<!DOCTYPE suite SYSTEM "https://testng.org/testng-1.0.dtd" >" at the top of the suite file [D:\Testing\TheCapacity\testCases.xml] otherwise TestNG may fail or not work as expected.
22:48:17.347 [main] INFO  org.testng.internal.Utils - [Utils] MethodGroupsHelper.collectMethodsByGroup() took 1 ms.
22:48:17.351 [main] INFO  org.testng.internal.Utils - [Utils] MethodGroupsHelper.sortMethods() took 1 ms.
22:48:17.354 [main] INFO  org.testng.internal.Utils - [Utils] MethodGroupsHelper.collectMethodsByGroup() took 0 ms.
22:48:17.355 [main] INFO  org.testng.internal.Utils - [Utils] MethodGroupsHelper.sortMethods() took 0 ms.
22:48:17.356 [main] INFO  org.testng.internal.Utils - [Utils] MethodGroupsHelper.collectMethodsByGroup() took 0 ms.
22:48:17.356 [main] INFO  org.testng.internal.Utils - [Utils] MethodGroupsHelper.sortMethods() took 0 ms.
22:48:17.357 [main] INFO  org.testng.internal.Utils - [Utils] MethodGroupsHelper.collectMethodsByGroup() took 0 ms.
22:48:17.358 [main] INFO  org.testng.internal.Utils - [Utils] MethodGroupsHelper.sortMethods() took 0 ms.
22:48:17.365 [main] INFO  org.testng.internal.Utils - [Utils] MethodGroupsHelper.collectMethodsByGroup() took 5 ms.
22:48:17.394 [main] INFO  org.testng.internal.Utils - [Utils] MethodGroupsHelper.sortMethods() took 28 ms.
22:48:17.397 [main] INFO  org.testng.internal.Utils - [Utils] MethodGroupsHelper.collectMethodsByGroup() took 0 ms.
22:48:17.399 [main] INFO  org.testng.internal.Utils - [Utils] MethodGroupsHelper.sortMethods() took 0 ms.
22:48:17.400 [main] INFO  org.testng.internal.Utils - [Utils] MethodGroupsHelper.collectMethodsByGroup() took 0 ms.
22:48:17.401 [main] INFO  org.testng.internal.Utils - [Utils] MethodGroupsHelper.sortMethods() took 0 ms.
22:48:17.402 [main] INFO  org.testng.internal.Utils - [Utils] MethodGroupsHelper.collectMethodsByGroup() took 0 ms.
22:48:17.402 [main] INFO  org.testng.internal.Utils - [Utils] MethodGroupsHelper.sortMethods() took 0 ms.
22:48:17.409 [main] INFO  org.testng.internal.Utils - [Utils] MethodGroupsHelper.collectMethodsByGroup() took 0 ms.
22:48:17.411 [main] INFO  org.testng.internal.Utils - [Utils] MethodGroupsHelper.sortMethods() took 0 ms.
22:48:17.411 [main] INFO  org.testng.internal.Utils - [Utils] MethodGroupsHelper.collectMethodsByGroup() took 0 ms.
22:48:17.411 [main] INFO  org.testng.internal.Utils - [Utils] MethodGroupsHelper.sortMethods() took 0 ms.
22:48:17.413 [main] INFO  org.testng.internal.Utils - [Utils] MethodGroupsHelper.collectMethodsByGroup() took 0 ms.
22:48:17.414 [main] INFO  org.testng.internal.Utils - [Utils] MethodGroupsHelper.sortMethods() took 0 ms.
22:48:17.414 [main] INFO  org.testng.internal.Utils - [Utils] MethodGroupsHelper.collectMethodsByGroup() took 0 ms.
22:48:17.415 [main] INFO  org.testng.internal.Utils - [Utils] MethodGroupsHelper.sortMethods() took 0 ms.
22:48:17.417 [main] INFO  org.testng.internal.Utils - [Utils] MethodGroupsHelper.collectMethodsByGroup() took 0 ms.
22:48:17.418 [main] INFO  org.testng.internal.Utils - [Utils] MethodGroupsHelper.sortMethods() took 0 ms.
22:48:17.420 [main] INFO  org.testng.internal.Utils - [Utils] MethodGroupsHelper.collectMethodsByGroup() took 0 ms.
22:48:17.420 [main] INFO  org.testng.internal.Utils - [Utils] MethodGroupsHelper.sortMethods() took 0 ms.
22:48:17.421 [main] INFO  org.testng.internal.Utils - [Utils] MethodGroupsHelper.collectMethodsByGroup() took 0 ms.
22:48:17.421 [main] INFO  org.testng.internal.Utils - [Utils] MethodGroupsHelper.sortMethods() took 0 ms.
22:48:17.429 [main] INFO  org.testng.internal.Utils - [TestNG] Running:
  D:\Testing\TheCapacity\testCases.xml

22:48:17.440 [main] INFO  org.testng.internal.Utils - [ThreadUtil] Starting executor timeOut:2147483647ms workers:1 threadPoolSize:5
22:48:17.469 [TestNG-tests-1] INFO  org.testng.internal.Utils - [Utils] DynamicGraphHelper.createDynamicGraph() took 6 ms.
22:48:57.353 [main] INFO  org.testng.internal.Utils - [TestNG] Time taken by org.testng.internal.ExitCodeListener@4982cc36: 0 ms
22:54:24.697 [main] WARN  org.testng.xml.TestNGContentHandler - It is strongly recommended to add "<!DOCTYPE suite SYSTEM "https://testng.org/testng-1.0.dtd" >" at the top of the suite file [D:\Testing\TheCapacity\testCases.xml] otherwise TestNG may fail or not work as expected.
22:54:25.063 [main] INFO  org.testng.internal.Utils - [Utils] MethodGroupsHelper.collectMethodsByGroup() took 1 ms.
22:54:25.069 [main] INFO  org.testng.internal.Utils - [Utils] MethodGroupsHelper.sortMethods() took 2 ms.
22:54:25.072 [main] INFO  org.testng.internal.Utils - [Utils] MethodGroupsHelper.collectMethodsByGroup() took 0 ms.
22:54:25.072 [main] INFO  org.testng.internal.Utils - [Utils] MethodGroupsHelper.sortMethods() took 0 ms.
22:54:25.074 [main] INFO  org.testng.internal.Utils - [Utils] MethodGroupsHelper.collectMethodsByGroup() took 0 ms.
22:54:25.074 [main] INFO  org.testng.internal.Utils - [Utils] MethodGroupsHelper.sortMethods() took 0 ms.
22:54:25.075 [main] INFO  org.testng.internal.Utils - [Utils] MethodGroupsHelper.collectMethodsByGroup() took 0 ms.
22:54:25.076 [main] INFO  org.testng.internal.Utils - [Utils] MethodGroupsHelper.sortMethods() took 0 ms.
22:54:25.084 [main] INFO  org.testng.internal.Utils - [Utils] MethodGroupsHelper.collectMethodsByGroup() took 6 ms.
22:54:25.106 [main] INFO  org.testng.internal.Utils - [Utils] MethodGroupsHelper.sortMethods() took 22 ms.
22:54:25.109 [main] INFO  org.testng.internal.Utils - [Utils] MethodGroupsHelper.collectMethodsByGroup() took 0 ms.
22:54:25.110 [main] INFO  org.testng.internal.Utils - [Utils] MethodGroupsHelper.sortMethods() took 0 ms.
22:54:25.111 [main] INFO  org.testng.internal.Utils - [Utils] MethodGroupsHelper.collectMethodsByGroup() took 0 ms.
22:54:25.112 [main] INFO  org.testng.internal.Utils - [Utils] MethodGroupsHelper.sortMethods() took 0 ms.
22:54:25.113 [main] INFO  org.testng.internal.Utils - [Utils] MethodGroupsHelper.collectMethodsByGroup() took 0 ms.
22:54:25.113 [main] INFO  org.testng.internal.Utils - [Utils] MethodGroupsHelper.sortMethods() took 0 ms.
22:54:25.118 [main] INFO  org.testng.internal.Utils - [Utils] MethodGroupsHelper.collectMethodsByGroup() took 0 ms.
22:54:25.119 [main] INFO  org.testng.internal.Utils - [Utils] MethodGroupsHelper.sortMethods() took 0 ms.
22:54:25.120 [main] INFO  org.testng.internal.Utils - [Utils] MethodGroupsHelper.collectMethodsByGroup() took 0 ms.
22:54:25.121 [main] INFO  org.testng.internal.Utils - [Utils] MethodGroupsHelper.sortMethods() took 0 ms.
22:54:25.123 [main] INFO  org.testng.internal.Utils - [Utils] MethodGroupsHelper.collectMethodsByGroup() took 0 ms.
22:54:25.123 [main] INFO  org.testng.internal.Utils - [Utils] MethodGroupsHelper.sortMethods() took 0 ms.
22:54:25.124 [main] INFO  org.testng.internal.Utils - [Utils] MethodGroupsHelper.collectMethodsByGroup() took 0 ms.
22:54:25.124 [main] INFO  org.testng.internal.Utils - [Utils] MethodGroupsHelper.sortMethods() took 0 ms.
22:54:25.126 [main] INFO  org.testng.internal.Utils - [Utils] MethodGroupsHelper.collectMethodsByGroup() took 0 ms.
22:54:25.126 [main] INFO  org.testng.internal.Utils - [Utils] MethodGroupsHelper.sortMethods() took 0 ms.
22:54:25.128 [main] INFO  org.testng.internal.Utils - [Utils] MethodGroupsHelper.collectMethodsByGroup() took 0 ms.
22:54:25.129 [main] INFO  org.testng.internal.Utils - [Utils] MethodGroupsHelper.sortMethods() took 0 ms.
22:54:25.129 [main] INFO  org.testng.internal.Utils - [Utils] MethodGroupsHelper.collectMethodsByGroup() took 0 ms.
22:54:25.130 [main] INFO  org.testng.internal.Utils - [Utils] MethodGroupsHelper.sortMethods() took 0 ms.
22:54:25.138 [main] INFO  org.testng.internal.Utils - [TestNG] Running:
  D:\Testing\TheCapacity\testCases.xml

22:54:25.152 [main] INFO  org.testng.internal.Utils - [ThreadUtil] Starting executor timeOut:2147483647ms workers:1 threadPoolSize:5
22:54:25.184 [TestNG-tests-1] INFO  org.testng.internal.Utils - [Utils] DynamicGraphHelper.createDynamicGraph() took 7 ms.
22:55:08.501 [main] INFO  org.testng.internal.Utils - [TestNG] Time taken by org.testng.internal.ExitCodeListener@78383390: 0 ms
22:56:54.750 [main] WARN  org.testng.xml.TestNGContentHandler - It is strongly recommended to add "<!DOCTYPE suite SYSTEM "https://testng.org/testng-1.0.dtd" >" at the top of the suite file [D:\Testing\TheCapacity\testCases.xml] otherwise TestNG may fail or not work as expected.
22:56:55.118 [main] INFO  org.testng.internal.Utils - [Utils] MethodGroupsHelper.collectMethodsByGroup() took 1 ms.
22:56:55.125 [main] INFO  org.testng.internal.Utils - [Utils] MethodGroupsHelper.sortMethods() took 3 ms.
22:56:55.127 [main] INFO  org.testng.internal.Utils - [Utils] MethodGroupsHelper.collectMethodsByGroup() took 0 ms.
22:56:55.128 [main] INFO  org.testng.internal.Utils - [Utils] MethodGroupsHelper.sortMethods() took 0 ms.
22:56:55.129 [main] INFO  org.testng.internal.Utils - [Utils] MethodGroupsHelper.collectMethodsByGroup() took 0 ms.
22:56:55.130 [main] INFO  org.testng.internal.Utils - [Utils] MethodGroupsHelper.sortMethods() took 0 ms.
22:56:55.131 [main] INFO  org.testng.internal.Utils - [Utils] MethodGroupsHelper.collectMethodsByGroup() took 0 ms.
22:56:55.131 [main] INFO  org.testng.internal.Utils - [Utils] MethodGroupsHelper.sortMethods() took 0 ms.
22:56:55.139 [main] INFO  org.testng.internal.Utils - [Utils] MethodGroupsHelper.collectMethodsByGroup() took 6 ms.
22:56:55.163 [main] INFO  org.testng.internal.Utils - [Utils] MethodGroupsHelper.sortMethods() took 23 ms.
22:56:55.165 [main] INFO  org.testng.internal.Utils - [Utils] MethodGroupsHelper.collectMethodsByGroup() took 0 ms.
22:56:55.166 [main] INFO  org.testng.internal.Utils - [Utils] MethodGroupsHelper.sortMethods() took 0 ms.
22:56:55.168 [main] INFO  org.testng.internal.Utils - [Utils] MethodGroupsHelper.collectMethodsByGroup() took 0 ms.
22:56:55.169 [main] INFO  org.testng.internal.Utils - [Utils] MethodGroupsHelper.sortMethods() took 0 ms.
22:56:55.170 [main] INFO  org.testng.internal.Utils - [Utils] MethodGroupsHelper.collectMethodsByGroup() took 0 ms.
22:56:55.170 [main] INFO  org.testng.internal.Utils - [Utils] MethodGroupsHelper.sortMethods() took 0 ms.
22:56:55.175 [main] INFO  org.testng.internal.Utils - [Utils] MethodGroupsHelper.collectMethodsByGroup() took 0 ms.
22:56:55.176 [main] INFO  org.testng.internal.Utils - [Utils] MethodGroupsHelper.sortMethods() took 0 ms.
22:56:55.177 [main] INFO  org.testng.internal.Utils - [Utils] MethodGroupsHelper.collectMethodsByGroup() took 0 ms.
22:56:55.177 [main] INFO  org.testng.internal.Utils - [Utils] MethodGroupsHelper.sortMethods() took 0 ms.
22:56:55.179 [main] INFO  org.testng.internal.Utils - [Utils] MethodGroupsHelper.collectMethodsByGroup() took 0 ms.
22:56:55.179 [main] INFO  org.testng.internal.Utils - [Utils] MethodGroupsHelper.sortMethods() took 0 ms.
22:56:55.180 [main] INFO  org.testng.internal.Utils - [Utils] MethodGroupsHelper.collectMethodsByGroup() took 0 ms.
22:56:55.180 [main] INFO  org.testng.internal.Utils - [Utils] MethodGroupsHelper.sortMethods() took 0 ms.
22:56:55.182 [main] INFO  org.testng.internal.Utils - [Utils] MethodGroupsHelper.collectMethodsByGroup() took 0 ms.
22:56:55.183 [main] INFO  org.testng.internal.Utils - [Utils] MethodGroupsHelper.sortMethods() took 0 ms.
22:56:55.185 [main] INFO  org.testng.internal.Utils - [Utils] MethodGroupsHelper.collectMethodsByGroup() took 0 ms.
22:56:55.185 [main] INFO  org.testng.internal.Utils - [Utils] MethodGroupsHelper.sortMethods() took 0 ms.
22:56:55.186 [main] INFO  org.testng.internal.Utils - [Utils] MethodGroupsHelper.collectMethodsByGroup() took 0 ms.
22:56:55.186 [main] INFO  org.testng.internal.Utils - [Utils] MethodGroupsHelper.sortMethods() took 0 ms.
22:56:55.194 [main] INFO  org.testng.internal.Utils - [TestNG] Running:
  D:\Testing\TheCapacity\testCases.xml

22:56:55.207 [main] INFO  org.testng.internal.Utils - [ThreadUtil] Starting executor timeOut:2147483647ms workers:1 threadPoolSize:5
22:56:55.235 [TestNG-tests-1] INFO  org.testng.internal.Utils - [Utils] DynamicGraphHelper.createDynamicGraph() took 7 ms.
22:57:38.236 [main] INFO  org.testng.internal.Utils - [TestNG] Time taken by org.testng.internal.ExitCodeListener@176b3f44: 0 ms
23:00:01.319 [main] WARN  org.testng.xml.TestNGContentHandler - It is strongly recommended to add "<!DOCTYPE suite SYSTEM "https://testng.org/testng-1.0.dtd" >" at the top of the suite file [D:\Testing\TheCapacity\testCases.xml] otherwise TestNG may fail or not work as expected.
23:00:01.691 [main] INFO  org.testng.internal.Utils - [Utils] MethodGroupsHelper.collectMethodsByGroup() took 0 ms.
23:00:01.696 [main] INFO  org.testng.internal.Utils - [Utils] MethodGroupsHelper.sortMethods() took 1 ms.
23:00:01.699 [main] INFO  org.testng.internal.Utils - [Utils] MethodGroupsHelper.collectMethodsByGroup() took 0 ms.
23:00:01.700 [main] INFO  org.testng.internal.Utils - [Utils] MethodGroupsHelper.sortMethods() took 0 ms.
23:00:01.701 [main] INFO  org.testng.internal.Utils - [Utils] MethodGroupsHelper.collectMethodsByGroup() took 0 ms.
23:00:01.702 [main] INFO  org.testng.internal.Utils - [Utils] MethodGroupsHelper.sortMethods() took 0 ms.
23:00:01.703 [main] INFO  org.testng.internal.Utils - [Utils] MethodGroupsHelper.collectMethodsByGroup() took 0 ms.
23:00:01.704 [main] INFO  org.testng.internal.Utils - [Utils] MethodGroupsHelper.sortMethods() took 0 ms.
23:00:01.711 [main] INFO  org.testng.internal.Utils - [Utils] MethodGroupsHelper.collectMethodsByGroup() took 5 ms.
23:00:01.734 [main] INFO  org.testng.internal.Utils - [Utils] MethodGroupsHelper.sortMethods() took 22 ms.
23:00:01.738 [main] INFO  org.testng.internal.Utils - [Utils] MethodGroupsHelper.collectMethodsByGroup() took 0 ms.
23:00:01.739 [main] INFO  org.testng.internal.Utils - [Utils] MethodGroupsHelper.sortMethods() took 0 ms.
23:00:01.740 [main] INFO  org.testng.internal.Utils - [Utils] MethodGroupsHelper.collectMethodsByGroup() took 0 ms.
23:00:01.740 [main] INFO  org.testng.internal.Utils - [Utils] MethodGroupsHelper.sortMethods() took 0 ms.
23:00:01.742 [main] INFO  org.testng.internal.Utils - [Utils] MethodGroupsHelper.collectMethodsByGroup() took 0 ms.
23:00:01.742 [main] INFO  org.testng.internal.Utils - [Utils] MethodGroupsHelper.sortMethods() took 0 ms.
23:00:01.747 [main] INFO  org.testng.internal.Utils - [Utils] MethodGroupsHelper.collectMethodsByGroup() took 0 ms.
23:00:01.748 [main] INFO  org.testng.internal.Utils - [Utils] MethodGroupsHelper.sortMethods() took 0 ms.
23:00:01.749 [main] INFO  org.testng.internal.Utils - [Utils] MethodGroupsHelper.collectMethodsByGroup() took 0 ms.
23:00:01.750 [main] INFO  org.testng.internal.Utils - [Utils] MethodGroupsHelper.sortMethods() took 0 ms.
23:00:01.752 [main] INFO  org.testng.internal.Utils - [Utils] MethodGroupsHelper.collectMethodsByGroup() took 0 ms.
23:00:01.752 [main] INFO  org.testng.internal.Utils - [Utils] MethodGroupsHelper.sortMethods() took 0 ms.
23:00:01.752 [main] INFO  org.testng.internal.Utils - [Utils] MethodGroupsHelper.collectMethodsByGroup() took 0 ms.
23:00:01.753 [main] INFO  org.testng.internal.Utils - [Utils] MethodGroupsHelper.sortMethods() took 0 ms.
23:00:01.754 [main] INFO  org.testng.internal.Utils - [Utils] MethodGroupsHelper.collectMethodsByGroup() took 0 ms.
23:00:01.755 [main] INFO  org.testng.internal.Utils - [Utils] MethodGroupsHelper.sortMethods() took 0 ms.
23:00:01.757 [main] INFO  org.testng.internal.Utils - [Utils] MethodGroupsHelper.collectMethodsByGroup() took 0 ms.
23:00:01.758 [main] INFO  org.testng.internal.Utils - [Utils] MethodGroupsHelper.sortMethods() took 0 ms.
23:00:01.758 [main] INFO  org.testng.internal.Utils - [Utils] MethodGroupsHelper.collectMethodsByGroup() took 0 ms.
23:00:01.759 [main] INFO  org.testng.internal.Utils - [Utils] MethodGroupsHelper.sortMethods() took 0 ms.
23:00:01.768 [main] INFO  org.testng.internal.Utils - [TestNG] Running:
  D:\Testing\TheCapacity\testCases.xml

23:00:01.778 [main] INFO  org.testng.internal.Utils - [ThreadUtil] Starting executor timeOut:2147483647ms workers:1 threadPoolSize:5
23:00:01.808 [TestNG-tests-1] INFO  org.testng.internal.Utils - [Utils] DynamicGraphHelper.createDynamicGraph() took 7 ms.
23:00:43.995 [main] INFO  org.testng.internal.Utils - [TestNG] Time taken by org.testng.internal.ExitCodeListener@525575: 1 ms
23:01:33.157 [main] WARN  org.testng.xml.TestNGContentHandler - It is strongly recommended to add "<!DOCTYPE suite SYSTEM "https://testng.org/testng-1.0.dtd" >" at the top of the suite file [D:\Testing\TheCapacity\testCases.xml] otherwise TestNG may fail or not work as expected.
23:01:33.525 [main] INFO  org.testng.internal.Utils - [Utils] MethodGroupsHelper.collectMethodsByGroup() took 1 ms.
23:01:33.532 [main] INFO  org.testng.internal.Utils - [Utils] MethodGroupsHelper.sortMethods() took 3 ms.
23:01:33.535 [main] INFO  org.testng.internal.Utils - [Utils] MethodGroupsHelper.collectMethodsByGroup() took 0 ms.
23:01:33.535 [main] INFO  org.testng.internal.Utils - [Utils] MethodGroupsHelper.sortMethods() took 0 ms.
23:01:33.537 [main] INFO  org.testng.internal.Utils - [Utils] MethodGroupsHelper.collectMethodsByGroup() took 0 ms.
23:01:33.538 [main] INFO  org.testng.internal.Utils - [Utils] MethodGroupsHelper.sortMethods() took 0 ms.
23:01:33.539 [main] INFO  org.testng.internal.Utils - [Utils] MethodGroupsHelper.collectMethodsByGroup() took 0 ms.
23:01:33.539 [main] INFO  org.testng.internal.Utils - [Utils] MethodGroupsHelper.sortMethods() took 0 ms.
23:01:33.547 [main] INFO  org.testng.internal.Utils - [Utils] MethodGroupsHelper.collectMethodsByGroup() took 6 ms.
23:01:33.571 [main] INFO  org.testng.internal.Utils - [Utils] MethodGroupsHelper.sortMethods() took 22 ms.
23:01:33.573 [main] INFO  org.testng.internal.Utils - [Utils] MethodGroupsHelper.collectMethodsByGroup() took 0 ms.
23:01:33.574 [main] INFO  org.testng.internal.Utils - [Utils] MethodGroupsHelper.sortMethods() took 1 ms.
23:01:33.576 [main] INFO  org.testng.internal.Utils - [Utils] MethodGroupsHelper.collectMethodsByGroup() took 0 ms.
23:01:33.576 [main] INFO  org.testng.internal.Utils - [Utils] MethodGroupsHelper.sortMethods() took 0 ms.
23:01:33.577 [main] INFO  org.testng.internal.Utils - [Utils] MethodGroupsHelper.collectMethodsByGroup() took 0 ms.
23:01:33.577 [main] INFO  org.testng.internal.Utils - [Utils] MethodGroupsHelper.sortMethods() took 0 ms.
23:01:33.583 [main] INFO  org.testng.internal.Utils - [Utils] MethodGroupsHelper.collectMethodsByGroup() took 0 ms.
23:01:33.583 [main] INFO  org.testng.internal.Utils - [Utils] MethodGroupsHelper.sortMethods() took 0 ms.
23:01:33.584 [main] INFO  org.testng.internal.Utils - [Utils] MethodGroupsHelper.collectMethodsByGroup() took 0 ms.
23:01:33.585 [main] INFO  org.testng.internal.Utils - [Utils] MethodGroupsHelper.sortMethods() took 0 ms.
23:01:33.587 [main] INFO  org.testng.internal.Utils - [Utils] MethodGroupsHelper.collectMethodsByGroup() took 0 ms.
23:01:33.587 [main] INFO  org.testng.internal.Utils - [Utils] MethodGroupsHelper.sortMethods() took 0 ms.
23:01:33.587 [main] INFO  org.testng.internal.Utils - [Utils] MethodGroupsHelper.collectMethodsByGroup() took 0 ms.
23:01:33.588 [main] INFO  org.testng.internal.Utils - [Utils] MethodGroupsHelper.sortMethods() took 0 ms.
23:01:33.589 [main] INFO  org.testng.internal.Utils - [Utils] MethodGroupsHelper.collectMethodsByGroup() took 0 ms.
23:01:33.590 [main] INFO  org.testng.internal.Utils - [Utils] MethodGroupsHelper.sortMethods() took 0 ms.
23:01:33.593 [main] INFO  org.testng.internal.Utils - [Utils] MethodGroupsHelper.collectMethodsByGroup() took 0 ms.
23:01:33.594 [main] INFO  org.testng.internal.Utils - [Utils] MethodGroupsHelper.sortMethods() took 0 ms.
23:01:33.594 [main] INFO  org.testng.internal.Utils - [Utils] MethodGroupsHelper.collectMethodsByGroup() took 0 ms.
23:01:33.594 [main] INFO  org.testng.internal.Utils - [Utils] MethodGroupsHelper.sortMethods() took 0 ms.
23:01:33.602 [main] INFO  org.testng.internal.Utils - [TestNG] Running:
  D:\Testing\TheCapacity\testCases.xml

23:01:33.612 [main] INFO  org.testng.internal.Utils - [ThreadUtil] Starting executor timeOut:2147483647ms workers:1 threadPoolSize:5
23:01:33.644 [TestNG-tests-1] INFO  org.testng.internal.Utils - [Utils] DynamicGraphHelper.createDynamicGraph() took 6 ms.
23:02:27.139 [main] INFO  org.testng.internal.Utils - [TestNG] Time taken by org.testng.internal.ExitCodeListener@5d12a356: 0 ms
23:03:31.409 [main] WARN  org.testng.xml.TestNGContentHandler - It is strongly recommended to add "<!DOCTYPE suite SYSTEM "https://testng.org/testng-1.0.dtd" >" at the top of the suite file [D:\Testing\TheCapacity\testCases.xml] otherwise TestNG may fail or not work as expected.
23:03:31.759 [main] INFO  org.testng.internal.Utils - [Utils] MethodGroupsHelper.collectMethodsByGroup() took 2 ms.
23:03:31.766 [main] INFO  org.testng.internal.Utils - [Utils] MethodGroupsHelper.sortMethods() took 1 ms.
23:03:31.770 [main] INFO  org.testng.internal.Utils - [Utils] MethodGroupsHelper.collectMethodsByGroup() took 0 ms.
23:03:31.770 [main] INFO  org.testng.internal.Utils - [Utils] MethodGroupsHelper.sortMethods() took 0 ms.
23:03:31.771 [main] INFO  org.testng.internal.Utils - [Utils] MethodGroupsHelper.collectMethodsByGroup() took 0 ms.
23:03:31.772 [main] INFO  org.testng.internal.Utils - [Utils] MethodGroupsHelper.sortMethods() took 0 ms.
23:03:31.773 [main] INFO  org.testng.internal.Utils - [Utils] MethodGroupsHelper.collectMethodsByGroup() took 0 ms.
23:03:31.774 [main] INFO  org.testng.internal.Utils - [Utils] MethodGroupsHelper.sortMethods() took 0 ms.
23:03:31.781 [main] INFO  org.testng.internal.Utils - [Utils] MethodGroupsHelper.collectMethodsByGroup() took 6 ms.
23:03:31.805 [main] INFO  org.testng.internal.Utils - [Utils] MethodGroupsHelper.sortMethods() took 23 ms.
23:03:31.807 [main] INFO  org.testng.internal.Utils - [Utils] MethodGroupsHelper.collectMethodsByGroup() took 0 ms.
23:03:31.808 [main] INFO  org.testng.internal.Utils - [Utils] MethodGroupsHelper.sortMethods() took 0 ms.
23:03:31.810 [main] INFO  org.testng.internal.Utils - [Utils] MethodGroupsHelper.collectMethodsByGroup() took 0 ms.
23:03:31.810 [main] INFO  org.testng.internal.Utils - [Utils] MethodGroupsHelper.sortMethods() took 0 ms.
23:03:31.811 [main] INFO  org.testng.internal.Utils - [Utils] MethodGroupsHelper.collectMethodsByGroup() took 0 ms.
23:03:31.812 [main] INFO  org.testng.internal.Utils - [Utils] MethodGroupsHelper.sortMethods() took 0 ms.
23:03:31.817 [main] INFO  org.testng.internal.Utils - [Utils] MethodGroupsHelper.collectMethodsByGroup() took 0 ms.
23:03:31.817 [main] INFO  org.testng.internal.Utils - [Utils] MethodGroupsHelper.sortMethods() took 0 ms.
23:03:31.818 [main] INFO  org.testng.internal.Utils - [Utils] MethodGroupsHelper.collectMethodsByGroup() took 0 ms.
23:03:31.819 [main] INFO  org.testng.internal.Utils - [Utils] MethodGroupsHelper.sortMethods() took 0 ms.
23:03:31.821 [main] INFO  org.testng.internal.Utils - [Utils] MethodGroupsHelper.collectMethodsByGroup() took 0 ms.
23:03:31.822 [main] INFO  org.testng.internal.Utils - [Utils] MethodGroupsHelper.sortMethods() took 0 ms.
23:03:31.822 [main] INFO  org.testng.internal.Utils - [Utils] MethodGroupsHelper.collectMethodsByGroup() took 0 ms.
23:03:31.822 [main] INFO  org.testng.internal.Utils - [Utils] MethodGroupsHelper.sortMethods() took 0 ms.
23:03:31.824 [main] INFO  org.testng.internal.Utils - [Utils] MethodGroupsHelper.collectMethodsByGroup() took 1 ms.
23:03:31.825 [main] INFO  org.testng.internal.Utils - [Utils] MethodGroupsHelper.sortMethods() took 0 ms.
23:03:31.827 [main] INFO  org.testng.internal.Utils - [Utils] MethodGroupsHelper.collectMethodsByGroup() took 0 ms.
23:03:31.828 [main] INFO  org.testng.internal.Utils - [Utils] MethodGroupsHelper.sortMethods() took 0 ms.
23:03:31.828 [main] INFO  org.testng.internal.Utils - [Utils] MethodGroupsHelper.collectMethodsByGroup() took 0 ms.
23:03:31.829 [main] INFO  org.testng.internal.Utils - [Utils] MethodGroupsHelper.sortMethods() took 0 ms.
23:03:31.837 [main] INFO  org.testng.internal.Utils - [TestNG] Running:
  D:\Testing\TheCapacity\testCases.xml

23:03:31.850 [main] INFO  org.testng.internal.Utils - [ThreadUtil] Starting executor timeOut:2147483647ms workers:1 threadPoolSize:5
23:03:31.880 [TestNG-tests-1] INFO  org.testng.internal.Utils - [Utils] DynamicGraphHelper.createDynamicGraph() took 8 ms.
23:04:26.185 [main] INFO  org.testng.internal.Utils - [TestNG] Time taken by org.testng.internal.ExitCodeListener@4b14918a: 0 ms
14:48:09.588 [main] WARN  org.testng.xml.TestNGContentHandler - It is strongly recommended to add "<!DOCTYPE suite SYSTEM "https://testng.org/testng-1.0.dtd" >" at the top of the suite file [D:\Testing\TheCapacity\testCases.xml] otherwise TestNG may fail or not work as expected.
14:48:10.046 [main] INFO  org.testng.internal.Utils - [Utils] MethodGroupsHelper.collectMethodsByGroup() took 4 ms.
14:48:10.054 [main] INFO  org.testng.internal.Utils - [Utils] MethodGroupsHelper.sortMethods() took 2 ms.
14:48:10.056 [main] INFO  org.testng.internal.Utils - [Utils] MethodGroupsHelper.collectMethodsByGroup() took 0 ms.
14:48:10.056 [main] INFO  org.testng.internal.Utils - [Utils] MethodGroupsHelper.sortMethods() took 0 ms.
14:48:10.056 [main] INFO  org.testng.internal.Utils - [Utils] MethodGroupsHelper.collectMethodsByGroup() took 0 ms.
14:48:10.056 [main] INFO  org.testng.internal.Utils - [Utils] MethodGroupsHelper.sortMethods() took 0 ms.
14:48:10.060 [main] INFO  org.testng.internal.Utils - [Utils] MethodGroupsHelper.collectMethodsByGroup() took 0 ms.
14:48:10.060 [main] INFO  org.testng.internal.Utils - [Utils] MethodGroupsHelper.sortMethods() took 0 ms.
14:48:10.071 [main] INFO  org.testng.internal.Utils - [Utils] MethodGroupsHelper.collectMethodsByGroup() took 9 ms.
14:48:10.099 [main] INFO  org.testng.internal.Utils - [Utils] MethodGroupsHelper.sortMethods() took 28 ms.
14:48:10.103 [main] INFO  org.testng.internal.Utils - [Utils] MethodGroupsHelper.collectMethodsByGroup() took 0 ms.
14:48:10.104 [main] INFO  org.testng.internal.Utils - [Utils] MethodGroupsHelper.sortMethods() took 0 ms.
14:48:10.104 [main] INFO  org.testng.internal.Utils - [Utils] MethodGroupsHelper.collectMethodsByGroup() took 0 ms.
14:48:10.104 [main] INFO  org.testng.internal.Utils - [Utils] MethodGroupsHelper.sortMethods() took 0 ms.
14:48:10.108 [main] INFO  org.testng.internal.Utils - [Utils] MethodGroupsHelper.collectMethodsByGroup() took 0 ms.
14:48:10.108 [main] INFO  org.testng.internal.Utils - [Utils] MethodGroupsHelper.sortMethods() took 0 ms.
14:48:10.113 [main] INFO  org.testng.internal.Utils - [Utils] MethodGroupsHelper.collectMethodsByGroup() took 0 ms.
14:48:10.115 [main] INFO  org.testng.internal.Utils - [Utils] MethodGroupsHelper.sortMethods() took 0 ms.
14:48:10.116 [main] INFO  org.testng.internal.Utils - [Utils] MethodGroupsHelper.collectMethodsByGroup() took 0 ms.
14:48:10.117 [main] INFO  org.testng.internal.Utils - [Utils] MethodGroupsHelper.sortMethods() took 0 ms.
14:48:10.122 [main] INFO  org.testng.internal.Utils - [Utils] MethodGroupsHelper.collectMethodsByGroup() took 0 ms.
14:48:10.122 [main] INFO  org.testng.internal.Utils - [Utils] MethodGroupsHelper.sortMethods() took 0 ms.
14:48:10.122 [main] INFO  org.testng.internal.Utils - [Utils] MethodGroupsHelper.collectMethodsByGroup() took 0 ms.
14:48:10.123 [main] INFO  org.testng.internal.Utils - [Utils] MethodGroupsHelper.sortMethods() took 0 ms.
14:48:10.126 [main] INFO  org.testng.internal.Utils - [Utils] MethodGroupsHelper.collectMethodsByGroup() took 0 ms.
14:48:10.127 [main] INFO  org.testng.internal.Utils - [Utils] MethodGroupsHelper.sortMethods() took 0 ms.
14:48:10.130 [main] INFO  org.testng.internal.Utils - [Utils] MethodGroupsHelper.collectMethodsByGroup() took 0 ms.
14:48:10.130 [main] INFO  org.testng.internal.Utils - [Utils] MethodGroupsHelper.sortMethods() took 0 ms.
14:48:10.130 [main] INFO  org.testng.internal.Utils - [Utils] MethodGroupsHelper.collectMethodsByGroup() took 0 ms.
14:48:10.130 [main] INFO  org.testng.internal.Utils - [Utils] MethodGroupsHelper.sortMethods() took 0 ms.
14:48:10.139 [main] INFO  org.testng.internal.Utils - [TestNG] Running:
  D:\Testing\TheCapacity\testCases.xml

14:48:10.157 [main] INFO  org.testng.internal.Utils - [ThreadUtil] Starting executor timeOut:2147483647ms workers:1 threadPoolSize:5
14:48:10.704 [TestNG-tests-1] INFO  org.testng.internal.Utils - [Utils] DynamicGraphHelper.createDynamicGraph() took 7 ms.
14:48:22.423 [TestNG-tests-1] INFO  testCases.TC002_LoginTest - ===Starting Testing of Login Page===
14:48:22.498 [TestNG-tests-1] INFO  testCases.TC002_LoginTest - ===Entering email===
14:48:22.821 [TestNG-tests-1] INFO  testCases.TC002_LoginTest - ===Entering password===
14:48:28.139 [TestNG-tests-1] INFO  testCases.TC002_LoginTest - ===Sign in successfully===
14:48:31.514 [main] INFO  org.testng.internal.Utils - [TestNG] Time taken by org.testng.internal.ExitCodeListener@46944ca9: 0 ms
14:51:16.169 [main] INFO  org.testng.internal.Utils - [TestNG] Running:
  C:\Users\ritika.rajput\AppData\Local\JetBrains\IdeaIC2025.1\temp-testng-customsuite.xml

14:51:24.693 [main] WARN  org.testng.xml.TestNGContentHandler - It is strongly recommended to add "<!DOCTYPE suite SYSTEM "https://testng.org/testng-1.0.dtd" >" at the top of the suite file [D:\Testing\TheCapacity\testCases.xml] otherwise TestNG may fail or not work as expected.
14:51:25.071 [main] INFO  org.testng.internal.Utils - [Utils] MethodGroupsHelper.collectMethodsByGroup() took 1 ms.
14:51:25.076 [main] INFO  org.testng.internal.Utils - [Utils] MethodGroupsHelper.sortMethods() took 2 ms.
14:51:25.080 [main] INFO  org.testng.internal.Utils - [Utils] MethodGroupsHelper.collectMethodsByGroup() took 0 ms.
14:51:25.080 [main] INFO  org.testng.internal.Utils - [Utils] MethodGroupsHelper.sortMethods() took 0 ms.
14:51:25.084 [main] INFO  org.testng.internal.Utils - [Utils] MethodGroupsHelper.collectMethodsByGroup() took 0 ms.
14:51:25.085 [main] INFO  org.testng.internal.Utils - [Utils] MethodGroupsHelper.sortMethods() took 0 ms.
14:51:25.085 [main] INFO  org.testng.internal.Utils - [Utils] MethodGroupsHelper.collectMethodsByGroup() took 0 ms.
14:51:25.086 [main] INFO  org.testng.internal.Utils - [Utils] MethodGroupsHelper.sortMethods() took 0 ms.
14:51:25.095 [main] INFO  org.testng.internal.Utils - [Utils] MethodGroupsHelper.collectMethodsByGroup() took 5 ms.
14:51:25.120 [main] INFO  org.testng.internal.Utils - [Utils] MethodGroupsHelper.sortMethods() took 21 ms.
14:51:25.122 [main] INFO  org.testng.internal.Utils - [Utils] MethodGroupsHelper.collectMethodsByGroup() took 0 ms.
14:51:25.125 [main] INFO  org.testng.internal.Utils - [Utils] MethodGroupsHelper.sortMethods() took 0 ms.
14:51:25.127 [main] INFO  org.testng.internal.Utils - [Utils] MethodGroupsHelper.collectMethodsByGroup() took 0 ms.
14:51:25.127 [main] INFO  org.testng.internal.Utils - [Utils] MethodGroupsHelper.sortMethods() took 0 ms.
14:51:25.129 [main] INFO  org.testng.internal.Utils - [Utils] MethodGroupsHelper.collectMethodsByGroup() took 0 ms.
14:51:25.129 [main] INFO  org.testng.internal.Utils - [Utils] MethodGroupsHelper.sortMethods() took 0 ms.
14:51:25.135 [main] INFO  org.testng.internal.Utils - [Utils] MethodGroupsHelper.collectMethodsByGroup() took 0 ms.
14:51:25.135 [main] INFO  org.testng.internal.Utils - [Utils] MethodGroupsHelper.sortMethods() took 0 ms.
14:51:25.137 [main] INFO  org.testng.internal.Utils - [Utils] MethodGroupsHelper.collectMethodsByGroup() took 0 ms.
14:51:25.137 [main] INFO  org.testng.internal.Utils - [Utils] MethodGroupsHelper.sortMethods() took 0 ms.
14:51:25.140 [main] INFO  org.testng.internal.Utils - [Utils] MethodGroupsHelper.collectMethodsByGroup() took 0 ms.
14:51:25.141 [main] INFO  org.testng.internal.Utils - [Utils] MethodGroupsHelper.sortMethods() took 0 ms.
14:51:25.141 [main] INFO  org.testng.internal.Utils - [Utils] MethodGroupsHelper.collectMethodsByGroup() took 0 ms.
14:51:25.141 [main] INFO  org.testng.internal.Utils - [Utils] MethodGroupsHelper.sortMethods() took 0 ms.
14:51:25.143 [main] INFO  org.testng.internal.Utils - [Utils] MethodGroupsHelper.collectMethodsByGroup() took 0 ms.
14:51:25.144 [main] INFO  org.testng.internal.Utils - [Utils] MethodGroupsHelper.sortMethods() took 0 ms.
14:51:25.146 [main] INFO  org.testng.internal.Utils - [Utils] MethodGroupsHelper.collectMethodsByGroup() took 0 ms.
14:51:25.147 [main] INFO  org.testng.internal.Utils - [Utils] MethodGroupsHelper.sortMethods() took 0 ms.
14:51:25.147 [main] INFO  org.testng.internal.Utils - [Utils] MethodGroupsHelper.collectMethodsByGroup() took 0 ms.
14:51:25.147 [main] INFO  org.testng.internal.Utils - [Utils] MethodGroupsHelper.sortMethods() took 0 ms.
14:51:25.156 [main] INFO  org.testng.internal.Utils - [TestNG] Running:
  D:\Testing\TheCapacity\testCases.xml

14:51:25.168 [main] INFO  org.testng.internal.Utils - [ThreadUtil] Starting executor timeOut:2147483647ms workers:1 threadPoolSize:5
14:51:25.598 [TestNG-tests-1] INFO  org.testng.internal.Utils - [Utils] DynamicGraphHelper.createDynamicGraph() took 7 ms.
14:51:33.351 [TestNG-tests-1] INFO  testCases.TC002_LoginTest - ===Starting Testing of Login Page===
14:51:33.443 [TestNG-tests-1] INFO  testCases.TC002_LoginTest - ===Entering email===
14:51:33.717 [TestNG-tests-1] INFO  testCases.TC002_LoginTest - ===Entering password===
14:52:07.688 [main] INFO  org.testng.internal.Utils - [TestNG] Time taken by org.testng.internal.ExitCodeListener@2c1156a7: 0 ms
15:11:18.726 [main] WARN  org.testng.xml.TestNGContentHandler - It is strongly recommended to add "<!DOCTYPE suite SYSTEM "https://testng.org/testng-1.0.dtd" >" at the top of the suite file [D:\Testing\TheCapacity\testCases.xml] otherwise TestNG may fail or not work as expected.
15:11:19.113 [main] INFO  org.testng.internal.Utils - [Utils] MethodGroupsHelper.collectMethodsByGroup() took 2 ms.
15:11:19.118 [main] INFO  org.testng.internal.Utils - [Utils] MethodGroupsHelper.sortMethods() took 0 ms.
15:11:19.124 [main] INFO  org.testng.internal.Utils - [Utils] MethodGroupsHelper.collectMethodsByGroup() took 0 ms.
15:11:19.124 [main] INFO  org.testng.internal.Utils - [Utils] MethodGroupsHelper.sortMethods() took 0 ms.
15:11:19.126 [main] INFO  org.testng.internal.Utils - [Utils] MethodGroupsHelper.collectMethodsByGroup() took 0 ms.
15:11:19.126 [main] INFO  org.testng.internal.Utils - [Utils] MethodGroupsHelper.sortMethods() took 0 ms.
15:11:19.128 [main] INFO  org.testng.internal.Utils - [Utils] MethodGroupsHelper.collectMethodsByGroup() took 0 ms.
15:11:19.128 [main] INFO  org.testng.internal.Utils - [Utils] MethodGroupsHelper.sortMethods() took 0 ms.
15:11:19.136 [main] INFO  org.testng.internal.Utils - [Utils] MethodGroupsHelper.collectMethodsByGroup() took 6 ms.
15:11:19.163 [main] INFO  org.testng.internal.Utils - [Utils] MethodGroupsHelper.sortMethods() took 25 ms.
15:11:19.166 [main] INFO  org.testng.internal.Utils - [Utils] MethodGroupsHelper.collectMethodsByGroup() took 0 ms.
15:11:19.167 [main] INFO  org.testng.internal.Utils - [Utils] MethodGroupsHelper.sortMethods() took 0 ms.
15:11:19.169 [main] INFO  org.testng.internal.Utils - [Utils] MethodGroupsHelper.collectMethodsByGroup() took 0 ms.
15:11:19.169 [main] INFO  org.testng.internal.Utils - [Utils] MethodGroupsHelper.sortMethods() took 0 ms.
15:11:19.170 [main] INFO  org.testng.internal.Utils - [Utils] MethodGroupsHelper.collectMethodsByGroup() took 0 ms.
15:11:19.170 [main] INFO  org.testng.internal.Utils - [Utils] MethodGroupsHelper.sortMethods() took 0 ms.
15:11:19.176 [main] INFO  org.testng.internal.Utils - [Utils] MethodGroupsHelper.collectMethodsByGroup() took 0 ms.
15:11:19.176 [main] INFO  org.testng.internal.Utils - [Utils] MethodGroupsHelper.sortMethods() took 0 ms.
15:11:19.177 [main] INFO  org.testng.internal.Utils - [Utils] MethodGroupsHelper.collectMethodsByGroup() took 0 ms.
15:11:19.178 [main] INFO  org.testng.internal.Utils - [Utils] MethodGroupsHelper.sortMethods() took 0 ms.
15:11:19.180 [main] INFO  org.testng.internal.Utils - [Utils] MethodGroupsHelper.collectMethodsByGroup() took 0 ms.
15:11:19.181 [main] INFO  org.testng.internal.Utils - [Utils] MethodGroupsHelper.sortMethods() took 0 ms.
15:11:19.181 [main] INFO  org.testng.internal.Utils - [Utils] MethodGroupsHelper.collectMethodsByGroup() took 0 ms.
15:11:19.182 [main] INFO  org.testng.internal.Utils - [Utils] MethodGroupsHelper.sortMethods() took 0 ms.
15:11:19.184 [main] INFO  org.testng.internal.Utils - [Utils] MethodGroupsHelper.collectMethodsByGroup() took 0 ms.
15:11:19.185 [main] INFO  org.testng.internal.Utils - [Utils] MethodGroupsHelper.sortMethods() took 0 ms.
15:11:19.187 [main] INFO  org.testng.internal.Utils - [Utils] MethodGroupsHelper.collectMethodsByGroup() took 0 ms.
15:11:19.188 [main] INFO  org.testng.internal.Utils - [Utils] MethodGroupsHelper.sortMethods() took 0 ms.
15:11:19.188 [main] INFO  org.testng.internal.Utils - [Utils] MethodGroupsHelper.collectMethodsByGroup() took 0 ms.
15:11:19.189 [main] INFO  org.testng.internal.Utils - [Utils] MethodGroupsHelper.sortMethods() took 0 ms.
15:11:19.197 [main] INFO  org.testng.internal.Utils - [TestNG] Running:
  D:\Testing\TheCapacity\testCases.xml

15:11:19.210 [main] INFO  org.testng.internal.Utils - [ThreadUtil] Starting executor timeOut:2147483647ms workers:1 threadPoolSize:5
15:11:19.717 [TestNG-tests-1] INFO  org.testng.internal.Utils - [Utils] DynamicGraphHelper.createDynamicGraph() took 11 ms.
15:11:29.597 [TestNG-tests-1] INFO  testCases.TC002_LoginTest - ===Starting Testing of Login Page===
15:11:29.662 [TestNG-tests-1] INFO  testCases.TC002_LoginTest - ===Entering email===
15:11:30.001 [TestNG-tests-1] INFO  testCases.TC002_LoginTest - ===Entering password===
15:12:03.118 [main] INFO  org.testng.internal.Utils - [TestNG] Time taken by org.testng.internal.ExitCodeListener@6187d1f5: 0 ms
15:14:02.471 [main] WARN  org.testng.xml.TestNGContentHandler - It is strongly recommended to add "<!DOCTYPE suite SYSTEM "https://testng.org/testng-1.0.dtd" >" at the top of the suite file [D:\Testing\TheCapacity\testCases.xml] otherwise TestNG may fail or not work as expected.
15:14:02.836 [main] INFO  org.testng.internal.Utils - [Utils] MethodGroupsHelper.collectMethodsByGroup() took 0 ms.
15:14:02.839 [main] INFO  org.testng.internal.Utils - [Utils] MethodGroupsHelper.sortMethods() took 0 ms.
15:14:02.844 [main] INFO  org.testng.internal.Utils - [Utils] MethodGroupsHelper.collectMethodsByGroup() took 0 ms.
15:14:02.845 [main] INFO  org.testng.internal.Utils - [Utils] MethodGroupsHelper.sortMethods() took 0 ms.
15:14:02.846 [main] INFO  org.testng.internal.Utils - [Utils] MethodGroupsHelper.collectMethodsByGroup() took 0 ms.
15:14:02.847 [main] INFO  org.testng.internal.Utils - [Utils] MethodGroupsHelper.sortMethods() took 0 ms.
15:14:02.848 [main] INFO  org.testng.internal.Utils - [Utils] MethodGroupsHelper.collectMethodsByGroup() took 0 ms.
15:14:02.849 [main] INFO  org.testng.internal.Utils - [Utils] MethodGroupsHelper.sortMethods() took 0 ms.
15:14:02.862 [main] INFO  org.testng.internal.Utils - [Utils] MethodGroupsHelper.collectMethodsByGroup() took 13 ms.
15:14:02.882 [main] INFO  org.testng.internal.Utils - [Utils] MethodGroupsHelper.sortMethods() took 19 ms.
15:14:02.887 [main] INFO  org.testng.internal.Utils - [Utils] MethodGroupsHelper.collectMethodsByGroup() took 0 ms.
15:14:02.888 [main] INFO  org.testng.internal.Utils - [Utils] MethodGroupsHelper.sortMethods() took 0 ms.
15:14:02.890 [main] INFO  org.testng.internal.Utils - [Utils] MethodGroupsHelper.collectMethodsByGroup() took 0 ms.
15:14:02.890 [main] INFO  org.testng.internal.Utils - [Utils] MethodGroupsHelper.sortMethods() took 0 ms.
15:14:02.891 [main] INFO  org.testng.internal.Utils - [Utils] MethodGroupsHelper.collectMethodsByGroup() took 0 ms.
15:14:02.892 [main] INFO  org.testng.internal.Utils - [Utils] MethodGroupsHelper.sortMethods() took 0 ms.
15:14:02.897 [main] INFO  org.testng.internal.Utils - [Utils] MethodGroupsHelper.collectMethodsByGroup() took 0 ms.
15:14:02.898 [main] INFO  org.testng.internal.Utils - [Utils] MethodGroupsHelper.sortMethods() took 0 ms.
15:14:02.900 [main] INFO  org.testng.internal.Utils - [Utils] MethodGroupsHelper.collectMethodsByGroup() took 0 ms.
15:14:02.900 [main] INFO  org.testng.internal.Utils - [Utils] MethodGroupsHelper.sortMethods() took 0 ms.
15:14:02.902 [main] INFO  org.testng.internal.Utils - [Utils] MethodGroupsHelper.collectMethodsByGroup() took 0 ms.
15:14:02.903 [main] INFO  org.testng.internal.Utils - [Utils] MethodGroupsHelper.sortMethods() took 0 ms.
15:14:02.903 [main] INFO  org.testng.internal.Utils - [Utils] MethodGroupsHelper.collectMethodsByGroup() took 0 ms.
15:14:02.904 [main] INFO  org.testng.internal.Utils - [Utils] MethodGroupsHelper.sortMethods() took 0 ms.
15:14:02.907 [main] INFO  org.testng.internal.Utils - [Utils] MethodGroupsHelper.collectMethodsByGroup() took 1 ms.
15:14:02.908 [main] INFO  org.testng.internal.Utils - [Utils] MethodGroupsHelper.sortMethods() took 1 ms.
15:14:02.910 [main] INFO  org.testng.internal.Utils - [Utils] MethodGroupsHelper.collectMethodsByGroup() took 0 ms.
15:14:02.910 [main] INFO  org.testng.internal.Utils - [Utils] MethodGroupsHelper.sortMethods() took 0 ms.
15:14:02.911 [main] INFO  org.testng.internal.Utils - [Utils] MethodGroupsHelper.collectMethodsByGroup() took 0 ms.
15:14:02.911 [main] INFO  org.testng.internal.Utils - [Utils] MethodGroupsHelper.sortMethods() took 0 ms.
15:14:02.920 [main] INFO  org.testng.internal.Utils - [TestNG] Running:
  D:\Testing\TheCapacity\testCases.xml

15:14:02.932 [main] INFO  org.testng.internal.Utils - [ThreadUtil] Starting executor timeOut:2147483647ms workers:1 threadPoolSize:5
15:14:03.372 [TestNG-tests-1] INFO  org.testng.internal.Utils - [Utils] DynamicGraphHelper.createDynamicGraph() took 8 ms.
15:14:11.161 [TestNG-tests-1] INFO  testCases.TC002_LoginTest - ===Starting Testing of Login Page===
15:14:11.205 [TestNG-tests-1] INFO  testCases.TC002_LoginTest - ===Entering email===
15:14:11.498 [TestNG-tests-1] INFO  testCases.TC002_LoginTest - ===Entering password===
15:14:43.744 [main] INFO  org.testng.internal.Utils - [TestNG] Time taken by org.testng.internal.ExitCodeListener@331acdad: 0 ms
15:18:17.984 [main] WARN  org.testng.xml.TestNGContentHandler - It is strongly recommended to add "<!DOCTYPE suite SYSTEM "https://testng.org/testng-1.0.dtd" >" at the top of the suite file [D:\Testing\TheCapacity\testCases.xml] otherwise TestNG may fail or not work as expected.
15:18:18.330 [main] INFO  org.testng.internal.Utils - [Utils] MethodGroupsHelper.collectMethodsByGroup() took 0 ms.
15:18:18.334 [main] INFO  org.testng.internal.Utils - [Utils] MethodGroupsHelper.sortMethods() took 0 ms.
15:18:18.340 [main] INFO  org.testng.internal.Utils - [Utils] MethodGroupsHelper.collectMethodsByGroup() took 0 ms.
15:18:18.340 [main] INFO  org.testng.internal.Utils - [Utils] MethodGroupsHelper.sortMethods() took 0 ms.
15:18:18.340 [main] INFO  org.testng.internal.Utils - [Utils] MethodGroupsHelper.collectMethodsByGroup() took 0 ms.
15:18:18.348 [main] INFO  org.testng.internal.Utils - [Utils] MethodGroupsHelper.sortMethods() took 0 ms.
15:18:18.349 [main] INFO  org.testng.internal.Utils - [Utils] MethodGroupsHelper.collectMethodsByGroup() took 0 ms.
15:18:18.350 [main] INFO  org.testng.internal.Utils - [Utils] MethodGroupsHelper.sortMethods() took 0 ms.
15:18:18.357 [main] INFO  org.testng.internal.Utils - [Utils] MethodGroupsHelper.collectMethodsByGroup() took 5 ms.
15:18:18.381 [main] INFO  org.testng.internal.Utils - [Utils] MethodGroupsHelper.sortMethods() took 24 ms.
15:18:18.381 [main] INFO  org.testng.internal.Utils - [Utils] MethodGroupsHelper.collectMethodsByGroup() took 0 ms.
15:18:18.385 [main] INFO  org.testng.internal.Utils - [Utils] MethodGroupsHelper.sortMethods() took 3 ms.
15:18:18.386 [main] INFO  org.testng.internal.Utils - [Utils] MethodGroupsHelper.collectMethodsByGroup() took 0 ms.
15:18:18.386 [main] INFO  org.testng.internal.Utils - [Utils] MethodGroupsHelper.sortMethods() took 0 ms.
15:18:18.387 [main] INFO  org.testng.internal.Utils - [Utils] MethodGroupsHelper.collectMethodsByGroup() took 0 ms.
15:18:18.388 [main] INFO  org.testng.internal.Utils - [Utils] MethodGroupsHelper.sortMethods() took 0 ms.
15:18:18.392 [main] INFO  org.testng.internal.Utils - [Utils] MethodGroupsHelper.collectMethodsByGroup() took 0 ms.
15:18:18.393 [main] INFO  org.testng.internal.Utils - [Utils] MethodGroupsHelper.sortMethods() took 0 ms.
15:18:18.394 [main] INFO  org.testng.internal.Utils - [Utils] MethodGroupsHelper.collectMethodsByGroup() took 0 ms.
15:18:18.394 [main] INFO  org.testng.internal.Utils - [Utils] MethodGroupsHelper.sortMethods() took 0 ms.
15:18:18.396 [main] INFO  org.testng.internal.Utils - [Utils] MethodGroupsHelper.collectMethodsByGroup() took 0 ms.
15:18:18.397 [main] INFO  org.testng.internal.Utils - [Utils] MethodGroupsHelper.sortMethods() took 0 ms.
15:18:18.398 [main] INFO  org.testng.internal.Utils - [Utils] MethodGroupsHelper.collectMethodsByGroup() took 0 ms.
15:18:18.398 [main] INFO  org.testng.internal.Utils - [Utils] MethodGroupsHelper.sortMethods() took 0 ms.
15:18:18.400 [main] INFO  org.testng.internal.Utils - [Utils] MethodGroupsHelper.collectMethodsByGroup() took 0 ms.
15:18:18.403 [main] INFO  org.testng.internal.Utils - [Utils] MethodGroupsHelper.sortMethods() took 1 ms.
15:18:18.405 [main] INFO  org.testng.internal.Utils - [Utils] MethodGroupsHelper.collectMethodsByGroup() took 0 ms.
15:18:18.405 [main] INFO  org.testng.internal.Utils - [Utils] MethodGroupsHelper.sortMethods() took 0 ms.
15:18:18.406 [main] INFO  org.testng.internal.Utils - [Utils] MethodGroupsHelper.collectMethodsByGroup() took 0 ms.
15:18:18.406 [main] INFO  org.testng.internal.Utils - [Utils] MethodGroupsHelper.sortMethods() took 0 ms.
15:18:18.415 [main] INFO  org.testng.internal.Utils - [TestNG] Running:
  D:\Testing\TheCapacity\testCases.xml

15:18:18.429 [main] INFO  org.testng.internal.Utils - [ThreadUtil] Starting executor timeOut:2147483647ms workers:1 threadPoolSize:5
15:18:18.896 [TestNG-tests-1] INFO  org.testng.internal.Utils - [Utils] DynamicGraphHelper.createDynamicGraph() took 6 ms.
15:18:26.574 [TestNG-tests-1] INFO  testCases.TC002_LoginTest - ===Starting Testing of Login Page===
15:18:26.642 [TestNG-tests-1] INFO  testCases.TC002_LoginTest - ===Entering email===
15:18:26.964 [TestNG-tests-1] INFO  testCases.TC002_LoginTest - ===Entering password===
15:18:59.313 [main] INFO  org.testng.internal.Utils - [TestNG] Time taken by org.testng.internal.ExitCodeListener@e19bb76: 0 ms
15:23:23.199 [main] WARN  org.testng.xml.TestNGContentHandler - It is strongly recommended to add "<!DOCTYPE suite SYSTEM "https://testng.org/testng-1.0.dtd" >" at the top of the suite file [D:\Testing\TheCapacity\testCases.xml] otherwise TestNG may fail or not work as expected.
15:23:23.584 [main] INFO  org.testng.internal.Utils - [Utils] MethodGroupsHelper.collectMethodsByGroup() took 1 ms.
15:23:23.591 [main] INFO  org.testng.internal.Utils - [Utils] MethodGroupsHelper.sortMethods() took 2 ms.
15:23:23.593 [main] INFO  org.testng.internal.Utils - [Utils] MethodGroupsHelper.collectMethodsByGroup() took 0 ms.
15:23:23.593 [main] INFO  org.testng.internal.Utils - [Utils] MethodGroupsHelper.sortMethods() took 0 ms.
15:23:23.593 [main] INFO  org.testng.internal.Utils - [Utils] MethodGroupsHelper.collectMethodsByGroup() took 0 ms.
15:23:23.597 [main] INFO  org.testng.internal.Utils - [Utils] MethodGroupsHelper.sortMethods() took 0 ms.
15:23:23.598 [main] INFO  org.testng.internal.Utils - [Utils] MethodGroupsHelper.collectMethodsByGroup() took 0 ms.
15:23:23.598 [main] INFO  org.testng.internal.Utils - [Utils] MethodGroupsHelper.sortMethods() took 0 ms.
15:23:23.613 [main] INFO  org.testng.internal.Utils - [Utils] MethodGroupsHelper.collectMethodsByGroup() took 15 ms.
15:23:23.639 [main] INFO  org.testng.internal.Utils - [Utils] MethodGroupsHelper.sortMethods() took 24 ms.
15:23:23.642 [main] INFO  org.testng.internal.Utils - [Utils] MethodGroupsHelper.collectMethodsByGroup() took 0 ms.
15:23:23.643 [main] INFO  org.testng.internal.Utils - [Utils] MethodGroupsHelper.sortMethods() took 0 ms.
15:23:23.644 [main] INFO  org.testng.internal.Utils - [Utils] MethodGroupsHelper.collectMethodsByGroup() took 0 ms.
15:23:23.645 [main] INFO  org.testng.internal.Utils - [Utils] MethodGroupsHelper.sortMethods() took 0 ms.
15:23:23.645 [main] INFO  org.testng.internal.Utils - [Utils] MethodGroupsHelper.collectMethodsByGroup() took 0 ms.
15:23:23.646 [main] INFO  org.testng.internal.Utils - [Utils] MethodGroupsHelper.sortMethods() took 0 ms.
15:23:23.652 [main] INFO  org.testng.internal.Utils - [Utils] MethodGroupsHelper.collectMethodsByGroup() took 0 ms.
15:23:23.652 [main] INFO  org.testng.internal.Utils - [Utils] MethodGroupsHelper.sortMethods() took 0 ms.
15:23:23.653 [main] INFO  org.testng.internal.Utils - [Utils] MethodGroupsHelper.collectMethodsByGroup() took 0 ms.
15:23:23.655 [main] INFO  org.testng.internal.Utils - [Utils] MethodGroupsHelper.sortMethods() took 0 ms.
15:23:23.657 [main] INFO  org.testng.internal.Utils - [Utils] MethodGroupsHelper.collectMethodsByGroup() took 0 ms.
15:23:23.658 [main] INFO  org.testng.internal.Utils - [Utils] MethodGroupsHelper.sortMethods() took 0 ms.
15:23:23.658 [main] INFO  org.testng.internal.Utils - [Utils] MethodGroupsHelper.collectMethodsByGroup() took 0 ms.
15:23:23.659 [main] INFO  org.testng.internal.Utils - [Utils] MethodGroupsHelper.sortMethods() took 0 ms.
15:23:23.661 [main] INFO  org.testng.internal.Utils - [Utils] MethodGroupsHelper.collectMethodsByGroup() took 0 ms.
15:23:23.661 [main] INFO  org.testng.internal.Utils - [Utils] MethodGroupsHelper.sortMethods() took 0 ms.
15:23:23.664 [main] INFO  org.testng.internal.Utils - [Utils] MethodGroupsHelper.collectMethodsByGroup() took 0 ms.
15:23:23.664 [main] INFO  org.testng.internal.Utils - [Utils] MethodGroupsHelper.sortMethods() took 0 ms.
15:23:23.665 [main] INFO  org.testng.internal.Utils - [Utils] MethodGroupsHelper.collectMethodsByGroup() took 0 ms.
15:23:23.665 [main] INFO  org.testng.internal.Utils - [Utils] MethodGroupsHelper.sortMethods() took 0 ms.
15:23:23.673 [main] INFO  org.testng.internal.Utils - [TestNG] Running:
  D:\Testing\TheCapacity\testCases.xml

15:23:23.688 [main] INFO  org.testng.internal.Utils - [ThreadUtil] Starting executor timeOut:2147483647ms workers:1 threadPoolSize:5
15:23:24.165 [TestNG-tests-1] INFO  org.testng.internal.Utils - [Utils] DynamicGraphHelper.createDynamicGraph() took 9 ms.
15:23:32.060 [TestNG-tests-1] INFO  testCases.TC002_LoginTest - ===Starting Testing of Login Page===
15:23:32.136 [TestNG-tests-1] INFO  testCases.TC002_LoginTest - ===Entering email===
15:23:32.467 [TestNG-tests-1] INFO  testCases.TC002_LoginTest - ===Entering password===
15:24:05.601 [main] INFO  org.testng.internal.Utils - [TestNG] Time taken by org.testng.internal.ExitCodeListener@66ac5762: 0 ms
15:29:58.462 [main] WARN  org.testng.xml.TestNGContentHandler - It is strongly recommended to add "<!DOCTYPE suite SYSTEM "https://testng.org/testng-1.0.dtd" >" at the top of the suite file [D:\Testing\TheCapacity\testCases.xml] otherwise TestNG may fail or not work as expected.
15:29:58.837 [main] INFO  org.testng.internal.Utils - [Utils] MethodGroupsHelper.collectMethodsByGroup() took 0 ms.
15:29:58.842 [main] INFO  org.testng.internal.Utils - [Utils] MethodGroupsHelper.sortMethods() took 2 ms.
15:29:58.844 [main] INFO  org.testng.internal.Utils - [Utils] MethodGroupsHelper.collectMethodsByGroup() took 0 ms.
15:29:58.846 [main] INFO  org.testng.internal.Utils - [Utils] MethodGroupsHelper.sortMethods() took 0 ms.
15:29:58.846 [main] INFO  org.testng.internal.Utils - [Utils] MethodGroupsHelper.collectMethodsByGroup() took 0 ms.
15:29:58.846 [main] INFO  org.testng.internal.Utils - [Utils] MethodGroupsHelper.sortMethods() took 0 ms.
15:29:58.846 [main] INFO  org.testng.internal.Utils - [Utils] MethodGroupsHelper.collectMethodsByGroup() took 0 ms.
15:29:58.849 [main] INFO  org.testng.internal.Utils - [Utils] MethodGroupsHelper.sortMethods() took 0 ms.
15:29:58.855 [main] INFO  org.testng.internal.Utils - [Utils] MethodGroupsHelper.collectMethodsByGroup() took 4 ms.
15:29:58.878 [main] INFO  org.testng.internal.Utils - [Utils] MethodGroupsHelper.sortMethods() took 22 ms.
15:29:58.881 [main] INFO  org.testng.internal.Utils - [Utils] MethodGroupsHelper.collectMethodsByGroup() took 0 ms.
15:29:58.883 [main] INFO  org.testng.internal.Utils - [Utils] MethodGroupsHelper.sortMethods() took 0 ms.
15:29:58.884 [main] INFO  org.testng.internal.Utils - [Utils] MethodGroupsHelper.collectMethodsByGroup() took 0 ms.
15:29:58.884 [main] INFO  org.testng.internal.Utils - [Utils] MethodGroupsHelper.sortMethods() took 0 ms.
15:29:58.885 [main] INFO  org.testng.internal.Utils - [Utils] MethodGroupsHelper.collectMethodsByGroup() took 0 ms.
15:29:58.886 [main] INFO  org.testng.internal.Utils - [Utils] MethodGroupsHelper.sortMethods() took 0 ms.
15:29:58.891 [main] INFO  org.testng.internal.Utils - [Utils] MethodGroupsHelper.collectMethodsByGroup() took 0 ms.
15:29:58.891 [main] INFO  org.testng.internal.Utils - [Utils] MethodGroupsHelper.sortMethods() took 0 ms.
15:29:58.892 [main] INFO  org.testng.internal.Utils - [Utils] MethodGroupsHelper.collectMethodsByGroup() took 0 ms.
15:29:58.892 [main] INFO  org.testng.internal.Utils - [Utils] MethodGroupsHelper.sortMethods() took 0 ms.
15:29:58.894 [main] INFO  org.testng.internal.Utils - [Utils] MethodGroupsHelper.collectMethodsByGroup() took 0 ms.
15:29:58.894 [main] INFO  org.testng.internal.Utils - [Utils] MethodGroupsHelper.sortMethods() took 0 ms.
15:29:58.895 [main] INFO  org.testng.internal.Utils - [Utils] MethodGroupsHelper.collectMethodsByGroup() took 0 ms.
15:29:58.896 [main] INFO  org.testng.internal.Utils - [Utils] MethodGroupsHelper.sortMethods() took 0 ms.
15:29:58.898 [main] INFO  org.testng.internal.Utils - [Utils] MethodGroupsHelper.collectMethodsByGroup() took 0 ms.
15:29:58.898 [main] INFO  org.testng.internal.Utils - [Utils] MethodGroupsHelper.sortMethods() took 0 ms.
15:29:58.900 [main] INFO  org.testng.internal.Utils - [Utils] MethodGroupsHelper.collectMethodsByGroup() took 0 ms.
15:29:58.900 [main] INFO  org.testng.internal.Utils - [Utils] MethodGroupsHelper.sortMethods() took 0 ms.
15:29:58.901 [main] INFO  org.testng.internal.Utils - [Utils] MethodGroupsHelper.collectMethodsByGroup() took 0 ms.
15:29:58.901 [main] INFO  org.testng.internal.Utils - [Utils] MethodGroupsHelper.sortMethods() took 0 ms.
15:29:58.907 [main] INFO  org.testng.internal.Utils - [TestNG] Running:
  D:\Testing\TheCapacity\testCases.xml

15:29:58.917 [main] INFO  org.testng.internal.Utils - [ThreadUtil] Starting executor timeOut:2147483647ms workers:1 threadPoolSize:5
15:29:59.308 [TestNG-tests-1] INFO  org.testng.internal.Utils - [Utils] DynamicGraphHelper.createDynamicGraph() took 7 ms.
15:30:07.380 [TestNG-tests-1] INFO  testCases.TC002_LoginTest - ===Starting Testing of Login Page===
15:30:07.418 [TestNG-tests-1] INFO  testCases.TC002_LoginTest - ===Entering email===
15:30:07.741 [TestNG-tests-1] INFO  testCases.TC002_LoginTest - ===Entering password===
15:30:41.598 [main] INFO  org.testng.internal.Utils - [TestNG] Time taken by org.testng.internal.ExitCodeListener@db57326: 0 ms
15:35:26.904 [main] WARN  org.testng.xml.TestNGContentHandler - It is strongly recommended to add "<!DOCTYPE suite SYSTEM "https://testng.org/testng-1.0.dtd" >" at the top of the suite file [D:\Testing\TheCapacity\testCases.xml] otherwise TestNG may fail or not work as expected.
15:35:27.264 [main] INFO  org.testng.internal.Utils - [Utils] MethodGroupsHelper.collectMethodsByGroup() took 0 ms.
15:35:27.270 [main] INFO  org.testng.internal.Utils - [Utils] MethodGroupsHelper.sortMethods() took 1 ms.
15:35:27.273 [main] INFO  org.testng.internal.Utils - [Utils] MethodGroupsHelper.collectMethodsByGroup() took 0 ms.
15:35:27.273 [main] INFO  org.testng.internal.Utils - [Utils] MethodGroupsHelper.sortMethods() took 0 ms.
15:35:27.273 [main] INFO  org.testng.internal.Utils - [Utils] MethodGroupsHelper.collectMethodsByGroup() took 0 ms.
15:35:27.273 [main] INFO  org.testng.internal.Utils - [Utils] MethodGroupsHelper.sortMethods() took 0 ms.
15:35:27.278 [main] INFO  org.testng.internal.Utils - [Utils] MethodGroupsHelper.collectMethodsByGroup() took 0 ms.
15:35:27.278 [main] INFO  org.testng.internal.Utils - [Utils] MethodGroupsHelper.sortMethods() took 0 ms.
15:35:27.288 [main] INFO  org.testng.internal.Utils - [Utils] MethodGroupsHelper.collectMethodsByGroup() took 10 ms.
15:35:27.313 [main] INFO  org.testng.internal.Utils - [Utils] MethodGroupsHelper.sortMethods() took 23 ms.
15:35:27.315 [main] INFO  org.testng.internal.Utils - [Utils] MethodGroupsHelper.collectMethodsByGroup() took 0 ms.
15:35:27.316 [main] INFO  org.testng.internal.Utils - [Utils] MethodGroupsHelper.sortMethods() took 0 ms.
15:35:27.318 [main] INFO  org.testng.internal.Utils - [Utils] MethodGroupsHelper.collectMethodsByGroup() took 0 ms.
15:35:27.319 [main] INFO  org.testng.internal.Utils - [Utils] MethodGroupsHelper.sortMethods() took 0 ms.
15:35:27.320 [main] INFO  org.testng.internal.Utils - [Utils] MethodGroupsHelper.collectMethodsByGroup() took 0 ms.
15:35:27.320 [main] INFO  org.testng.internal.Utils - [Utils] MethodGroupsHelper.sortMethods() took 0 ms.
15:35:27.326 [main] INFO  org.testng.internal.Utils - [Utils] MethodGroupsHelper.collectMethodsByGroup() took 0 ms.
15:35:27.326 [main] INFO  org.testng.internal.Utils - [Utils] MethodGroupsHelper.sortMethods() took 0 ms.
15:35:27.327 [main] INFO  org.testng.internal.Utils - [Utils] MethodGroupsHelper.collectMethodsByGroup() took 0 ms.
15:35:27.328 [main] INFO  org.testng.internal.Utils - [Utils] MethodGroupsHelper.sortMethods() took 0 ms.
15:35:27.330 [main] INFO  org.testng.internal.Utils - [Utils] MethodGroupsHelper.collectMethodsByGroup() took 0 ms.
15:35:27.330 [main] INFO  org.testng.internal.Utils - [Utils] MethodGroupsHelper.sortMethods() took 0 ms.
15:35:27.331 [main] INFO  org.testng.internal.Utils - [Utils] MethodGroupsHelper.collectMethodsByGroup() took 0 ms.
15:35:27.331 [main] INFO  org.testng.internal.Utils - [Utils] MethodGroupsHelper.sortMethods() took 0 ms.
15:35:27.333 [main] INFO  org.testng.internal.Utils - [Utils] MethodGroupsHelper.collectMethodsByGroup() took 1 ms.
15:35:27.334 [main] INFO  org.testng.internal.Utils - [Utils] MethodGroupsHelper.sortMethods() took 0 ms.
15:35:27.336 [main] INFO  org.testng.internal.Utils - [Utils] MethodGroupsHelper.collectMethodsByGroup() took 0 ms.
15:35:27.337 [main] INFO  org.testng.internal.Utils - [Utils] MethodGroupsHelper.sortMethods() took 0 ms.
15:35:27.338 [main] INFO  org.testng.internal.Utils - [Utils] MethodGroupsHelper.collectMethodsByGroup() took 0 ms.
15:35:27.338 [main] INFO  org.testng.internal.Utils - [Utils] MethodGroupsHelper.sortMethods() took 0 ms.
15:35:27.348 [main] INFO  org.testng.internal.Utils - [TestNG] Running:
  D:\Testing\TheCapacity\testCases.xml

15:35:27.360 [main] INFO  org.testng.internal.Utils - [ThreadUtil] Starting executor timeOut:2147483647ms workers:1 threadPoolSize:5
15:35:27.838 [TestNG-tests-1] INFO  org.testng.internal.Utils - [Utils] DynamicGraphHelper.createDynamicGraph() took 7 ms.
15:35:34.908 [TestNG-tests-1] INFO  testCases.TC002_LoginTest - ===Starting Testing of Login Page===
15:35:34.972 [TestNG-tests-1] INFO  testCases.TC002_LoginTest - ===Entering email===
15:35:35.285 [TestNG-tests-1] INFO  testCases.TC002_LoginTest - ===Entering password===
15:35:39.955 [TestNG-tests-1] INFO  testCases.TC002_LoginTest - ===Sign in successfully===
15:35:41.848 [main] INFO  org.testng.internal.Utils - [TestNG] Time taken by org.testng.internal.ExitCodeListener@33fe57a9: 0 ms
15:48:36.054 [main] WARN  org.testng.xml.TestNGContentHandler - It is strongly recommended to add "<!DOCTYPE suite SYSTEM "https://testng.org/testng-1.0.dtd" >" at the top of the suite file [D:\Testing\TheCapacity\testCases.xml] otherwise TestNG may fail or not work as expected.
15:48:36.428 [main] INFO  org.testng.internal.Utils - [Utils] MethodGroupsHelper.collectMethodsByGroup() took 4 ms.
15:48:36.434 [main] INFO  org.testng.internal.Utils - [Utils] MethodGroupsHelper.sortMethods() took 2 ms.
15:48:36.436 [main] INFO  org.testng.internal.Utils - [Utils] MethodGroupsHelper.collectMethodsByGroup() took 0 ms.
15:48:36.440 [main] INFO  org.testng.internal.Utils - [Utils] MethodGroupsHelper.sortMethods() took 0 ms.
15:48:36.442 [main] INFO  org.testng.internal.Utils - [Utils] MethodGroupsHelper.collectMethodsByGroup() took 0 ms.
15:48:36.442 [main] INFO  org.testng.internal.Utils - [Utils] MethodGroupsHelper.sortMethods() took 0 ms.
15:48:36.443 [main] INFO  org.testng.internal.Utils - [Utils] MethodGroupsHelper.collectMethodsByGroup() took 0 ms.
15:48:36.443 [main] INFO  org.testng.internal.Utils - [Utils] MethodGroupsHelper.sortMethods() took 0 ms.
15:48:36.458 [main] INFO  org.testng.internal.Utils - [Utils] MethodGroupsHelper.collectMethodsByGroup() took 13 ms.
15:48:36.485 [main] INFO  org.testng.internal.Utils - [Utils] MethodGroupsHelper.sortMethods() took 26 ms.
15:48:36.487 [main] INFO  org.testng.internal.Utils - [Utils] MethodGroupsHelper.collectMethodsByGroup() took 0 ms.
15:48:36.488 [main] INFO  org.testng.internal.Utils - [Utils] MethodGroupsHelper.sortMethods() took 0 ms.
15:48:36.490 [main] INFO  org.testng.internal.Utils - [Utils] MethodGroupsHelper.collectMethodsByGroup() took 0 ms.
15:48:36.490 [main] INFO  org.testng.internal.Utils - [Utils] MethodGroupsHelper.sortMethods() took 0 ms.
15:48:36.492 [main] INFO  org.testng.internal.Utils - [Utils] MethodGroupsHelper.collectMethodsByGroup() took 0 ms.
15:48:36.492 [main] INFO  org.testng.internal.Utils - [Utils] MethodGroupsHelper.sortMethods() took 0 ms.
15:48:36.498 [main] INFO  org.testng.internal.Utils - [Utils] MethodGroupsHelper.collectMethodsByGroup() took 0 ms.
15:48:36.498 [main] INFO  org.testng.internal.Utils - [Utils] MethodGroupsHelper.sortMethods() took 0 ms.
15:48:36.499 [main] INFO  org.testng.internal.Utils - [Utils] MethodGroupsHelper.collectMethodsByGroup() took 0 ms.
15:48:36.499 [main] INFO  org.testng.internal.Utils - [Utils] MethodGroupsHelper.sortMethods() took 0 ms.
15:48:36.502 [main] INFO  org.testng.internal.Utils - [Utils] MethodGroupsHelper.collectMethodsByGroup() took 0 ms.
15:48:36.502 [main] INFO  org.testng.internal.Utils - [Utils] MethodGroupsHelper.sortMethods() took 0 ms.
15:48:36.502 [main] INFO  org.testng.internal.Utils - [Utils] MethodGroupsHelper.collectMethodsByGroup() took 0 ms.
15:48:36.503 [main] INFO  org.testng.internal.Utils - [Utils] MethodGroupsHelper.sortMethods() took 0 ms.
15:48:36.504 [main] INFO  org.testng.internal.Utils - [Utils] MethodGroupsHelper.collectMethodsByGroup() took 0 ms.
15:48:36.505 [main] INFO  org.testng.internal.Utils - [Utils] MethodGroupsHelper.sortMethods() took 0 ms.
15:48:36.507 [main] INFO  org.testng.internal.Utils - [Utils] MethodGroupsHelper.collectMethodsByGroup() took 0 ms.
15:48:36.508 [main] INFO  org.testng.internal.Utils - [Utils] MethodGroupsHelper.sortMethods() took 0 ms.
15:48:36.508 [main] INFO  org.testng.internal.Utils - [Utils] MethodGroupsHelper.collectMethodsByGroup() took 0 ms.
15:48:36.509 [main] INFO  org.testng.internal.Utils - [Utils] MethodGroupsHelper.sortMethods() took 0 ms.
15:48:36.517 [main] INFO  org.testng.internal.Utils - [TestNG] Running:
  D:\Testing\TheCapacity\testCases.xml

15:48:36.530 [main] INFO  org.testng.internal.Utils - [ThreadUtil] Starting executor timeOut:2147483647ms workers:1 threadPoolSize:5
15:48:37.010 [TestNG-tests-1] INFO  org.testng.internal.Utils - [Utils] DynamicGraphHelper.createDynamicGraph() took 9 ms.
15:48:45.838 [TestNG-tests-1] INFO  testCases.TC002_LoginTest - ===Starting Testing of Login Page===
15:48:45.966 [TestNG-tests-1] INFO  testCases.TC002_LoginTest - ===Entering email===
15:48:46.273 [TestNG-tests-1] INFO  testCases.TC002_LoginTest - ===Entering password===
15:48:51.760 [TestNG-tests-1] INFO  testCases.TC002_LoginTest - ===Sign in successfully===
15:48:54.590 [main] INFO  org.testng.internal.Utils - [TestNG] Time taken by org.testng.internal.ExitCodeListener@77d67cf3: 0 ms
15:49:17.314 [main] WARN  org.testng.xml.TestNGContentHandler - It is strongly recommended to add "<!DOCTYPE suite SYSTEM "https://testng.org/testng-1.0.dtd" >" at the top of the suite file [D:\Testing\TheCapacity\testCases.xml] otherwise TestNG may fail or not work as expected.
15:49:17.672 [main] INFO  org.testng.internal.Utils - [Utils] MethodGroupsHelper.collectMethodsByGroup() took 0 ms.
15:49:17.679 [main] INFO  org.testng.internal.Utils - [Utils] MethodGroupsHelper.sortMethods() took 2 ms.
15:49:17.681 [main] INFO  org.testng.internal.Utils - [Utils] MethodGroupsHelper.collectMethodsByGroup() took 0 ms.
15:49:17.682 [main] INFO  org.testng.internal.Utils - [Utils] MethodGroupsHelper.sortMethods() took 0 ms.
15:49:17.682 [main] INFO  org.testng.internal.Utils - [Utils] MethodGroupsHelper.collectMethodsByGroup() took 0 ms.
15:49:17.682 [main] INFO  org.testng.internal.Utils - [Utils] MethodGroupsHelper.sortMethods() took 0 ms.
15:49:17.686 [main] INFO  org.testng.internal.Utils - [Utils] MethodGroupsHelper.collectMethodsByGroup() took 0 ms.
15:49:17.686 [main] INFO  org.testng.internal.Utils - [Utils] MethodGroupsHelper.sortMethods() took 0 ms.
15:49:17.694 [main] INFO  org.testng.internal.Utils - [Utils] MethodGroupsHelper.collectMethodsByGroup() took 5 ms.
15:49:17.718 [main] INFO  org.testng.internal.Utils - [Utils] MethodGroupsHelper.sortMethods() took 23 ms.
15:49:17.721 [main] INFO  org.testng.internal.Utils - [Utils] MethodGroupsHelper.collectMethodsByGroup() took 0 ms.
15:49:17.723 [main] INFO  org.testng.internal.Utils - [Utils] MethodGroupsHelper.sortMethods() took 0 ms.
15:49:17.725 [main] INFO  org.testng.internal.Utils - [Utils] MethodGroupsHelper.collectMethodsByGroup() took 0 ms.
15:49:17.725 [main] INFO  org.testng.internal.Utils - [Utils] MethodGroupsHelper.sortMethods() took 0 ms.
15:49:17.726 [main] INFO  org.testng.internal.Utils - [Utils] MethodGroupsHelper.collectMethodsByGroup() took 0 ms.
15:49:17.727 [main] INFO  org.testng.internal.Utils - [Utils] MethodGroupsHelper.sortMethods() took 0 ms.
15:49:17.731 [main] INFO  org.testng.internal.Utils - [Utils] MethodGroupsHelper.collectMethodsByGroup() took 0 ms.
15:49:17.731 [main] INFO  org.testng.internal.Utils - [Utils] MethodGroupsHelper.sortMethods() took 0 ms.
15:49:17.733 [main] INFO  org.testng.internal.Utils - [Utils] MethodGroupsHelper.collectMethodsByGroup() took 0 ms.
15:49:17.733 [main] INFO  org.testng.internal.Utils - [Utils] MethodGroupsHelper.sortMethods() took 0 ms.
15:49:17.736 [main] INFO  org.testng.internal.Utils - [Utils] MethodGroupsHelper.collectMethodsByGroup() took 0 ms.
15:49:17.737 [main] INFO  org.testng.internal.Utils - [Utils] MethodGroupsHelper.sortMethods() took 0 ms.
15:49:17.737 [main] INFO  org.testng.internal.Utils - [Utils] MethodGroupsHelper.collectMethodsByGroup() took 0 ms.
15:49:17.739 [main] INFO  org.testng.internal.Utils - [Utils] MethodGroupsHelper.sortMethods() took 0 ms.
15:49:17.741 [main] INFO  org.testng.internal.Utils - [Utils] MethodGroupsHelper.collectMethodsByGroup() took 1 ms.
15:49:17.742 [main] INFO  org.testng.internal.Utils - [Utils] MethodGroupsHelper.sortMethods() took 0 ms.
15:49:17.744 [main] INFO  org.testng.internal.Utils - [Utils] MethodGroupsHelper.collectMethodsByGroup() took 0 ms.
15:49:17.745 [main] INFO  org.testng.internal.Utils - [Utils] MethodGroupsHelper.sortMethods() took 0 ms.
15:49:17.745 [main] INFO  org.testng.internal.Utils - [Utils] MethodGroupsHelper.collectMethodsByGroup() took 0 ms.
15:49:17.746 [main] INFO  org.testng.internal.Utils - [Utils] MethodGroupsHelper.sortMethods() took 0 ms.
15:49:17.753 [main] INFO  org.testng.internal.Utils - [TestNG] Running:
  D:\Testing\TheCapacity\testCases.xml

15:49:17.763 [main] INFO  org.testng.internal.Utils - [ThreadUtil] Starting executor timeOut:2147483647ms workers:1 threadPoolSize:5
15:49:18.220 [TestNG-tests-1] INFO  org.testng.internal.Utils - [Utils] DynamicGraphHelper.createDynamicGraph() took 10 ms.
15:49:30.118 [TestNG-tests-1] INFO  testCases.TC002_LoginTest - ===Starting Testing of Login Page===
15:49:30.181 [TestNG-tests-1] INFO  testCases.TC002_LoginTest - ===Entering email===
15:49:30.505 [TestNG-tests-1] INFO  testCases.TC002_LoginTest - ===Entering password===
15:50:03.223 [main] INFO  org.testng.internal.Utils - [TestNG] Time taken by org.testng.internal.ExitCodeListener@31bcf236: 0 ms
15:52:37.797 [main] INFO  org.testng.internal.Utils - [TestNG] Running:
  C:\Users\ritika.rajput\AppData\Local\JetBrains\IdeaIC2025.1\temp-testng-customsuite.xml

15:57:53.185 [main] WARN  org.testng.xml.TestNGContentHandler - It is strongly recommended to add "<!DOCTYPE suite SYSTEM "https://testng.org/testng-1.0.dtd" >" at the top of the suite file [D:\Testing\TheCapacity\testCases.xml] otherwise TestNG may fail or not work as expected.
15:57:53.536 [main] INFO  org.testng.internal.Utils - [Utils] MethodGroupsHelper.collectMethodsByGroup() took 0 ms.
15:57:53.542 [main] INFO  org.testng.internal.Utils - [Utils] MethodGroupsHelper.sortMethods() took 2 ms.
15:57:53.545 [main] INFO  org.testng.internal.Utils - [Utils] MethodGroupsHelper.collectMethodsByGroup() took 0 ms.
15:57:53.545 [main] INFO  org.testng.internal.Utils - [Utils] MethodGroupsHelper.sortMethods() took 0 ms.
15:57:53.546 [main] INFO  org.testng.internal.Utils - [Utils] MethodGroupsHelper.collectMethodsByGroup() took 0 ms.
15:57:53.547 [main] INFO  org.testng.internal.Utils - [Utils] MethodGroupsHelper.sortMethods() took 0 ms.
15:57:53.547 [main] INFO  org.testng.internal.Utils - [Utils] MethodGroupsHelper.collectMethodsByGroup() took 0 ms.
15:57:53.548 [main] INFO  org.testng.internal.Utils - [Utils] MethodGroupsHelper.sortMethods() took 0 ms.
15:57:53.555 [main] INFO  org.testng.internal.Utils - [Utils] MethodGroupsHelper.collectMethodsByGroup() took 5 ms.
15:57:53.568 [main] INFO  org.testng.internal.Utils - [Utils] MethodGroupsHelper.sortMethods() took 12 ms.
15:57:53.581 [main] INFO  org.testng.internal.Utils - [Utils] MethodGroupsHelper.collectMethodsByGroup() took 0 ms.
15:57:53.581 [main] INFO  org.testng.internal.Utils - [Utils] MethodGroupsHelper.sortMethods() took 0 ms.
15:57:53.583 [main] INFO  org.testng.internal.Utils - [Utils] MethodGroupsHelper.collectMethodsByGroup() took 0 ms.
15:57:53.584 [main] INFO  org.testng.internal.Utils - [Utils] MethodGroupsHelper.sortMethods() took 0 ms.
15:57:53.584 [main] INFO  org.testng.internal.Utils - [Utils] MethodGroupsHelper.collectMethodsByGroup() took 0 ms.
15:57:53.585 [main] INFO  org.testng.internal.Utils - [Utils] MethodGroupsHelper.sortMethods() took 0 ms.
15:57:53.590 [main] INFO  org.testng.internal.Utils - [Utils] MethodGroupsHelper.collectMethodsByGroup() took 0 ms.
15:57:53.590 [main] INFO  org.testng.internal.Utils - [Utils] MethodGroupsHelper.sortMethods() took 0 ms.
15:57:53.591 [main] INFO  org.testng.internal.Utils - [Utils] MethodGroupsHelper.collectMethodsByGroup() took 0 ms.
15:57:53.591 [main] INFO  org.testng.internal.Utils - [Utils] MethodGroupsHelper.sortMethods() took 0 ms.
15:57:53.593 [main] INFO  org.testng.internal.Utils - [Utils] MethodGroupsHelper.collectMethodsByGroup() took 0 ms.
15:57:53.594 [main] INFO  org.testng.internal.Utils - [Utils] MethodGroupsHelper.sortMethods() took 0 ms.
15:57:53.594 [main] INFO  org.testng.internal.Utils - [Utils] MethodGroupsHelper.collectMethodsByGroup() took 0 ms.
15:57:53.595 [main] INFO  org.testng.internal.Utils - [Utils] MethodGroupsHelper.sortMethods() took 0 ms.
15:57:53.597 [main] INFO  org.testng.internal.Utils - [Utils] MethodGroupsHelper.collectMethodsByGroup() took 1 ms.
15:57:53.598 [main] INFO  org.testng.internal.Utils - [Utils] MethodGroupsHelper.sortMethods() took 0 ms.
15:57:53.600 [main] INFO  org.testng.internal.Utils - [Utils] MethodGroupsHelper.collectMethodsByGroup() took 0 ms.
15:57:53.601 [main] INFO  org.testng.internal.Utils - [Utils] MethodGroupsHelper.sortMethods() took 0 ms.
15:57:53.601 [main] INFO  org.testng.internal.Utils - [Utils] MethodGroupsHelper.collectMethodsByGroup() took 0 ms.
15:57:53.601 [main] INFO  org.testng.internal.Utils - [Utils] MethodGroupsHelper.sortMethods() took 0 ms.
15:57:53.609 [main] INFO  org.testng.internal.Utils - [TestNG] Running:
  D:\Testing\TheCapacity\testCases.xml

15:57:53.621 [main] INFO  org.testng.internal.Utils - [ThreadUtil] Starting executor timeOut:2147483647ms workers:1 threadPoolSize:5
15:57:54.054 [TestNG-tests-1] INFO  org.testng.internal.Utils - [Utils] DynamicGraphHelper.createDynamicGraph() took 10 ms.
15:58:01.753 [TestNG-tests-1] INFO  testCases.TC002_LoginTest - ===Starting Testing of Login Page===
15:58:01.827 [TestNG-tests-1] INFO  testCases.TC002_LoginTest - ===Entering email===
15:58:02.167 [TestNG-tests-1] INFO  testCases.TC002_LoginTest - ===Entering password===
15:58:35.613 [main] INFO  org.testng.internal.Utils - [TestNG] Time taken by org.testng.internal.ExitCodeListener@1941a8ff: 0 ms
16:06:16.910 [main] WARN  org.testng.xml.TestNGContentHandler - It is strongly recommended to add "<!DOCTYPE suite SYSTEM "https://testng.org/testng-1.0.dtd" >" at the top of the suite file [D:\Testing\TheCapacity\testCases.xml] otherwise TestNG may fail or not work as expected.
16:06:17.290 [main] INFO  org.testng.internal.Utils - [Utils] MethodGroupsHelper.collectMethodsByGroup() took 1 ms.
16:06:17.294 [main] INFO  org.testng.internal.Utils - [Utils] MethodGroupsHelper.sortMethods() took 0 ms.
16:06:17.299 [main] INFO  org.testng.internal.Utils - [Utils] MethodGroupsHelper.collectMethodsByGroup() took 0 ms.
16:06:17.299 [main] INFO  org.testng.internal.Utils - [Utils] MethodGroupsHelper.sortMethods() took 0 ms.
16:06:17.300 [main] INFO  org.testng.internal.Utils - [Utils] MethodGroupsHelper.collectMethodsByGroup() took 0 ms.
16:06:17.300 [main] INFO  org.testng.internal.Utils - [Utils] MethodGroupsHelper.sortMethods() took 0 ms.
16:06:17.302 [main] INFO  org.testng.internal.Utils - [Utils] MethodGroupsHelper.collectMethodsByGroup() took 0 ms.
16:06:17.302 [main] INFO  org.testng.internal.Utils - [Utils] MethodGroupsHelper.sortMethods() took 0 ms.
16:06:17.310 [main] INFO  org.testng.internal.Utils - [Utils] MethodGroupsHelper.collectMethodsByGroup() took 5 ms.
16:06:17.332 [main] INFO  org.testng.internal.Utils - [Utils] MethodGroupsHelper.sortMethods() took 21 ms.
16:06:17.336 [main] INFO  org.testng.internal.Utils - [Utils] MethodGroupsHelper.collectMethodsByGroup() took 0 ms.
16:06:17.337 [main] INFO  org.testng.internal.Utils - [Utils] MethodGroupsHelper.sortMethods() took 1 ms.
16:06:17.338 [main] INFO  org.testng.internal.Utils - [Utils] MethodGroupsHelper.collectMethodsByGroup() took 0 ms.
16:06:17.339 [main] INFO  org.testng.internal.Utils - [Utils] MethodGroupsHelper.sortMethods() took 0 ms.
16:06:17.339 [main] INFO  org.testng.internal.Utils - [Utils] MethodGroupsHelper.collectMethodsByGroup() took 0 ms.
16:06:17.340 [main] INFO  org.testng.internal.Utils - [Utils] MethodGroupsHelper.sortMethods() took 0 ms.
16:06:17.346 [main] INFO  org.testng.internal.Utils - [Utils] MethodGroupsHelper.collectMethodsByGroup() took 0 ms.
16:06:17.346 [main] INFO  org.testng.internal.Utils - [Utils] MethodGroupsHelper.sortMethods() took 0 ms.
16:06:17.347 [main] INFO  org.testng.internal.Utils - [Utils] MethodGroupsHelper.collectMethodsByGroup() took 0 ms.
16:06:17.348 [main] INFO  org.testng.internal.Utils - [Utils] MethodGroupsHelper.sortMethods() took 0 ms.
16:06:17.350 [main] INFO  org.testng.internal.Utils - [Utils] MethodGroupsHelper.collectMethodsByGroup() took 0 ms.
16:06:17.350 [main] INFO  org.testng.internal.Utils - [Utils] MethodGroupsHelper.sortMethods() took 0 ms.
16:06:17.351 [main] INFO  org.testng.internal.Utils - [Utils] MethodGroupsHelper.collectMethodsByGroup() took 0 ms.
16:06:17.351 [main] INFO  org.testng.internal.Utils - [Utils] MethodGroupsHelper.sortMethods() took 0 ms.
16:06:17.353 [main] INFO  org.testng.internal.Utils - [Utils] MethodGroupsHelper.collectMethodsByGroup() took 1 ms.
16:06:17.354 [main] INFO  org.testng.internal.Utils - [Utils] MethodGroupsHelper.sortMethods() took 0 ms.
16:06:17.356 [main] INFO  org.testng.internal.Utils - [Utils] MethodGroupsHelper.collectMethodsByGroup() took 0 ms.
16:06:17.356 [main] INFO  org.testng.internal.Utils - [Utils] MethodGroupsHelper.sortMethods() took 0 ms.
16:06:17.356 [main] INFO  org.testng.internal.Utils - [Utils] MethodGroupsHelper.collectMethodsByGroup() took 0 ms.
16:06:17.357 [main] INFO  org.testng.internal.Utils - [Utils] MethodGroupsHelper.sortMethods() took 0 ms.
16:06:17.365 [main] INFO  org.testng.internal.Utils - [TestNG] Running:
  D:\Testing\TheCapacity\testCases.xml

16:06:17.378 [main] INFO  org.testng.internal.Utils - [ThreadUtil] Starting executor timeOut:2147483647ms workers:1 threadPoolSize:5
16:06:17.406 [TestNG-tests-1] INFO  org.testng.internal.Utils - [Utils] DynamicGraphHelper.createDynamicGraph() took 7 ms.
16:06:22.927 [TestNG-tests-1] INFO  testCases.TC002_LoginTest - ===Starting Testing of Login Page===
16:06:23.048 [TestNG-tests-1] INFO  testCases.TC002_LoginTest - ===Entering email===
16:06:23.356 [TestNG-tests-1] INFO  testCases.TC002_LoginTest - ===Entering password===
16:06:54.243 [main] INFO  org.testng.internal.Utils - [TestNG] Time taken by org.testng.internal.ExitCodeListener@691939c9: 0 ms
16:07:43.387 [main] WARN  org.testng.xml.TestNGContentHandler - It is strongly recommended to add "<!DOCTYPE suite SYSTEM "https://testng.org/testng-1.0.dtd" >" at the top of the suite file [D:\Testing\TheCapacity\testCases.xml] otherwise TestNG may fail or not work as expected.
16:07:43.755 [main] INFO  org.testng.internal.Utils - [Utils] MethodGroupsHelper.collectMethodsByGroup() took 0 ms.
16:07:43.760 [main] INFO  org.testng.internal.Utils - [Utils] MethodGroupsHelper.sortMethods() took 2 ms.
16:07:43.764 [main] INFO  org.testng.internal.Utils - [Utils] MethodGroupsHelper.collectMethodsByGroup() took 0 ms.
16:07:43.765 [main] INFO  org.testng.internal.Utils - [Utils] MethodGroupsHelper.sortMethods() took 0 ms.
16:07:43.765 [main] INFO  org.testng.internal.Utils - [Utils] MethodGroupsHelper.collectMethodsByGroup() took 0 ms.
16:07:43.765 [main] INFO  org.testng.internal.Utils - [Utils] MethodGroupsHelper.sortMethods() took 0 ms.
16:07:43.767 [main] INFO  org.testng.internal.Utils - [Utils] MethodGroupsHelper.collectMethodsByGroup() took 0 ms.
16:07:43.767 [main] INFO  org.testng.internal.Utils - [Utils] MethodGroupsHelper.sortMethods() took 0 ms.
16:07:43.774 [main] INFO  org.testng.internal.Utils - [Utils] MethodGroupsHelper.collectMethodsByGroup() took 5 ms.
16:07:43.794 [main] INFO  org.testng.internal.Utils - [Utils] MethodGroupsHelper.sortMethods() took 19 ms.
16:07:43.796 [main] INFO  org.testng.internal.Utils - [Utils] MethodGroupsHelper.collectMethodsByGroup() took 0 ms.
16:07:43.798 [main] INFO  org.testng.internal.Utils - [Utils] MethodGroupsHelper.sortMethods() took 0 ms.
16:07:43.800 [main] INFO  org.testng.internal.Utils - [Utils] MethodGroupsHelper.collectMethodsByGroup() took 0 ms.
16:07:43.800 [main] INFO  org.testng.internal.Utils - [Utils] MethodGroupsHelper.sortMethods() took 0 ms.
16:07:43.801 [main] INFO  org.testng.internal.Utils - [Utils] MethodGroupsHelper.collectMethodsByGroup() took 0 ms.
16:07:43.801 [main] INFO  org.testng.internal.Utils - [Utils] MethodGroupsHelper.sortMethods() took 0 ms.
16:07:43.806 [main] INFO  org.testng.internal.Utils - [Utils] MethodGroupsHelper.collectMethodsByGroup() took 0 ms.
16:07:43.806 [main] INFO  org.testng.internal.Utils - [Utils] MethodGroupsHelper.sortMethods() took 0 ms.
16:07:43.809 [main] INFO  org.testng.internal.Utils - [Utils] MethodGroupsHelper.collectMethodsByGroup() took 0 ms.
16:07:43.809 [main] INFO  org.testng.internal.Utils - [Utils] MethodGroupsHelper.sortMethods() took 0 ms.
16:07:43.811 [main] INFO  org.testng.internal.Utils - [Utils] MethodGroupsHelper.collectMethodsByGroup() took 0 ms.
16:07:43.813 [main] INFO  org.testng.internal.Utils - [Utils] MethodGroupsHelper.sortMethods() took 0 ms.
16:07:43.813 [main] INFO  org.testng.internal.Utils - [Utils] MethodGroupsHelper.collectMethodsByGroup() took 0 ms.
16:07:43.813 [main] INFO  org.testng.internal.Utils - [Utils] MethodGroupsHelper.sortMethods() took 0 ms.
16:07:43.816 [main] INFO  org.testng.internal.Utils - [Utils] MethodGroupsHelper.collectMethodsByGroup() took 0 ms.
16:07:43.816 [main] INFO  org.testng.internal.Utils - [Utils] MethodGroupsHelper.sortMethods() took 0 ms.
16:07:43.818 [main] INFO  org.testng.internal.Utils - [Utils] MethodGroupsHelper.collectMethodsByGroup() took 0 ms.
16:07:43.818 [main] INFO  org.testng.internal.Utils - [Utils] MethodGroupsHelper.sortMethods() took 0 ms.
16:07:43.819 [main] INFO  org.testng.internal.Utils - [Utils] MethodGroupsHelper.collectMethodsByGroup() took 0 ms.
16:07:43.819 [main] INFO  org.testng.internal.Utils - [Utils] MethodGroupsHelper.sortMethods() took 0 ms.
16:07:43.828 [main] INFO  org.testng.internal.Utils - [TestNG] Running:
  D:\Testing\TheCapacity\testCases.xml

16:07:43.839 [main] INFO  org.testng.internal.Utils - [ThreadUtil] Starting executor timeOut:2147483647ms workers:1 threadPoolSize:5
16:07:44.363 [TestNG-tests-1] INFO  org.testng.internal.Utils - [Utils] DynamicGraphHelper.createDynamicGraph() took 8 ms.
16:07:49.682 [TestNG-tests-1] INFO  testCases.TC002_LoginTest - ===Starting Testing of Login Page===
16:07:49.765 [TestNG-tests-1] INFO  testCases.TC002_LoginTest - ===Entering email===
16:07:50.085 [TestNG-tests-1] INFO  testCases.TC002_LoginTest - ===Entering password===
16:08:24.349 [main] INFO  org.testng.internal.Utils - [TestNG] Time taken by org.testng.reporters.EmailableReporter@17aad511: 30 ms
16:08:24.349 [main] INFO  org.testng.internal.Utils - [TestNG] Time taken by org.testng.internal.ExitCodeListener@487db668: 0 ms
16:10:40.692 [main] WARN  org.testng.xml.TestNGContentHandler - It is strongly recommended to add "<!DOCTYPE suite SYSTEM "https://testng.org/testng-1.0.dtd" >" at the top of the suite file [D:\Testing\TheCapacity\grouping.xml] otherwise TestNG may fail or not work as expected.
16:10:41.066 [main] INFO  org.testng.internal.Utils - [Utils] MethodGroupsHelper.collectMethodsByGroup() took 0 ms.
16:10:41.074 [main] INFO  org.testng.internal.Utils - [Utils] MethodGroupsHelper.sortMethods() took 4 ms.
16:10:41.079 [main] INFO  org.testng.internal.Utils - [Utils] MethodGroupsHelper.collectMethodsByGroup() took 0 ms.
16:10:41.079 [main] INFO  org.testng.internal.Utils - [Utils] MethodGroupsHelper.sortMethods() took 0 ms.
16:10:41.081 [main] INFO  org.testng.internal.Utils - [Utils] MethodGroupsHelper.collectMethodsByGroup() took 0 ms.
16:10:41.081 [main] INFO  org.testng.internal.Utils - [Utils] MethodGroupsHelper.sortMethods() took 0 ms.
16:10:41.082 [main] INFO  org.testng.internal.Utils - [Utils] MethodGroupsHelper.collectMethodsByGroup() took 0 ms.
16:10:41.083 [main] INFO  org.testng.internal.Utils - [Utils] MethodGroupsHelper.sortMethods() took 0 ms.
16:10:41.092 [main] INFO  org.testng.internal.Utils - [Utils] MethodGroupsHelper.collectMethodsByGroup() took 7 ms.
16:10:41.092 [main] INFO  org.testng.internal.Utils - [Utils] MethodGroupsHelper.sortMethods() took 0 ms.
16:10:41.094 [main] INFO  org.testng.internal.Utils - [Utils] MethodGroupsHelper.collectMethodsByGroup() took 0 ms.
16:10:41.096 [main] INFO  org.testng.internal.Utils - [Utils] MethodGroupsHelper.sortMethods() took 0 ms.
16:10:41.097 [main] INFO  org.testng.internal.Utils - [Utils] MethodGroupsHelper.collectMethodsByGroup() took 0 ms.
16:10:41.097 [main] INFO  org.testng.internal.Utils - [Utils] MethodGroupsHelper.sortMethods() took 0 ms.
16:10:41.098 [main] INFO  org.testng.internal.Utils - [Utils] MethodGroupsHelper.collectMethodsByGroup() took 0 ms.
16:10:41.099 [main] INFO  org.testng.internal.Utils - [Utils] MethodGroupsHelper.sortMethods() took 0 ms.
16:10:41.112 [main] INFO  org.testng.internal.Utils - [Utils] MethodGroupsHelper.collectMethodsByGroup() took 0 ms.
16:10:41.112 [main] INFO  org.testng.internal.Utils - [Utils] MethodGroupsHelper.sortMethods() took 0 ms.
16:10:41.113 [main] INFO  org.testng.internal.Utils - [Utils] MethodGroupsHelper.collectMethodsByGroup() took 0 ms.
16:10:41.114 [main] INFO  org.testng.internal.Utils - [Utils] MethodGroupsHelper.sortMethods() took 0 ms.
16:10:41.116 [main] INFO  org.testng.internal.Utils - [Utils] MethodGroupsHelper.collectMethodsByGroup() took 0 ms.
16:10:41.117 [main] INFO  org.testng.internal.Utils - [Utils] MethodGroupsHelper.sortMethods() took 0 ms.
16:10:41.117 [main] INFO  org.testng.internal.Utils - [Utils] MethodGroupsHelper.collectMethodsByGroup() took 0 ms.
16:10:41.118 [main] INFO  org.testng.internal.Utils - [Utils] MethodGroupsHelper.sortMethods() took 0 ms.
16:10:41.120 [main] INFO  org.testng.internal.Utils - [Utils] MethodGroupsHelper.collectMethodsByGroup() took 0 ms.
16:10:41.120 [main] INFO  org.testng.internal.Utils - [Utils] MethodGroupsHelper.sortMethods() took 0 ms.
16:10:41.121 [main] INFO  org.testng.internal.Utils - [Utils] MethodGroupsHelper.collectMethodsByGroup() took 0 ms.
16:10:41.121 [main] INFO  org.testng.internal.Utils - [Utils] MethodGroupsHelper.sortMethods() took 0 ms.
16:10:41.122 [main] INFO  org.testng.internal.Utils - [Utils] MethodGroupsHelper.collectMethodsByGroup() took 0 ms.
16:10:41.122 [main] INFO  org.testng.internal.Utils - [Utils] MethodGroupsHelper.sortMethods() took 0 ms.
16:10:41.133 [main] INFO  org.testng.internal.Utils - [TestNG] Running:
  D:\Testing\TheCapacity\grouping.xml

16:10:41.147 [main] INFO  org.testng.internal.Utils - [ThreadUtil] Starting executor timeOut:2147483647ms workers:1 threadPoolSize:5
16:10:41.178 [TestNG-tests-1] INFO  org.testng.internal.Utils - [Utils] DynamicGraphHelper.createDynamicGraph() took 6 ms.
16:10:41.191 [main] INFO  org.testng.internal.Utils - [TestNG] Time taken by org.testng.internal.ExitCodeListener@4eb386df: 0 ms
16:10:49.790 [main] WARN  org.testng.xml.TestNGContentHandler - It is strongly recommended to add "<!DOCTYPE suite SYSTEM "https://testng.org/testng-1.0.dtd" >" at the top of the suite file [D:\Testing\TheCapacity\testCases.xml] otherwise TestNG may fail or not work as expected.
16:10:50.172 [main] INFO  org.testng.internal.Utils - [Utils] MethodGroupsHelper.collectMethodsByGroup() took 0 ms.
16:10:50.176 [main] INFO  org.testng.internal.Utils - [Utils] MethodGroupsHelper.sortMethods() took 2 ms.
16:10:50.180 [main] INFO  org.testng.internal.Utils - [Utils] MethodGroupsHelper.collectMethodsByGroup() took 0 ms.
16:10:50.180 [main] INFO  org.testng.internal.Utils - [Utils] MethodGroupsHelper.sortMethods() took 0 ms.
16:10:50.182 [main] INFO  org.testng.internal.Utils - [Utils] MethodGroupsHelper.collectMethodsByGroup() took 0 ms.
16:10:50.183 [main] INFO  org.testng.internal.Utils - [Utils] MethodGroupsHelper.sortMethods() took 0 ms.
16:10:50.184 [main] INFO  org.testng.internal.Utils - [Utils] MethodGroupsHelper.collectMethodsByGroup() took 0 ms.
16:10:50.184 [main] INFO  org.testng.internal.Utils - [Utils] MethodGroupsHelper.sortMethods() took 0 ms.
16:10:50.191 [main] INFO  org.testng.internal.Utils - [Utils] MethodGroupsHelper.collectMethodsByGroup() took 4 ms.
16:10:50.213 [main] INFO  org.testng.internal.Utils - [Utils] MethodGroupsHelper.sortMethods() took 20 ms.
16:10:50.218 [main] INFO  org.testng.internal.Utils - [Utils] MethodGroupsHelper.collectMethodsByGroup() took 0 ms.
16:10:50.219 [main] INFO  org.testng.internal.Utils - [Utils] MethodGroupsHelper.sortMethods() took 1 ms.
16:10:50.221 [main] INFO  org.testng.internal.Utils - [Utils] MethodGroupsHelper.collectMethodsByGroup() took 0 ms.
16:10:50.221 [main] INFO  org.testng.internal.Utils - [Utils] MethodGroupsHelper.sortMethods() took 0 ms.
16:10:50.222 [main] INFO  org.testng.internal.Utils - [Utils] MethodGroupsHelper.collectMethodsByGroup() took 0 ms.
16:10:50.223 [main] INFO  org.testng.internal.Utils - [Utils] MethodGroupsHelper.sortMethods() took 0 ms.
16:10:50.227 [main] INFO  org.testng.internal.Utils - [Utils] MethodGroupsHelper.collectMethodsByGroup() took 0 ms.
16:10:50.228 [main] INFO  org.testng.internal.Utils - [Utils] MethodGroupsHelper.sortMethods() took 0 ms.
16:10:50.228 [main] INFO  org.testng.internal.Utils - [Utils] MethodGroupsHelper.collectMethodsByGroup() took 0 ms.
16:10:50.229 [main] INFO  org.testng.internal.Utils - [Utils] MethodGroupsHelper.sortMethods() took 0 ms.
16:10:50.232 [main] INFO  org.testng.internal.Utils - [Utils] MethodGroupsHelper.collectMethodsByGroup() took 0 ms.
16:10:50.232 [main] INFO  org.testng.internal.Utils - [Utils] MethodGroupsHelper.sortMethods() took 0 ms.
16:10:50.232 [main] INFO  org.testng.internal.Utils - [Utils] MethodGroupsHelper.collectMethodsByGroup() took 0 ms.
16:10:50.233 [main] INFO  org.testng.internal.Utils - [Utils] MethodGroupsHelper.sortMethods() took 0 ms.
16:10:50.235 [main] INFO  org.testng.internal.Utils - [Utils] MethodGroupsHelper.collectMethodsByGroup() took 0 ms.
16:10:50.236 [main] INFO  org.testng.internal.Utils - [Utils] MethodGroupsHelper.sortMethods() took 0 ms.
16:10:50.238 [main] INFO  org.testng.internal.Utils - [Utils] MethodGroupsHelper.collectMethodsByGroup() took 0 ms.
16:10:50.238 [main] INFO  org.testng.internal.Utils - [Utils] MethodGroupsHelper.sortMethods() took 0 ms.
16:10:50.239 [main] INFO  org.testng.internal.Utils - [Utils] MethodGroupsHelper.collectMethodsByGroup() took 0 ms.
16:10:50.239 [main] INFO  org.testng.internal.Utils - [Utils] MethodGroupsHelper.sortMethods() took 0 ms.
16:10:50.247 [main] INFO  org.testng.internal.Utils - [TestNG] Running:
  D:\Testing\TheCapacity\testCases.xml

16:10:50.259 [main] INFO  org.testng.internal.Utils - [ThreadUtil] Starting executor timeOut:2147483647ms workers:1 threadPoolSize:5
16:10:50.696 [TestNG-tests-1] INFO  org.testng.internal.Utils - [Utils] DynamicGraphHelper.createDynamicGraph() took 9 ms.
16:10:56.953 [TestNG-tests-1] INFO  testCases.TC002_LoginTest - ===Starting Testing of Login Page===
16:10:57.032 [TestNG-tests-1] INFO  testCases.TC002_LoginTest - ===Entering email===
16:10:58.015 [TestNG-tests-1] INFO  testCases.TC002_LoginTest - ===Entering password===
16:11:30.807 [main] INFO  org.testng.internal.Utils - [TestNG] Time taken by org.testng.reporters.EmailableReporter@5adb0db3: 34 ms
16:11:30.807 [main] INFO  org.testng.internal.Utils - [TestNG] Time taken by org.testng.internal.ExitCodeListener@3f270e0a: 0 ms
16:03:46.349 [main] WARN  org.testng.xml.TestNGContentHandler - It is strongly recommended to add "<!DOCTYPE suite SYSTEM "https://testng.org/testng-1.0.dtd" >" at the top of the suite file [D:\Testing\TheCapacity\testCases.xml] otherwise TestNG may fail or not work as expected.
16:03:46.958 [main] INFO  org.testng.internal.Utils - [Utils] MethodGroupsHelper.collectMethodsByGroup() took 1 ms.
16:03:46.963 [main] INFO  org.testng.internal.Utils - [Utils] MethodGroupsHelper.sortMethods() took 2 ms.
16:03:46.968 [main] INFO  org.testng.internal.Utils - [Utils] MethodGroupsHelper.collectMethodsByGroup() took 0 ms.
16:03:46.968 [main] INFO  org.testng.internal.Utils - [Utils] MethodGroupsHelper.sortMethods() took 0 ms.
16:03:46.969 [main] INFO  org.testng.internal.Utils - [Utils] MethodGroupsHelper.collectMethodsByGroup() took 0 ms.
16:03:46.969 [main] INFO  org.testng.internal.Utils - [Utils] MethodGroupsHelper.sortMethods() took 0 ms.
16:03:46.970 [main] INFO  org.testng.internal.Utils - [Utils] MethodGroupsHelper.collectMethodsByGroup() took 0 ms.
16:03:46.971 [main] INFO  org.testng.internal.Utils - [Utils] MethodGroupsHelper.sortMethods() took 0 ms.
16:03:46.978 [main] INFO  org.testng.internal.Utils - [Utils] MethodGroupsHelper.collectMethodsByGroup() took 5 ms.
16:03:47.004 [main] INFO  org.testng.internal.Utils - [Utils] MethodGroupsHelper.sortMethods() took 24 ms.
16:03:47.007 [main] INFO  org.testng.internal.Utils - [Utils] MethodGroupsHelper.collectMethodsByGroup() took 0 ms.
16:03:47.008 [main] INFO  org.testng.internal.Utils - [Utils] MethodGroupsHelper.sortMethods() took 0 ms.
16:03:47.009 [main] INFO  org.testng.internal.Utils - [Utils] MethodGroupsHelper.collectMethodsByGroup() took 0 ms.
16:03:47.010 [main] INFO  org.testng.internal.Utils - [Utils] MethodGroupsHelper.sortMethods() took 0 ms.
16:03:47.011 [main] INFO  org.testng.internal.Utils - [Utils] MethodGroupsHelper.collectMethodsByGroup() took 0 ms.
16:03:47.011 [main] INFO  org.testng.internal.Utils - [Utils] MethodGroupsHelper.sortMethods() took 0 ms.
16:03:47.017 [main] INFO  org.testng.internal.Utils - [Utils] MethodGroupsHelper.collectMethodsByGroup() took 0 ms.
16:03:47.017 [main] INFO  org.testng.internal.Utils - [Utils] MethodGroupsHelper.sortMethods() took 0 ms.
16:03:47.019 [main] INFO  org.testng.internal.Utils - [Utils] MethodGroupsHelper.collectMethodsByGroup() took 0 ms.
16:03:47.020 [main] INFO  org.testng.internal.Utils - [Utils] MethodGroupsHelper.sortMethods() took 0 ms.
16:03:47.022 [main] INFO  org.testng.internal.Utils - [Utils] MethodGroupsHelper.collectMethodsByGroup() took 0 ms.
16:03:47.022 [main] INFO  org.testng.internal.Utils - [Utils] MethodGroupsHelper.sortMethods() took 0 ms.
16:03:47.022 [main] INFO  org.testng.internal.Utils - [Utils] MethodGroupsHelper.collectMethodsByGroup() took 0 ms.
16:03:47.023 [main] INFO  org.testng.internal.Utils - [Utils] MethodGroupsHelper.sortMethods() took 0 ms.
16:03:47.024 [main] INFO  org.testng.internal.Utils - [Utils] MethodGroupsHelper.collectMethodsByGroup() took 0 ms.
16:03:47.025 [main] INFO  org.testng.internal.Utils - [Utils] MethodGroupsHelper.sortMethods() took 0 ms.
16:03:47.027 [main] INFO  org.testng.internal.Utils - [Utils] MethodGroupsHelper.collectMethodsByGroup() took 0 ms.
16:03:47.027 [main] INFO  org.testng.internal.Utils - [Utils] MethodGroupsHelper.sortMethods() took 0 ms.
16:03:47.027 [main] INFO  org.testng.internal.Utils - [Utils] MethodGroupsHelper.collectMethodsByGroup() took 0 ms.
16:03:47.027 [main] INFO  org.testng.internal.Utils - [Utils] MethodGroupsHelper.sortMethods() took 0 ms.
16:03:47.036 [main] INFO  org.testng.internal.Utils - [TestNG] Running:
  D:\Testing\TheCapacity\testCases.xml

16:03:47.046 [main] INFO  org.testng.internal.Utils - [ThreadUtil] Starting executor timeOut:2147483647ms workers:1 threadPoolSize:5
16:03:47.765 [TestNG-tests-1] INFO  org.testng.internal.Utils - [Utils] DynamicGraphHelper.createDynamicGraph() took 11 ms.
16:03:50.917 [main] INFO  org.testng.internal.Utils - [TestNG] Time taken by org.testng.reporters.EmailableReporter@e8df99a: 36 ms
16:03:50.920 [main] INFO  org.testng.internal.Utils - [TestNG] Time taken by org.testng.internal.ExitCodeListener@2dc995f4: 0 ms
16:05:48.023 [main] WARN  org.testng.xml.TestNGContentHandler - It is strongly recommended to add "<!DOCTYPE suite SYSTEM "https://testng.org/testng-1.0.dtd" >" at the top of the suite file [D:\Testing\TheCapacity\testCases.xml] otherwise TestNG may fail or not work as expected.
16:05:48.655 [main] INFO  org.testng.internal.Utils - [Utils] MethodGroupsHelper.collectMethodsByGroup() took 0 ms.
16:05:48.661 [main] INFO  org.testng.internal.Utils - [Utils] MethodGroupsHelper.sortMethods() took 1 ms.
16:05:48.664 [main] INFO  org.testng.internal.Utils - [Utils] MethodGroupsHelper.collectMethodsByGroup() took 0 ms.
16:05:48.664 [main] INFO  org.testng.internal.Utils - [Utils] MethodGroupsHelper.sortMethods() took 0 ms.
16:05:48.672 [main] INFO  org.testng.internal.Utils - [Utils] MethodGroupsHelper.collectMethodsByGroup() took 0 ms.
16:05:48.675 [main] INFO  org.testng.internal.Utils - [Utils] MethodGroupsHelper.sortMethods() took 0 ms.
16:05:48.677 [main] INFO  org.testng.internal.Utils - [Utils] MethodGroupsHelper.collectMethodsByGroup() took 0 ms.
16:05:48.677 [main] INFO  org.testng.internal.Utils - [Utils] MethodGroupsHelper.sortMethods() took 0 ms.
16:05:48.685 [main] INFO  org.testng.internal.Utils - [Utils] MethodGroupsHelper.collectMethodsByGroup() took 7 ms.
16:05:48.708 [main] INFO  org.testng.internal.Utils - [Utils] MethodGroupsHelper.sortMethods() took 22 ms.
16:05:48.710 [main] INFO  org.testng.internal.Utils - [Utils] MethodGroupsHelper.collectMethodsByGroup() took 0 ms.
16:05:48.710 [main] INFO  org.testng.internal.Utils - [Utils] MethodGroupsHelper.sortMethods() took 0 ms.
16:05:48.713 [main] INFO  org.testng.internal.Utils - [Utils] MethodGroupsHelper.collectMethodsByGroup() took 0 ms.
16:05:48.713 [main] INFO  org.testng.internal.Utils - [Utils] MethodGroupsHelper.sortMethods() took 0 ms.
16:05:48.714 [main] INFO  org.testng.internal.Utils - [Utils] MethodGroupsHelper.collectMethodsByGroup() took 0 ms.
16:05:48.714 [main] INFO  org.testng.internal.Utils - [Utils] MethodGroupsHelper.sortMethods() took 0 ms.
16:05:48.720 [main] INFO  org.testng.internal.Utils - [Utils] MethodGroupsHelper.collectMethodsByGroup() took 0 ms.
16:05:48.720 [main] INFO  org.testng.internal.Utils - [Utils] MethodGroupsHelper.sortMethods() took 0 ms.
16:05:48.724 [main] INFO  org.testng.internal.Utils - [Utils] MethodGroupsHelper.collectMethodsByGroup() took 0 ms.
16:05:48.726 [main] INFO  org.testng.internal.Utils - [Utils] MethodGroupsHelper.sortMethods() took 0 ms.
16:05:48.727 [main] INFO  org.testng.internal.Utils - [Utils] MethodGroupsHelper.collectMethodsByGroup() took 0 ms.
16:05:48.727 [main] INFO  org.testng.internal.Utils - [Utils] MethodGroupsHelper.sortMethods() took 0 ms.
16:05:48.728 [main] INFO  org.testng.internal.Utils - [Utils] MethodGroupsHelper.collectMethodsByGroup() took 0 ms.
16:05:48.729 [main] INFO  org.testng.internal.Utils - [Utils] MethodGroupsHelper.sortMethods() took 0 ms.
16:05:48.733 [main] INFO  org.testng.internal.Utils - [Utils] MethodGroupsHelper.collectMethodsByGroup() took 0 ms.
16:05:48.734 [main] INFO  org.testng.internal.Utils - [Utils] MethodGroupsHelper.sortMethods() took 0 ms.
16:05:48.737 [main] INFO  org.testng.internal.Utils - [Utils] MethodGroupsHelper.collectMethodsByGroup() took 0 ms.
16:05:48.737 [main] INFO  org.testng.internal.Utils - [Utils] MethodGroupsHelper.sortMethods() took 0 ms.
16:05:48.737 [main] INFO  org.testng.internal.Utils - [Utils] MethodGroupsHelper.collectMethodsByGroup() took 0 ms.
16:05:48.737 [main] INFO  org.testng.internal.Utils - [Utils] MethodGroupsHelper.sortMethods() took 0 ms.
16:05:48.744 [main] INFO  org.testng.internal.Utils - [TestNG] Running:
  D:\Testing\TheCapacity\testCases.xml

16:05:48.758 [main] INFO  org.testng.internal.Utils - [ThreadUtil] Starting executor timeOut:2147483647ms workers:1 threadPoolSize:5
16:05:49.500 [TestNG-tests-1] INFO  org.testng.internal.Utils - [Utils] DynamicGraphHelper.createDynamicGraph() took 9 ms.
16:05:59.900 [TestNG-tests-1] INFO  testCases.TC002_LoginTest - ===Starting Testing of Login Page===
16:05:59.984 [TestNG-tests-1] INFO  testCases.TC002_LoginTest - ===Entering email===
16:06:00.354 [TestNG-tests-1] INFO  testCases.TC002_LoginTest - ===Entering password===
16:06:05.470 [TestNG-tests-1] INFO  testCases.TC002_LoginTest - ===Sign in successfully===
16:06:07.387 [main] INFO  org.testng.internal.Utils - [TestNG] Time taken by org.testng.reporters.EmailableReporter@2dc995f4: 14 ms
16:06:07.387 [main] INFO  org.testng.internal.Utils - [TestNG] Time taken by org.testng.internal.ExitCodeListener@2f40e5db: 0 ms
15:43:18.702 [main] WARN  org.testng.xml.TestNGContentHandler - It is strongly recommended to add "<!DOCTYPE suite SYSTEM "https://testng.org/testng-1.0.dtd" >" at the top of the suite file [D:\Testing\TheCapacity\testCases.xml] otherwise TestNG may fail or not work as expected.
15:43:19.271 [main] INFO  org.testng.internal.Utils - [Utils] MethodGroupsHelper.collectMethodsByGroup() took 2 ms.
15:43:19.279 [main] INFO  org.testng.internal.Utils - [Utils] MethodGroupsHelper.sortMethods() took 4 ms.
15:43:19.283 [main] INFO  org.testng.internal.Utils - [Utils] MethodGroupsHelper.collectMethodsByGroup() took 0 ms.
15:43:19.284 [main] INFO  org.testng.internal.Utils - [Utils] MethodGroupsHelper.sortMethods() took 0 ms.
15:43:19.284 [main] INFO  org.testng.internal.Utils - [Utils] MethodGroupsHelper.collectMethodsByGroup() took 0 ms.
15:43:19.287 [main] INFO  org.testng.internal.Utils - [Utils] MethodGroupsHelper.sortMethods() took 0 ms.
15:43:19.289 [main] INFO  org.testng.internal.Utils - [Utils] MethodGroupsHelper.collectMethodsByGroup() took 0 ms.
15:43:19.290 [main] INFO  org.testng.internal.Utils - [Utils] MethodGroupsHelper.sortMethods() took 1 ms.
15:43:19.299 [main] INFO  org.testng.internal.Utils - [Utils] MethodGroupsHelper.collectMethodsByGroup() took 5 ms.
15:43:19.336 [main] INFO  org.testng.internal.Utils - [Utils] MethodGroupsHelper.sortMethods() took 36 ms.
15:43:19.344 [main] INFO  org.testng.internal.Utils - [Utils] MethodGroupsHelper.collectMethodsByGroup() took 0 ms.
15:43:19.345 [main] INFO  org.testng.internal.Utils - [Utils] MethodGroupsHelper.sortMethods() took 0 ms.
15:43:19.347 [main] INFO  org.testng.internal.Utils - [Utils] MethodGroupsHelper.collectMethodsByGroup() took 0 ms.
15:43:19.348 [main] INFO  org.testng.internal.Utils - [Utils] MethodGroupsHelper.sortMethods() took 0 ms.
15:43:19.350 [main] INFO  org.testng.internal.Utils - [Utils] MethodGroupsHelper.collectMethodsByGroup() took 0 ms.
15:43:19.350 [main] INFO  org.testng.internal.Utils - [Utils] MethodGroupsHelper.sortMethods() took 0 ms.
15:43:19.357 [main] INFO  org.testng.internal.Utils - [Utils] MethodGroupsHelper.collectMethodsByGroup() took 0 ms.
15:43:19.357 [main] INFO  org.testng.internal.Utils - [Utils] MethodGroupsHelper.sortMethods() took 0 ms.
15:43:19.358 [main] INFO  org.testng.internal.Utils - [Utils] MethodGroupsHelper.collectMethodsByGroup() took 0 ms.
15:43:19.359 [main] INFO  org.testng.internal.Utils - [Utils] MethodGroupsHelper.sortMethods() took 0 ms.
15:43:19.362 [main] INFO  org.testng.internal.Utils - [Utils] MethodGroupsHelper.collectMethodsByGroup() took 0 ms.
15:43:19.362 [main] INFO  org.testng.internal.Utils - [Utils] MethodGroupsHelper.sortMethods() took 0 ms.
15:43:19.363 [main] INFO  org.testng.internal.Utils - [Utils] MethodGroupsHelper.collectMethodsByGroup() took 0 ms.
15:43:19.363 [main] INFO  org.testng.internal.Utils - [Utils] MethodGroupsHelper.sortMethods() took 0 ms.
15:43:19.367 [main] INFO  org.testng.internal.Utils - [Utils] MethodGroupsHelper.collectMethodsByGroup() took 2 ms.
15:43:19.369 [main] INFO  org.testng.internal.Utils - [Utils] MethodGroupsHelper.sortMethods() took 1 ms.
15:43:19.372 [main] INFO  org.testng.internal.Utils - [Utils] MethodGroupsHelper.collectMethodsByGroup() took 0 ms.
15:43:19.373 [main] INFO  org.testng.internal.Utils - [Utils] MethodGroupsHelper.sortMethods() took 0 ms.
15:43:19.373 [main] INFO  org.testng.internal.Utils - [Utils] MethodGroupsHelper.collectMethodsByGroup() took 0 ms.
15:43:19.373 [main] INFO  org.testng.internal.Utils - [Utils] MethodGroupsHelper.sortMethods() took 0 ms.
15:43:19.385 [main] INFO  org.testng.internal.Utils - [TestNG] Running:
  D:\Testing\TheCapacity\testCases.xml

15:43:19.401 [main] INFO  org.testng.internal.Utils - [ThreadUtil] Starting executor timeOut:2147483647ms workers:1 threadPoolSize:5
15:43:20.209 [TestNG-tests-1] INFO  org.testng.internal.Utils - [Utils] DynamicGraphHelper.createDynamicGraph() took 9 ms.
15:43:28.140 [main] INFO  org.testng.internal.Utils - [TestNG] Time taken by org.testng.internal.ExitCodeListener@421bba99: 0 ms
15:44:14.623 [main] WARN  org.testng.xml.TestNGContentHandler - It is strongly recommended to add "<!DOCTYPE suite SYSTEM "https://testng.org/testng-1.0.dtd" >" at the top of the suite file [D:\Testing\TheCapacity\testCases.xml] otherwise TestNG may fail or not work as expected.
15:44:15.123 [main] INFO  org.testng.internal.Utils - [Utils] MethodGroupsHelper.collectMethodsByGroup() took 3 ms.
15:44:15.130 [main] INFO  org.testng.internal.Utils - [Utils] MethodGroupsHelper.sortMethods() took 3 ms.
15:44:15.137 [main] INFO  org.testng.internal.Utils - [Utils] MethodGroupsHelper.collectMethodsByGroup() took 0 ms.
15:44:15.137 [main] INFO  org.testng.internal.Utils - [Utils] MethodGroupsHelper.sortMethods() took 0 ms.
15:44:15.140 [main] INFO  org.testng.internal.Utils - [Utils] MethodGroupsHelper.collectMethodsByGroup() took 0 ms.
15:44:15.140 [main] INFO  org.testng.internal.Utils - [Utils] MethodGroupsHelper.sortMethods() took 0 ms.
15:44:15.144 [main] INFO  org.testng.internal.Utils - [Utils] MethodGroupsHelper.collectMethodsByGroup() took 0 ms.
15:44:15.147 [main] INFO  org.testng.internal.Utils - [Utils] MethodGroupsHelper.sortMethods() took 0 ms.
15:44:15.162 [main] INFO  org.testng.internal.Utils - [Utils] MethodGroupsHelper.collectMethodsByGroup() took 10 ms.
15:44:15.209 [main] INFO  org.testng.internal.Utils - [Utils] MethodGroupsHelper.sortMethods() took 46 ms.
15:44:15.215 [main] INFO  org.testng.internal.Utils - [Utils] MethodGroupsHelper.collectMethodsByGroup() took 0 ms.
15:44:15.217 [main] INFO  org.testng.internal.Utils - [Utils] MethodGroupsHelper.sortMethods() took 0 ms.
15:44:15.220 [main] INFO  org.testng.internal.Utils - [Utils] MethodGroupsHelper.collectMethodsByGroup() took 0 ms.
15:44:15.222 [main] INFO  org.testng.internal.Utils - [Utils] MethodGroupsHelper.sortMethods() took 0 ms.
15:44:15.224 [main] INFO  org.testng.internal.Utils - [Utils] MethodGroupsHelper.collectMethodsByGroup() took 0 ms.
15:44:15.226 [main] INFO  org.testng.internal.Utils - [Utils] MethodGroupsHelper.sortMethods() took 0 ms.
15:44:15.235 [main] INFO  org.testng.internal.Utils - [Utils] MethodGroupsHelper.collectMethodsByGroup() took 0 ms.
15:44:15.235 [main] INFO  org.testng.internal.Utils - [Utils] MethodGroupsHelper.sortMethods() took 0 ms.
15:44:15.236 [main] INFO  org.testng.internal.Utils - [Utils] MethodGroupsHelper.collectMethodsByGroup() took 0 ms.
15:44:15.237 [main] INFO  org.testng.internal.Utils - [Utils] MethodGroupsHelper.sortMethods() took 0 ms.
15:44:15.240 [main] INFO  org.testng.internal.Utils - [Utils] MethodGroupsHelper.collectMethodsByGroup() took 0 ms.
15:44:15.240 [main] INFO  org.testng.internal.Utils - [Utils] MethodGroupsHelper.sortMethods() took 0 ms.
15:44:15.240 [main] INFO  org.testng.internal.Utils - [Utils] MethodGroupsHelper.collectMethodsByGroup() took 0 ms.
15:44:15.243 [main] INFO  org.testng.internal.Utils - [Utils] MethodGroupsHelper.sortMethods() took 0 ms.
15:44:15.246 [main] INFO  org.testng.internal.Utils - [Utils] MethodGroupsHelper.collectMethodsByGroup() took 2 ms.
15:44:15.251 [main] INFO  org.testng.internal.Utils - [Utils] MethodGroupsHelper.sortMethods() took 1 ms.
15:44:15.252 [main] INFO  org.testng.internal.Utils - [Utils] MethodGroupsHelper.collectMethodsByGroup() took 0 ms.
15:44:15.253 [main] INFO  org.testng.internal.Utils - [Utils] MethodGroupsHelper.sortMethods() took 0 ms.
15:44:15.254 [main] INFO  org.testng.internal.Utils - [Utils] MethodGroupsHelper.collectMethodsByGroup() took 0 ms.
15:44:15.254 [main] INFO  org.testng.internal.Utils - [Utils] MethodGroupsHelper.sortMethods() took 0 ms.
15:44:15.263 [main] INFO  org.testng.internal.Utils - [TestNG] Running:
  D:\Testing\TheCapacity\testCases.xml

15:44:15.281 [main] INFO  org.testng.internal.Utils - [ThreadUtil] Starting executor timeOut:2147483647ms workers:1 threadPoolSize:5
15:44:15.954 [TestNG-tests-1] INFO  org.testng.internal.Utils - [Utils] DynamicGraphHelper.createDynamicGraph() took 9 ms.
15:44:19.040 [main] INFO  org.testng.internal.Utils - [TestNG] Time taken by org.testng.internal.ExitCodeListener@1941a8ff: 0 ms
15:48:09.479 [main] WARN  org.testng.xml.TestNGContentHandler - It is strongly recommended to add "<!DOCTYPE suite SYSTEM "https://testng.org/testng-1.0.dtd" >" at the top of the suite file [D:\Testing\TheCapacity\testCases.xml] otherwise TestNG may fail or not work as expected.
15:48:09.896 [main] INFO  org.testng.internal.Utils - [Utils] MethodGroupsHelper.collectMethodsByGroup() took 3 ms.
15:48:09.902 [main] INFO  org.testng.internal.Utils - [Utils] MethodGroupsHelper.sortMethods() took 2 ms.
15:48:09.906 [main] INFO  org.testng.internal.Utils - [Utils] MethodGroupsHelper.collectMethodsByGroup() took 0 ms.
15:48:09.906 [main] INFO  org.testng.internal.Utils - [Utils] MethodGroupsHelper.sortMethods() took 0 ms.
15:48:09.907 [main] INFO  org.testng.internal.Utils - [Utils] MethodGroupsHelper.collectMethodsByGroup() took 0 ms.
15:48:09.907 [main] INFO  org.testng.internal.Utils - [Utils] MethodGroupsHelper.sortMethods() took 0 ms.
15:48:09.909 [main] INFO  org.testng.internal.Utils - [Utils] MethodGroupsHelper.collectMethodsByGroup() took 0 ms.
15:48:09.909 [main] INFO  org.testng.internal.Utils - [Utils] MethodGroupsHelper.sortMethods() took 0 ms.
15:48:09.918 [main] INFO  org.testng.internal.Utils - [Utils] MethodGroupsHelper.collectMethodsByGroup() took 5 ms.
15:48:09.943 [main] INFO  org.testng.internal.Utils - [Utils] MethodGroupsHelper.sortMethods() took 24 ms.
15:48:09.947 [main] INFO  org.testng.internal.Utils - [Utils] MethodGroupsHelper.collectMethodsByGroup() took 0 ms.
15:48:09.948 [main] INFO  org.testng.internal.Utils - [Utils] MethodGroupsHelper.sortMethods() took 1 ms.
15:48:09.949 [main] INFO  org.testng.internal.Utils - [Utils] MethodGroupsHelper.collectMethodsByGroup() took 0 ms.
15:48:09.950 [main] INFO  org.testng.internal.Utils - [Utils] MethodGroupsHelper.sortMethods() took 0 ms.
15:48:09.951 [main] INFO  org.testng.internal.Utils - [Utils] MethodGroupsHelper.collectMethodsByGroup() took 0 ms.
15:48:09.952 [main] INFO  org.testng.internal.Utils - [Utils] MethodGroupsHelper.sortMethods() took 0 ms.
15:48:09.958 [main] INFO  org.testng.internal.Utils - [Utils] MethodGroupsHelper.collectMethodsByGroup() took 0 ms.
15:48:09.958 [main] INFO  org.testng.internal.Utils - [Utils] MethodGroupsHelper.sortMethods() took 0 ms.
15:48:09.960 [main] INFO  org.testng.internal.Utils - [Utils] MethodGroupsHelper.collectMethodsByGroup() took 0 ms.
15:48:09.960 [main] INFO  org.testng.internal.Utils - [Utils] MethodGroupsHelper.sortMethods() took 0 ms.
15:48:09.962 [main] INFO  org.testng.internal.Utils - [Utils] MethodGroupsHelper.collectMethodsByGroup() took 0 ms.
15:48:09.964 [main] INFO  org.testng.internal.Utils - [Utils] MethodGroupsHelper.sortMethods() took 0 ms.
15:48:09.964 [main] INFO  org.testng.internal.Utils - [Utils] MethodGroupsHelper.collectMethodsByGroup() took 0 ms.
15:48:09.964 [main] INFO  org.testng.internal.Utils - [Utils] MethodGroupsHelper.sortMethods() took 0 ms.
15:48:09.967 [main] INFO  org.testng.internal.Utils - [Utils] MethodGroupsHelper.collectMethodsByGroup() took 1 ms.
15:48:09.968 [main] INFO  org.testng.internal.Utils - [Utils] MethodGroupsHelper.sortMethods() took 0 ms.
15:48:09.971 [main] INFO  org.testng.internal.Utils - [Utils] MethodGroupsHelper.collectMethodsByGroup() took 0 ms.
15:48:09.971 [main] INFO  org.testng.internal.Utils - [Utils] MethodGroupsHelper.sortMethods() took 0 ms.
15:48:09.971 [main] INFO  org.testng.internal.Utils - [Utils] MethodGroupsHelper.collectMethodsByGroup() took 0 ms.
15:48:09.972 [main] INFO  org.testng.internal.Utils - [Utils] MethodGroupsHelper.sortMethods() took 0 ms.
15:48:09.985 [main] INFO  org.testng.internal.Utils - [TestNG] Running:
  D:\Testing\TheCapacity\testCases.xml

15:48:09.998 [main] INFO  org.testng.internal.Utils - [ThreadUtil] Starting executor timeOut:2147483647ms workers:1 threadPoolSize:5
15:48:10.605 [TestNG-tests-1] INFO  org.testng.internal.Utils - [Utils] DynamicGraphHelper.createDynamicGraph() took 11 ms.
15:48:12.681 [main] INFO  org.testng.internal.Utils - [TestNG] Time taken by org.testng.internal.ExitCodeListener@78383390: 0 ms
15:50:11.833 [main] WARN  org.testng.xml.TestNGContentHandler - It is strongly recommended to add "<!DOCTYPE suite SYSTEM "https://testng.org/testng-1.0.dtd" >" at the top of the suite file [D:\Testing\TheCapacity\testCases.xml] otherwise TestNG may fail or not work as expected.
15:50:12.322 [main] INFO  org.testng.internal.Utils - [Utils] MethodGroupsHelper.collectMethodsByGroup() took 0 ms.
15:50:12.331 [main] INFO  org.testng.internal.Utils - [Utils] MethodGroupsHelper.sortMethods() took 5 ms.
15:50:12.333 [main] INFO  org.testng.internal.Utils - [Utils] MethodGroupsHelper.collectMethodsByGroup() took 0 ms.
15:50:12.333 [main] INFO  org.testng.internal.Utils - [Utils] MethodGroupsHelper.sortMethods() took 0 ms.
15:50:12.333 [main] INFO  org.testng.internal.Utils - [Utils] MethodGroupsHelper.collectMethodsByGroup() took 0 ms.
15:50:12.333 [main] INFO  org.testng.internal.Utils - [Utils] MethodGroupsHelper.sortMethods() took 0 ms.
15:50:12.333 [main] INFO  org.testng.internal.Utils - [Utils] MethodGroupsHelper.collectMethodsByGroup() took 0 ms.
15:50:12.333 [main] INFO  org.testng.internal.Utils - [Utils] MethodGroupsHelper.sortMethods() took 0 ms.
15:50:12.345 [main] INFO  org.testng.internal.Utils - [Utils] MethodGroupsHelper.collectMethodsByGroup() took 5 ms.
15:50:12.377 [main] INFO  org.testng.internal.Utils - [Utils] MethodGroupsHelper.sortMethods() took 31 ms.
15:50:12.379 [main] INFO  org.testng.internal.Utils - [Utils] MethodGroupsHelper.collectMethodsByGroup() took 0 ms.
15:50:12.381 [main] INFO  org.testng.internal.Utils - [Utils] MethodGroupsHelper.sortMethods() took 2 ms.
15:50:12.381 [main] INFO  org.testng.internal.Utils - [Utils] MethodGroupsHelper.collectMethodsByGroup() took 0 ms.
15:50:12.381 [main] INFO  org.testng.internal.Utils - [Utils] MethodGroupsHelper.sortMethods() took 0 ms.
15:50:12.381 [main] INFO  org.testng.internal.Utils - [Utils] MethodGroupsHelper.collectMethodsByGroup() took 0 ms.
15:50:12.381 [main] INFO  org.testng.internal.Utils - [Utils] MethodGroupsHelper.sortMethods() took 0 ms.
15:50:12.392 [main] INFO  org.testng.internal.Utils - [Utils] MethodGroupsHelper.collectMethodsByGroup() took 0 ms.
15:50:12.393 [main] INFO  org.testng.internal.Utils - [Utils] MethodGroupsHelper.sortMethods() took 0 ms.
15:50:12.396 [main] INFO  org.testng.internal.Utils - [Utils] MethodGroupsHelper.collectMethodsByGroup() took 0 ms.
15:50:12.396 [main] INFO  org.testng.internal.Utils - [Utils] MethodGroupsHelper.sortMethods() took 0 ms.
15:50:12.398 [main] INFO  org.testng.internal.Utils - [Utils] MethodGroupsHelper.collectMethodsByGroup() took 0 ms.
15:50:12.399 [main] INFO  org.testng.internal.Utils - [Utils] MethodGroupsHelper.sortMethods() took 0 ms.
15:50:12.399 [main] INFO  org.testng.internal.Utils - [Utils] MethodGroupsHelper.collectMethodsByGroup() took 0 ms.
15:50:12.399 [main] INFO  org.testng.internal.Utils - [Utils] MethodGroupsHelper.sortMethods() took 0 ms.
15:50:12.402 [main] INFO  org.testng.internal.Utils - [Utils] MethodGroupsHelper.collectMethodsByGroup() took 0 ms.
15:50:12.403 [main] INFO  org.testng.internal.Utils - [Utils] MethodGroupsHelper.sortMethods() took 0 ms.
15:50:12.405 [main] INFO  org.testng.internal.Utils - [Utils] MethodGroupsHelper.collectMethodsByGroup() took 0 ms.
15:50:12.406 [main] INFO  org.testng.internal.Utils - [Utils] MethodGroupsHelper.sortMethods() took 0 ms.
15:50:12.406 [main] INFO  org.testng.internal.Utils - [Utils] MethodGroupsHelper.collectMethodsByGroup() took 0 ms.
15:50:12.407 [main] INFO  org.testng.internal.Utils - [Utils] MethodGroupsHelper.sortMethods() took 0 ms.
15:50:12.417 [main] INFO  org.testng.internal.Utils - [TestNG] Running:
  D:\Testing\TheCapacity\testCases.xml

15:50:12.429 [main] INFO  org.testng.internal.Utils - [ThreadUtil] Starting executor timeOut:2147483647ms workers:1 threadPoolSize:5
15:50:13.797 [TestNG-tests-1] INFO  org.testng.internal.Utils - [Utils] DynamicGraphHelper.createDynamicGraph() took 17 ms.
15:51:13.000 [main] INFO  org.testng.internal.Utils - [TestNG] Time taken by org.testng.internal.ExitCodeListener@5d12a356: 0 ms
15:59:52.753 [main] INFO  org.testng.internal.Utils - [TestNG] Running:
  C:\Users\ritika.rajput\AppData\Local\JetBrains\IdeaIC2025.1\temp-testng-customsuite.xml

16:00:10.124 [main] WARN  org.testng.xml.TestNGContentHandler - It is strongly recommended to add "<!DOCTYPE suite SYSTEM "https://testng.org/testng-1.0.dtd" >" at the top of the suite file [D:\Testing\TheCapacity\testCases.xml] otherwise TestNG may fail or not work as expected.
16:00:10.607 [main] INFO  org.testng.internal.Utils - [Utils] MethodGroupsHelper.collectMethodsByGroup() took 0 ms.
16:00:10.617 [main] INFO  org.testng.internal.Utils - [Utils] MethodGroupsHelper.sortMethods() took 5 ms.
16:00:10.621 [main] INFO  org.testng.internal.Utils - [Utils] MethodGroupsHelper.collectMethodsByGroup() took 0 ms.
16:00:10.622 [main] INFO  org.testng.internal.Utils - [Utils] MethodGroupsHelper.sortMethods() took 0 ms.
16:00:10.622 [main] INFO  org.testng.internal.Utils - [Utils] MethodGroupsHelper.collectMethodsByGroup() took 0 ms.
16:00:10.622 [main] INFO  org.testng.internal.Utils - [Utils] MethodGroupsHelper.sortMethods() took 0 ms.
16:00:10.626 [main] INFO  org.testng.internal.Utils - [Utils] MethodGroupsHelper.collectMethodsByGroup() took 0 ms.
16:00:10.627 [main] INFO  org.testng.internal.Utils - [Utils] MethodGroupsHelper.sortMethods() took 0 ms.
16:00:10.639 [main] INFO  org.testng.internal.Utils - [Utils] MethodGroupsHelper.collectMethodsByGroup() took 8 ms.
16:00:10.669 [main] INFO  org.testng.internal.Utils - [Utils] MethodGroupsHelper.sortMethods() took 29 ms.
16:00:10.673 [main] INFO  org.testng.internal.Utils - [Utils] MethodGroupsHelper.collectMethodsByGroup() took 1 ms.
16:00:10.674 [main] INFO  org.testng.internal.Utils - [Utils] MethodGroupsHelper.sortMethods() took 1 ms.
16:00:10.676 [main] INFO  org.testng.internal.Utils - [Utils] MethodGroupsHelper.collectMethodsByGroup() took 0 ms.
16:00:10.676 [main] INFO  org.testng.internal.Utils - [Utils] MethodGroupsHelper.sortMethods() took 0 ms.
16:00:10.677 [main] INFO  org.testng.internal.Utils - [Utils] MethodGroupsHelper.collectMethodsByGroup() took 0 ms.
16:00:10.678 [main] INFO  org.testng.internal.Utils - [Utils] MethodGroupsHelper.sortMethods() took 0 ms.
16:00:10.688 [main] INFO  org.testng.internal.Utils - [Utils] MethodGroupsHelper.collectMethodsByGroup() took 0 ms.
16:00:10.688 [main] INFO  org.testng.internal.Utils - [Utils] MethodGroupsHelper.sortMethods() took 0 ms.
16:00:10.689 [main] INFO  org.testng.internal.Utils - [Utils] MethodGroupsHelper.collectMethodsByGroup() took 0 ms.
16:00:10.690 [main] INFO  org.testng.internal.Utils - [Utils] MethodGroupsHelper.sortMethods() took 0 ms.
16:00:10.692 [main] INFO  org.testng.internal.Utils - [Utils] MethodGroupsHelper.collectMethodsByGroup() took 0 ms.
16:00:10.693 [main] INFO  org.testng.internal.Utils - [Utils] MethodGroupsHelper.sortMethods() took 0 ms.
16:00:10.693 [main] INFO  org.testng.internal.Utils - [Utils] MethodGroupsHelper.collectMethodsByGroup() took 0 ms.
16:00:10.694 [main] INFO  org.testng.internal.Utils - [Utils] MethodGroupsHelper.sortMethods() took 0 ms.
16:00:10.696 [main] INFO  org.testng.internal.Utils - [Utils] MethodGroupsHelper.collectMethodsByGroup() took 1 ms.
16:00:10.699 [main] INFO  org.testng.internal.Utils - [Utils] MethodGroupsHelper.sortMethods() took 2 ms.
16:00:10.703 [main] INFO  org.testng.internal.Utils - [Utils] MethodGroupsHelper.collectMethodsByGroup() took 0 ms.
16:00:10.703 [main] INFO  org.testng.internal.Utils - [Utils] MethodGroupsHelper.sortMethods() took 0 ms.
16:00:10.703 [main] INFO  org.testng.internal.Utils - [Utils] MethodGroupsHelper.collectMethodsByGroup() took 0 ms.
16:00:10.704 [main] INFO  org.testng.internal.Utils - [Utils] MethodGroupsHelper.sortMethods() took 0 ms.
16:00:10.713 [main] INFO  org.testng.internal.Utils - [TestNG] Running:
  D:\Testing\TheCapacity\testCases.xml

16:00:10.728 [main] INFO  org.testng.internal.Utils - [ThreadUtil] Starting executor timeOut:2147483647ms workers:1 threadPoolSize:5
16:00:11.360 [TestNG-tests-1] INFO  org.testng.internal.Utils - [Utils] DynamicGraphHelper.createDynamicGraph() took 7 ms.
16:00:57.778 [main] INFO  org.testng.internal.Utils - [TestNG] Time taken by org.testng.internal.ExitCodeListener@4fad9bb2: 0 ms
16:04:14.060 [main] WARN  org.testng.xml.TestNGContentHandler - It is strongly recommended to add "<!DOCTYPE suite SYSTEM "https://testng.org/testng-1.0.dtd" >" at the top of the suite file [D:\Testing\TheCapacity\testCases.xml] otherwise TestNG may fail or not work as expected.
16:04:14.473 [main] INFO  org.testng.internal.Utils - [Utils] MethodGroupsHelper.collectMethodsByGroup() took 0 ms.
16:04:14.479 [main] INFO  org.testng.internal.Utils - [Utils] MethodGroupsHelper.sortMethods() took 3 ms.
16:04:14.481 [main] INFO  org.testng.internal.Utils - [Utils] MethodGroupsHelper.collectMethodsByGroup() took 0 ms.
16:04:14.481 [main] INFO  org.testng.internal.Utils - [Utils] MethodGroupsHelper.sortMethods() took 0 ms.
16:04:14.490 [main] INFO  org.testng.internal.Utils - [Utils] MethodGroupsHelper.collectMethodsByGroup() took 0 ms.
16:04:14.490 [main] INFO  org.testng.internal.Utils - [Utils] MethodGroupsHelper.sortMethods() took 0 ms.
16:04:14.491 [main] INFO  org.testng.internal.Utils - [Utils] MethodGroupsHelper.collectMethodsByGroup() took 0 ms.
16:04:14.491 [main] INFO  org.testng.internal.Utils - [Utils] MethodGroupsHelper.sortMethods() took 0 ms.
16:04:14.507 [main] INFO  org.testng.internal.Utils - [Utils] MethodGroupsHelper.collectMethodsByGroup() took 15 ms.
16:04:14.527 [main] INFO  org.testng.internal.Utils - [Utils] MethodGroupsHelper.sortMethods() took 19 ms.
16:04:14.533 [main] INFO  org.testng.internal.Utils - [Utils] MethodGroupsHelper.collectMethodsByGroup() took 0 ms.
16:04:14.534 [main] INFO  org.testng.internal.Utils - [Utils] MethodGroupsHelper.sortMethods() took 1 ms.
16:04:14.536 [main] INFO  org.testng.internal.Utils - [Utils] MethodGroupsHelper.collectMethodsByGroup() took 0 ms.
16:04:14.536 [main] INFO  org.testng.internal.Utils - [Utils] MethodGroupsHelper.sortMethods() took 0 ms.
16:04:14.538 [main] INFO  org.testng.internal.Utils - [Utils] MethodGroupsHelper.collectMethodsByGroup() took 0 ms.
16:04:14.538 [main] INFO  org.testng.internal.Utils - [Utils] MethodGroupsHelper.sortMethods() took 0 ms.
16:04:14.546 [main] INFO  org.testng.internal.Utils - [Utils] MethodGroupsHelper.collectMethodsByGroup() took 0 ms.
16:04:14.547 [main] INFO  org.testng.internal.Utils - [Utils] MethodGroupsHelper.sortMethods() took 0 ms.
16:04:14.547 [main] INFO  org.testng.internal.Utils - [Utils] MethodGroupsHelper.collectMethodsByGroup() took 0 ms.
16:04:14.548 [main] INFO  org.testng.internal.Utils - [Utils] MethodGroupsHelper.sortMethods() took 0 ms.
16:04:14.550 [main] INFO  org.testng.internal.Utils - [Utils] MethodGroupsHelper.collectMethodsByGroup() took 0 ms.
16:04:14.551 [main] INFO  org.testng.internal.Utils - [Utils] MethodGroupsHelper.sortMethods() took 0 ms.
16:04:14.551 [main] INFO  org.testng.internal.Utils - [Utils] MethodGroupsHelper.collectMethodsByGroup() took 0 ms.
16:04:14.552 [main] INFO  org.testng.internal.Utils - [Utils] MethodGroupsHelper.sortMethods() took 0 ms.
16:04:14.554 [main] INFO  org.testng.internal.Utils - [Utils] MethodGroupsHelper.collectMethodsByGroup() took 1 ms.
16:04:14.555 [main] INFO  org.testng.internal.Utils - [Utils] MethodGroupsHelper.sortMethods() took 1 ms.
16:04:14.557 [main] INFO  org.testng.internal.Utils - [Utils] MethodGroupsHelper.collectMethodsByGroup() took 0 ms.
16:04:14.557 [main] INFO  org.testng.internal.Utils - [Utils] MethodGroupsHelper.sortMethods() took 0 ms.
16:04:14.557 [main] INFO  org.testng.internal.Utils - [Utils] MethodGroupsHelper.collectMethodsByGroup() took 0 ms.
16:04:14.558 [main] INFO  org.testng.internal.Utils - [Utils] MethodGroupsHelper.sortMethods() took 0 ms.
16:04:14.568 [main] INFO  org.testng.internal.Utils - [TestNG] Running:
  D:\Testing\TheCapacity\testCases.xml

16:04:14.581 [main] INFO  org.testng.internal.Utils - [ThreadUtil] Starting executor timeOut:2147483647ms workers:1 threadPoolSize:5
16:04:15.122 [TestNG-tests-1] INFO  org.testng.internal.Utils - [Utils] DynamicGraphHelper.createDynamicGraph() took 6 ms.
16:05:07.710 [main] INFO  org.testng.internal.Utils - [TestNG] Time taken by org.testng.internal.ExitCodeListener@3f270e0a: 0 ms
16:08:03.936 [main] WARN  org.testng.xml.TestNGContentHandler - It is strongly recommended to add "<!DOCTYPE suite SYSTEM "https://testng.org/testng-1.0.dtd" >" at the top of the suite file [D:\Testing\TheCapacity\testCases.xml] otherwise TestNG may fail or not work as expected.
16:08:04.349 [main] INFO  org.testng.internal.Utils - [Utils] MethodGroupsHelper.collectMethodsByGroup() took 1 ms.
16:08:04.354 [main] INFO  org.testng.internal.Utils - [Utils] MethodGroupsHelper.sortMethods() took 0 ms.
16:08:04.358 [main] INFO  org.testng.internal.Utils - [Utils] MethodGroupsHelper.collectMethodsByGroup() took 0 ms.
16:08:04.358 [main] INFO  org.testng.internal.Utils - [Utils] MethodGroupsHelper.sortMethods() took 0 ms.
16:08:04.360 [main] INFO  org.testng.internal.Utils - [Utils] MethodGroupsHelper.collectMethodsByGroup() took 0 ms.
16:08:04.360 [main] INFO  org.testng.internal.Utils - [Utils] MethodGroupsHelper.sortMethods() took 0 ms.
16:08:04.361 [main] INFO  org.testng.internal.Utils - [Utils] MethodGroupsHelper.collectMethodsByGroup() took 0 ms.
16:08:04.361 [main] INFO  org.testng.internal.Utils - [Utils] MethodGroupsHelper.sortMethods() took 0 ms.
16:08:04.371 [main] INFO  org.testng.internal.Utils - [Utils] MethodGroupsHelper.collectMethodsByGroup() took 6 ms.
16:08:04.394 [main] INFO  org.testng.internal.Utils - [Utils] MethodGroupsHelper.sortMethods() took 22 ms.
16:08:04.398 [main] INFO  org.testng.internal.Utils - [Utils] MethodGroupsHelper.collectMethodsByGroup() took 0 ms.
16:08:04.399 [main] INFO  org.testng.internal.Utils - [Utils] MethodGroupsHelper.sortMethods() took 1 ms.
16:08:04.401 [main] INFO  org.testng.internal.Utils - [Utils] MethodGroupsHelper.collectMethodsByGroup() took 0 ms.
16:08:04.402 [main] INFO  org.testng.internal.Utils - [Utils] MethodGroupsHelper.sortMethods() took 0 ms.
16:08:04.403 [main] INFO  org.testng.internal.Utils - [Utils] MethodGroupsHelper.collectMethodsByGroup() took 0 ms.
16:08:04.403 [main] INFO  org.testng.internal.Utils - [Utils] MethodGroupsHelper.sortMethods() took 0 ms.
16:08:04.409 [main] INFO  org.testng.internal.Utils - [Utils] MethodGroupsHelper.collectMethodsByGroup() took 0 ms.
16:08:04.410 [main] INFO  org.testng.internal.Utils - [Utils] MethodGroupsHelper.sortMethods() took 0 ms.
16:08:04.411 [main] INFO  org.testng.internal.Utils - [Utils] MethodGroupsHelper.collectMethodsByGroup() took 0 ms.
16:08:04.411 [main] INFO  org.testng.internal.Utils - [Utils] MethodGroupsHelper.sortMethods() took 0 ms.
16:08:04.414 [main] INFO  org.testng.internal.Utils - [Utils] MethodGroupsHelper.collectMethodsByGroup() took 0 ms.
16:08:04.415 [main] INFO  org.testng.internal.Utils - [Utils] MethodGroupsHelper.sortMethods() took 0 ms.
16:08:04.415 [main] INFO  org.testng.internal.Utils - [Utils] MethodGroupsHelper.collectMethodsByGroup() took 0 ms.
16:08:04.415 [main] INFO  org.testng.internal.Utils - [Utils] MethodGroupsHelper.sortMethods() took 0 ms.
16:08:04.417 [main] INFO  org.testng.internal.Utils - [Utils] MethodGroupsHelper.collectMethodsByGroup() took 1 ms.
16:08:04.418 [main] INFO  org.testng.internal.Utils - [Utils] MethodGroupsHelper.sortMethods() took 0 ms.
16:08:04.420 [main] INFO  org.testng.internal.Utils - [Utils] MethodGroupsHelper.collectMethodsByGroup() took 0 ms.
16:08:04.421 [main] INFO  org.testng.internal.Utils - [Utils] MethodGroupsHelper.sortMethods() took 0 ms.
16:08:04.422 [main] INFO  org.testng.internal.Utils - [Utils] MethodGroupsHelper.collectMethodsByGroup() took 0 ms.
16:08:04.422 [main] INFO  org.testng.internal.Utils - [Utils] MethodGroupsHelper.sortMethods() took 0 ms.
16:08:04.431 [main] INFO  org.testng.internal.Utils - [TestNG] Running:
  D:\Testing\TheCapacity\testCases.xml

16:08:04.444 [main] INFO  org.testng.internal.Utils - [ThreadUtil] Starting executor timeOut:2147483647ms workers:1 threadPoolSize:5
16:08:04.970 [TestNG-tests-1] INFO  org.testng.internal.Utils - [Utils] DynamicGraphHelper.createDynamicGraph() took 7 ms.
16:08:12.866 [TestNG-tests-1] INFO  testCases.TC004_CreateSurveyTest - ***** TC004_CreateSurveyTest started *****
16:08:12.922 [TestNG-tests-1] INFO  testCases.TC004_CreateSurveyTest - Entering email
16:08:15.248 [TestNG-tests-1] INFO  testCases.TC004_CreateSurveyTest - Entering password
16:08:15.414 [TestNG-tests-1] INFO  testCases.TC004_CreateSurveyTest - Clicking Sign In button
16:08:15.562 [TestNG-tests-1] INFO  testCases.TC004_CreateSurveyTest - Navigating to Survey Listing page
16:08:20.865 [TestNG-tests-1] INFO  testCases.TC004_CreateSurveyTest - Clicking New Survey button
16:08:36.096 [TestNG-tests-1] INFO  testCases.TC004_CreateSurveyTest - Selecting random languages
16:08:41.231 [TestNG-tests-1] INFO  testCases.TC004_CreateSurveyTest - Closing language dropdown using ESC key
16:08:41.290 [TestNG-tests-1] INFO  testCases.TC004_CreateSurveyTest - Selecting random countries
16:08:47.391 [TestNG-tests-1] INFO  testCases.TC004_CreateSurveyTest - Entering survey details
16:08:49.038 [TestNG-tests-1] INFO  testCases.TC004_CreateSurveyTest - Selecting survey type
16:08:49.436 [TestNG-tests-1] INFO  testCases.TC004_CreateSurveyTest - Clicking Create Survey button
16:08:49.841 [TestNG-tests-1] INFO  testCases.TC004_CreateSurveyTest - ***** TC004_CreateSurveyTest completed successfully *****
16:08:51.809 [main] INFO  org.testng.internal.Utils - [TestNG] Time taken by org.testng.internal.ExitCodeListener@5d12a356: 0 ms
16:11:08.850 [main] WARN  org.testng.xml.TestNGContentHandler - It is strongly recommended to add "<!DOCTYPE suite SYSTEM "https://testng.org/testng-1.0.dtd" >" at the top of the suite file [D:\Testing\TheCapacity\testCases.xml] otherwise TestNG may fail or not work as expected.
16:11:09.280 [main] INFO  org.testng.internal.Utils - [Utils] MethodGroupsHelper.collectMethodsByGroup() took 1 ms.
16:11:09.287 [main] INFO  org.testng.internal.Utils - [Utils] MethodGroupsHelper.sortMethods() took 2 ms.
16:11:09.289 [main] INFO  org.testng.internal.Utils - [Utils] MethodGroupsHelper.collectMethodsByGroup() took 0 ms.
16:11:09.289 [main] INFO  org.testng.internal.Utils - [Utils] MethodGroupsHelper.sortMethods() took 0 ms.
16:11:09.289 [main] INFO  org.testng.internal.Utils - [Utils] MethodGroupsHelper.collectMethodsByGroup() took 0 ms.
16:11:09.292 [main] INFO  org.testng.internal.Utils - [Utils] MethodGroupsHelper.sortMethods() took 0 ms.
16:11:09.293 [main] INFO  org.testng.internal.Utils - [Utils] MethodGroupsHelper.collectMethodsByGroup() took 0 ms.
16:11:09.294 [main] INFO  org.testng.internal.Utils - [Utils] MethodGroupsHelper.sortMethods() took 0 ms.
16:11:09.304 [main] INFO  org.testng.internal.Utils - [Utils] MethodGroupsHelper.collectMethodsByGroup() took 6 ms.
16:11:09.329 [main] INFO  org.testng.internal.Utils - [Utils] MethodGroupsHelper.sortMethods() took 25 ms.
16:11:09.331 [main] INFO  org.testng.internal.Utils - [Utils] MethodGroupsHelper.collectMethodsByGroup() took 0 ms.
16:11:09.332 [main] INFO  org.testng.internal.Utils - [Utils] MethodGroupsHelper.sortMethods() took 0 ms.
16:11:09.335 [main] INFO  org.testng.internal.Utils - [Utils] MethodGroupsHelper.collectMethodsByGroup() took 0 ms.
16:11:09.335 [main] INFO  org.testng.internal.Utils - [Utils] MethodGroupsHelper.sortMethods() took 0 ms.
16:11:09.336 [main] INFO  org.testng.internal.Utils - [Utils] MethodGroupsHelper.collectMethodsByGroup() took 0 ms.
16:11:09.337 [main] INFO  org.testng.internal.Utils - [Utils] MethodGroupsHelper.sortMethods() took 0 ms.
16:11:09.342 [main] INFO  org.testng.internal.Utils - [Utils] MethodGroupsHelper.collectMethodsByGroup() took 0 ms.
16:11:09.343 [main] INFO  org.testng.internal.Utils - [Utils] MethodGroupsHelper.sortMethods() took 0 ms.
16:11:09.344 [main] INFO  org.testng.internal.Utils - [Utils] MethodGroupsHelper.collectMethodsByGroup() took 0 ms.
16:11:09.345 [main] INFO  org.testng.internal.Utils - [Utils] MethodGroupsHelper.sortMethods() took 0 ms.
16:11:09.347 [main] INFO  org.testng.internal.Utils - [Utils] MethodGroupsHelper.collectMethodsByGroup() took 0 ms.
16:11:09.347 [main] INFO  org.testng.internal.Utils - [Utils] MethodGroupsHelper.sortMethods() took 0 ms.
16:11:09.348 [main] INFO  org.testng.internal.Utils - [Utils] MethodGroupsHelper.collectMethodsByGroup() took 0 ms.
16:11:09.348 [main] INFO  org.testng.internal.Utils - [Utils] MethodGroupsHelper.sortMethods() took 0 ms.
16:11:09.351 [main] INFO  org.testng.internal.Utils - [Utils] MethodGroupsHelper.collectMethodsByGroup() took 1 ms.
16:11:09.352 [main] INFO  org.testng.internal.Utils - [Utils] MethodGroupsHelper.sortMethods() took 0 ms.
16:11:09.354 [main] INFO  org.testng.internal.Utils - [Utils] MethodGroupsHelper.collectMethodsByGroup() took 0 ms.
16:11:09.354 [main] INFO  org.testng.internal.Utils - [Utils] MethodGroupsHelper.sortMethods() took 0 ms.
16:11:09.355 [main] INFO  org.testng.internal.Utils - [Utils] MethodGroupsHelper.collectMethodsByGroup() took 0 ms.
16:11:09.355 [main] INFO  org.testng.internal.Utils - [Utils] MethodGroupsHelper.sortMethods() took 0 ms.
16:11:09.363 [main] INFO  org.testng.internal.Utils - [TestNG] Running:
  D:\Testing\TheCapacity\testCases.xml

16:11:09.375 [main] INFO  org.testng.internal.Utils - [ThreadUtil] Starting executor timeOut:2147483647ms workers:1 threadPoolSize:5
16:11:09.828 [TestNG-tests-1] INFO  org.testng.internal.Utils - [Utils] DynamicGraphHelper.createDynamicGraph() took 7 ms.
16:11:17.508 [TestNG-tests-1] INFO  testCases.TC004_CreateSurveyTest - ***** TC004_CreateSurveyTest started *****
16:11:17.581 [TestNG-tests-1] INFO  testCases.TC004_CreateSurveyTest - Entering email
16:11:19.684 [TestNG-tests-1] INFO  testCases.TC004_CreateSurveyTest - Entering password
16:11:19.936 [TestNG-tests-1] INFO  testCases.TC004_CreateSurveyTest - Clicking Sign In button
16:11:20.157 [TestNG-tests-1] INFO  testCases.TC004_CreateSurveyTest - Navigating to Survey Listing page
16:11:25.013 [TestNG-tests-1] INFO  testCases.TC004_CreateSurveyTest - Clicking New Survey button
16:11:40.230 [TestNG-tests-1] INFO  testCases.TC004_CreateSurveyTest - Selecting random languages
16:11:46.861 [TestNG-tests-1] INFO  testCases.TC004_CreateSurveyTest - Closing language dropdown using ESC key
16:11:46.939 [TestNG-tests-1] INFO  testCases.TC004_CreateSurveyTest - Selecting random countries
16:11:52.882 [TestNG-tests-1] INFO  testCases.TC004_CreateSurveyTest - Entering survey details
16:11:54.636 [TestNG-tests-1] INFO  testCases.TC004_CreateSurveyTest - Selecting survey type
16:11:55.010 [TestNG-tests-1] INFO  testCases.TC004_CreateSurveyTest - Clicking Create Survey button
16:11:58.459 [TestNG-tests-1] INFO  testCases.TC004_CreateSurveyTest - ***** TC004_CreateSurveyTest completed successfully *****
16:12:00.630 [main] INFO  org.testng.internal.Utils - [TestNG] Time taken by org.testng.internal.ExitCodeListener@176b3f44: 0 ms
16:44:07.865 [main] WARN  org.testng.xml.TestNGContentHandler - It is strongly recommended to add "<!DOCTYPE suite SYSTEM "https://testng.org/testng-1.0.dtd" >" at the top of the suite file [D:\Testing\TheCapacity\testCases.xml] otherwise TestNG may fail or not work as expected.
16:44:08.401 [main] INFO  org.testng.internal.Utils - [Utils] MethodGroupsHelper.collectMethodsByGroup() took 2 ms.
16:44:08.409 [main] INFO  org.testng.internal.Utils - [Utils] MethodGroupsHelper.sortMethods() took 2 ms.
16:44:08.415 [main] INFO  org.testng.internal.Utils - [Utils] MethodGroupsHelper.collectMethodsByGroup() took 0 ms.
16:44:08.417 [main] INFO  org.testng.internal.Utils - [Utils] MethodGroupsHelper.sortMethods() took 0 ms.
16:44:08.422 [main] INFO  org.testng.internal.Utils - [Utils] MethodGroupsHelper.collectMethodsByGroup() took 0 ms.
16:44:08.423 [main] INFO  org.testng.internal.Utils - [Utils] MethodGroupsHelper.sortMethods() took 0 ms.
16:44:08.424 [main] INFO  org.testng.internal.Utils - [Utils] MethodGroupsHelper.collectMethodsByGroup() took 0 ms.
16:44:08.425 [main] INFO  org.testng.internal.Utils - [Utils] MethodGroupsHelper.sortMethods() took 0 ms.
16:44:08.434 [main] INFO  org.testng.internal.Utils - [Utils] MethodGroupsHelper.collectMethodsByGroup() took 6 ms.
16:44:08.467 [main] INFO  org.testng.internal.Utils - [Utils] MethodGroupsHelper.sortMethods() took 33 ms.
16:44:08.472 [main] INFO  org.testng.internal.Utils - [Utils] MethodGroupsHelper.collectMethodsByGroup() took 0 ms.
16:44:08.474 [main] INFO  org.testng.internal.Utils - [Utils] MethodGroupsHelper.sortMethods() took 0 ms.
16:44:08.475 [main] INFO  org.testng.internal.Utils - [Utils] MethodGroupsHelper.collectMethodsByGroup() took 0 ms.
16:44:08.475 [main] INFO  org.testng.internal.Utils - [Utils] MethodGroupsHelper.sortMethods() took 0 ms.
16:44:08.476 [main] INFO  org.testng.internal.Utils - [Utils] MethodGroupsHelper.collectMethodsByGroup() took 0 ms.
16:44:08.477 [main] INFO  org.testng.internal.Utils - [Utils] MethodGroupsHelper.sortMethods() took 0 ms.
16:44:08.483 [main] INFO  org.testng.internal.Utils - [Utils] MethodGroupsHelper.collectMethodsByGroup() took 0 ms.
16:44:08.484 [main] INFO  org.testng.internal.Utils - [Utils] MethodGroupsHelper.sortMethods() took 0 ms.
16:44:08.487 [main] INFO  org.testng.internal.Utils - [Utils] MethodGroupsHelper.collectMethodsByGroup() took 0 ms.
16:44:08.489 [main] INFO  org.testng.internal.Utils - [Utils] MethodGroupsHelper.sortMethods() took 0 ms.
16:44:08.492 [main] INFO  org.testng.internal.Utils - [Utils] MethodGroupsHelper.collectMethodsByGroup() took 0 ms.
16:44:08.492 [main] INFO  org.testng.internal.Utils - [Utils] MethodGroupsHelper.sortMethods() took 0 ms.
16:44:08.492 [main] INFO  org.testng.internal.Utils - [Utils] MethodGroupsHelper.collectMethodsByGroup() took 0 ms.
16:44:08.493 [main] INFO  org.testng.internal.Utils - [Utils] MethodGroupsHelper.sortMethods() took 0 ms.
16:44:08.494 [main] INFO  org.testng.internal.Utils - [Utils] MethodGroupsHelper.collectMethodsByGroup() took 0 ms.
16:44:08.495 [main] INFO  org.testng.internal.Utils - [Utils] MethodGroupsHelper.sortMethods() took 0 ms.
16:44:08.499 [main] INFO  org.testng.internal.Utils - [Utils] MethodGroupsHelper.collectMethodsByGroup() took 0 ms.
16:44:08.499 [main] INFO  org.testng.internal.Utils - [Utils] MethodGroupsHelper.sortMethods() took 0 ms.
16:44:08.499 [main] INFO  org.testng.internal.Utils - [Utils] MethodGroupsHelper.collectMethodsByGroup() took 0 ms.
16:44:08.500 [main] INFO  org.testng.internal.Utils - [Utils] MethodGroupsHelper.sortMethods() took 0 ms.
16:44:08.511 [main] INFO  org.testng.internal.Utils - [TestNG] Running:
  D:\Testing\TheCapacity\testCases.xml

16:44:08.526 [main] INFO  org.testng.internal.Utils - [ThreadUtil] Starting executor timeOut:2147483647ms workers:1 threadPoolSize:5
16:44:09.123 [TestNG-tests-1] INFO  org.testng.internal.Utils - [Utils] DynamicGraphHelper.createDynamicGraph() took 12 ms.
16:44:15.901 [TestNG-tests-1] INFO  testCases.TC004_CreateSurveyTest - ***** TC004_CreateSurveyTest started *****
16:44:15.954 [TestNG-tests-1] INFO  testCases.TC004_CreateSurveyTest - Entering email
16:44:18.452 [TestNG-tests-1] INFO  testCases.TC004_CreateSurveyTest - Entering password
16:44:18.668 [TestNG-tests-1] INFO  testCases.TC004_CreateSurveyTest - Clicking Sign In button
16:44:18.845 [TestNG-tests-1] INFO  testCases.TC004_CreateSurveyTest - Navigating to Survey Listing page
16:44:22.736 [TestNG-tests-1] INFO  testCases.TC004_CreateSurveyTest - Clicking New Survey button
16:44:37.906 [TestNG-tests-1] INFO  testCases.TC004_CreateSurveyTest - Selecting random languages
16:44:44.359 [TestNG-tests-1] INFO  testCases.TC004_CreateSurveyTest - Closing language dropdown using ESC key
16:44:44.474 [TestNG-tests-1] INFO  testCases.TC004_CreateSurveyTest - Selecting random countries
16:44:51.257 [TestNG-tests-1] INFO  testCases.TC004_CreateSurveyTest - Entering survey details
16:44:53.371 [TestNG-tests-1] INFO  testCases.TC004_CreateSurveyTest - Selecting survey type
16:44:53.780 [TestNG-tests-1] INFO  testCases.TC004_CreateSurveyTest - Clicking Create Survey button
16:44:57.161 [TestNG-tests-1] INFO  testCases.TC004_CreateSurveyTest - Verifying success message with survey name
16:45:12.812 [TestNG-tests-1] ERROR testCases.TC004_CreateSurveyTest - Survey creation failed for name: kiw@61404
16:45:17.141 [main] INFO  org.testng.internal.Utils - [TestNG] Time taken by org.testng.internal.ExitCodeListener@5adb0db3: 0 ms
16:46:53.649 [main] WARN  org.testng.xml.TestNGContentHandler - It is strongly recommended to add "<!DOCTYPE suite SYSTEM "https://testng.org/testng-1.0.dtd" >" at the top of the suite file [D:\Testing\TheCapacity\testCases.xml] otherwise TestNG may fail or not work as expected.
16:46:54.067 [main] INFO  org.testng.internal.Utils - [Utils] MethodGroupsHelper.collectMethodsByGroup() took 0 ms.
16:46:54.074 [main] INFO  org.testng.internal.Utils - [Utils] MethodGroupsHelper.sortMethods() took 3 ms.
16:46:54.075 [main] INFO  org.testng.internal.Utils - [Utils] MethodGroupsHelper.collectMethodsByGroup() took 0 ms.
16:46:54.075 [main] INFO  org.testng.internal.Utils - [Utils] MethodGroupsHelper.sortMethods() took 0 ms.
16:46:54.075 [main] INFO  org.testng.internal.Utils - [Utils] MethodGroupsHelper.collectMethodsByGroup() took 0 ms.
16:46:54.075 [main] INFO  org.testng.internal.Utils - [Utils] MethodGroupsHelper.sortMethods() took 0 ms.
16:46:54.081 [main] INFO  org.testng.internal.Utils - [Utils] MethodGroupsHelper.collectMethodsByGroup() took 0 ms.
16:46:54.082 [main] INFO  org.testng.internal.Utils - [Utils] MethodGroupsHelper.sortMethods() took 0 ms.
16:46:54.089 [main] INFO  org.testng.internal.Utils - [Utils] MethodGroupsHelper.collectMethodsByGroup() took 5 ms.
16:46:54.117 [main] INFO  org.testng.internal.Utils - [Utils] MethodGroupsHelper.sortMethods() took 27 ms.
16:46:54.120 [main] INFO  org.testng.internal.Utils - [Utils] MethodGroupsHelper.collectMethodsByGroup() took 0 ms.
16:46:54.120 [main] INFO  org.testng.internal.Utils - [Utils] MethodGroupsHelper.sortMethods() took 0 ms.
16:46:54.122 [main] INFO  org.testng.internal.Utils - [Utils] MethodGroupsHelper.collectMethodsByGroup() took 0 ms.
16:46:54.122 [main] INFO  org.testng.internal.Utils - [Utils] MethodGroupsHelper.sortMethods() took 0 ms.
16:46:54.124 [main] INFO  org.testng.internal.Utils - [Utils] MethodGroupsHelper.collectMethodsByGroup() took 0 ms.
16:46:54.124 [main] INFO  org.testng.internal.Utils - [Utils] MethodGroupsHelper.sortMethods() took 0 ms.
16:46:54.129 [main] INFO  org.testng.internal.Utils - [Utils] MethodGroupsHelper.collectMethodsByGroup() took 0 ms.
16:46:54.130 [main] INFO  org.testng.internal.Utils - [Utils] MethodGroupsHelper.sortMethods() took 0 ms.
16:46:54.131 [main] INFO  org.testng.internal.Utils - [Utils] MethodGroupsHelper.collectMethodsByGroup() took 0 ms.
16:46:54.131 [main] INFO  org.testng.internal.Utils - [Utils] MethodGroupsHelper.sortMethods() took 0 ms.
16:46:54.133 [main] INFO  org.testng.internal.Utils - [Utils] MethodGroupsHelper.collectMethodsByGroup() took 0 ms.
16:46:54.134 [main] INFO  org.testng.internal.Utils - [Utils] MethodGroupsHelper.sortMethods() took 0 ms.
16:46:54.135 [main] INFO  org.testng.internal.Utils - [Utils] MethodGroupsHelper.collectMethodsByGroup() took 0 ms.
16:46:54.135 [main] INFO  org.testng.internal.Utils - [Utils] MethodGroupsHelper.sortMethods() took 0 ms.
16:46:54.137 [main] INFO  org.testng.internal.Utils - [Utils] MethodGroupsHelper.collectMethodsByGroup() took 1 ms.
16:46:54.138 [main] INFO  org.testng.internal.Utils - [Utils] MethodGroupsHelper.sortMethods() took 1 ms.
16:46:54.140 [main] INFO  org.testng.internal.Utils - [Utils] MethodGroupsHelper.collectMethodsByGroup() took 0 ms.
16:46:54.141 [main] INFO  org.testng.internal.Utils - [Utils] MethodGroupsHelper.sortMethods() took 0 ms.
16:46:54.142 [main] INFO  org.testng.internal.Utils - [Utils] MethodGroupsHelper.collectMethodsByGroup() took 0 ms.
16:46:54.142 [main] INFO  org.testng.internal.Utils - [Utils] MethodGroupsHelper.sortMethods() took 0 ms.
16:46:54.154 [main] INFO  org.testng.internal.Utils - [TestNG] Running:
  D:\Testing\TheCapacity\testCases.xml

16:46:54.168 [main] INFO  org.testng.internal.Utils - [ThreadUtil] Starting executor timeOut:2147483647ms workers:1 threadPoolSize:5
16:46:54.662 [TestNG-tests-1] INFO  org.testng.internal.Utils - [Utils] DynamicGraphHelper.createDynamicGraph() took 6 ms.
16:47:04.942 [TestNG-tests-1] INFO  testCases.TC004_CreateSurveyTest - ***** TC004_CreateSurveyTest started *****
16:47:05.007 [TestNG-tests-1] INFO  testCases.TC004_CreateSurveyTest - Entering email
16:47:06.977 [TestNG-tests-1] INFO  testCases.TC004_CreateSurveyTest - Entering password
16:47:07.151 [TestNG-tests-1] INFO  testCases.TC004_CreateSurveyTest - Clicking Sign In button
16:47:07.273 [TestNG-tests-1] INFO  testCases.TC004_CreateSurveyTest - Navigating to Survey Listing page
16:47:11.589 [TestNG-tests-1] INFO  testCases.TC004_CreateSurveyTest - Clicking New Survey button
16:47:26.771 [TestNG-tests-1] INFO  testCases.TC004_CreateSurveyTest - Selecting random languages
16:47:32.527 [TestNG-tests-1] INFO  testCases.TC004_CreateSurveyTest - Closing language dropdown using ESC key
16:47:32.590 [TestNG-tests-1] INFO  testCases.TC004_CreateSurveyTest - Selecting random countries
16:47:38.607 [TestNG-tests-1] INFO  testCases.TC004_CreateSurveyTest - Entering survey details
16:47:40.408 [TestNG-tests-1] INFO  testCases.TC004_CreateSurveyTest - Selecting survey type
16:47:40.800 [TestNG-tests-1] INFO  testCases.TC004_CreateSurveyTest - Clicking Create Survey button
16:47:44.222 [TestNG-tests-1] INFO  testCases.TC004_CreateSurveyTest - Verifying success message with survey name
16:47:59.931 [TestNG-tests-1] ERROR testCases.TC004_CreateSurveyTest - Survey creation failed for name: DFG@92398
16:48:33.942 [main] INFO  org.testng.internal.Utils - [TestNG] Time taken by org.testng.internal.ExitCodeListener@71529963: 0 ms
16:49:53.808 [main] WARN  org.testng.xml.TestNGContentHandler - It is strongly recommended to add "<!DOCTYPE suite SYSTEM "https://testng.org/testng-1.0.dtd" >" at the top of the suite file [D:\Testing\TheCapacity\testCases.xml] otherwise TestNG may fail or not work as expected.
16:49:54.823 [main] INFO  org.testng.internal.Utils - [Utils] MethodGroupsHelper.collectMethodsByGroup() took 3 ms.
16:49:54.833 [main] INFO  org.testng.internal.Utils - [Utils] MethodGroupsHelper.sortMethods() took 2 ms.
16:49:54.835 [main] INFO  org.testng.internal.Utils - [Utils] MethodGroupsHelper.collectMethodsByGroup() took 0 ms.
16:49:54.836 [main] INFO  org.testng.internal.Utils - [Utils] MethodGroupsHelper.sortMethods() took 0 ms.
16:49:54.837 [main] INFO  org.testng.internal.Utils - [Utils] MethodGroupsHelper.collectMethodsByGroup() took 0 ms.
16:49:54.838 [main] INFO  org.testng.internal.Utils - [Utils] MethodGroupsHelper.sortMethods() took 0 ms.
16:49:54.839 [main] INFO  org.testng.internal.Utils - [Utils] MethodGroupsHelper.collectMethodsByGroup() took 0 ms.
16:49:54.841 [main] INFO  org.testng.internal.Utils - [Utils] MethodGroupsHelper.sortMethods() took 0 ms.
16:49:54.851 [main] INFO  org.testng.internal.Utils - [Utils] MethodGroupsHelper.collectMethodsByGroup() took 6 ms.
16:49:54.880 [main] INFO  org.testng.internal.Utils - [Utils] MethodGroupsHelper.sortMethods() took 28 ms.
16:49:54.883 [main] INFO  org.testng.internal.Utils - [Utils] MethodGroupsHelper.collectMethodsByGroup() took 0 ms.
16:49:54.884 [main] INFO  org.testng.internal.Utils - [Utils] MethodGroupsHelper.sortMethods() took 0 ms.
16:49:54.887 [main] INFO  org.testng.internal.Utils - [Utils] MethodGroupsHelper.collectMethodsByGroup() took 0 ms.
16:49:54.887 [main] INFO  org.testng.internal.Utils - [Utils] MethodGroupsHelper.sortMethods() took 0 ms.
16:49:54.889 [main] INFO  org.testng.internal.Utils - [Utils] MethodGroupsHelper.collectMethodsByGroup() took 0 ms.
16:49:54.889 [main] INFO  org.testng.internal.Utils - [Utils] MethodGroupsHelper.sortMethods() took 0 ms.
16:49:54.897 [main] INFO  org.testng.internal.Utils - [Utils] MethodGroupsHelper.collectMethodsByGroup() took 0 ms.
16:49:54.898 [main] INFO  org.testng.internal.Utils - [Utils] MethodGroupsHelper.sortMethods() took 0 ms.
16:49:54.899 [main] INFO  org.testng.internal.Utils - [Utils] MethodGroupsHelper.collectMethodsByGroup() took 0 ms.
16:49:54.899 [main] INFO  org.testng.internal.Utils - [Utils] MethodGroupsHelper.sortMethods() took 0 ms.
16:49:54.902 [main] INFO  org.testng.internal.Utils - [Utils] MethodGroupsHelper.collectMethodsByGroup() took 0 ms.
16:49:54.903 [main] INFO  org.testng.internal.Utils - [Utils] MethodGroupsHelper.sortMethods() took 0 ms.
16:49:54.903 [main] INFO  org.testng.internal.Utils - [Utils] MethodGroupsHelper.collectMethodsByGroup() took 0 ms.
16:49:54.904 [main] INFO  org.testng.internal.Utils - [Utils] MethodGroupsHelper.sortMethods() took 0 ms.
16:49:54.905 [main] INFO  org.testng.internal.Utils - [Utils] MethodGroupsHelper.collectMethodsByGroup() took 0 ms.
16:49:54.908 [main] INFO  org.testng.internal.Utils - [Utils] MethodGroupsHelper.sortMethods() took 0 ms.
16:49:54.910 [main] INFO  org.testng.internal.Utils - [Utils] MethodGroupsHelper.collectMethodsByGroup() took 0 ms.
16:49:54.912 [main] INFO  org.testng.internal.Utils - [Utils] MethodGroupsHelper.sortMethods() took 2 ms.
16:49:54.912 [main] INFO  org.testng.internal.Utils - [Utils] MethodGroupsHelper.collectMethodsByGroup() took 0 ms.
16:49:54.912 [main] INFO  org.testng.internal.Utils - [Utils] MethodGroupsHelper.sortMethods() took 0 ms.
16:49:54.922 [main] INFO  org.testng.internal.Utils - [TestNG] Running:
  D:\Testing\TheCapacity\testCases.xml

16:49:54.937 [main] INFO  org.testng.internal.Utils - [ThreadUtil] Starting executor timeOut:2147483647ms workers:1 threadPoolSize:5
16:49:55.445 [TestNG-tests-1] INFO  org.testng.internal.Utils - [Utils] DynamicGraphHelper.createDynamicGraph() took 10 ms.
16:50:01.220 [TestNG-tests-1] INFO  testCases.TC004_CreateSurveyTest - ***** TC004_CreateSurveyTest started *****
16:50:01.283 [TestNG-tests-1] INFO  testCases.TC004_CreateSurveyTest - Entering email
16:50:03.003 [TestNG-tests-1] INFO  testCases.TC004_CreateSurveyTest - Entering password
16:50:03.225 [TestNG-tests-1] INFO  testCases.TC004_CreateSurveyTest - Clicking Sign In button
16:50:03.340 [TestNG-tests-1] INFO  testCases.TC004_CreateSurveyTest - Navigating to Survey Listing page
16:50:08.272 [TestNG-tests-1] INFO  testCases.TC004_CreateSurveyTest - Clicking New Survey button
16:50:23.546 [TestNG-tests-1] INFO  testCases.TC004_CreateSurveyTest - Selecting random languages
16:50:30.172 [TestNG-tests-1] INFO  testCases.TC004_CreateSurveyTest - Closing language dropdown using ESC key
16:50:30.261 [TestNG-tests-1] INFO  testCases.TC004_CreateSurveyTest - Selecting random countries
16:50:36.321 [TestNG-tests-1] INFO  testCases.TC004_CreateSurveyTest - Entering survey details
16:50:37.907 [TestNG-tests-1] INFO  testCases.TC004_CreateSurveyTest - Selecting survey type
16:50:38.240 [TestNG-tests-1] INFO  testCases.TC004_CreateSurveyTest - Clicking Create Survey button
16:50:41.683 [TestNG-tests-1] INFO  testCases.TC004_CreateSurveyTest - Verifying success message with survey name
16:50:57.395 [TestNG-tests-1] ERROR testCases.TC004_CreateSurveyTest - Survey creation failed for name: EgV@98815
16:51:01.020 [main] INFO  org.testng.internal.Utils - [TestNG] Time taken by org.testng.internal.ExitCodeListener@46dffdc3: 0 ms
16:56:45.726 [main] WARN  org.testng.xml.TestNGContentHandler - It is strongly recommended to add "<!DOCTYPE suite SYSTEM "https://testng.org/testng-1.0.dtd" >" at the top of the suite file [D:\Testing\TheCapacity\testCases.xml] otherwise TestNG may fail or not work as expected.
16:56:46.159 [main] INFO  org.testng.internal.Utils - [Utils] MethodGroupsHelper.collectMethodsByGroup() took 0 ms.
16:56:46.166 [main] INFO  org.testng.internal.Utils - [Utils] MethodGroupsHelper.sortMethods() took 7 ms.
16:56:46.169 [main] INFO  org.testng.internal.Utils - [Utils] MethodGroupsHelper.collectMethodsByGroup() took 0 ms.
16:56:46.169 [main] INFO  org.testng.internal.Utils - [Utils] MethodGroupsHelper.sortMethods() took 0 ms.
16:56:46.176 [main] INFO  org.testng.internal.Utils - [Utils] MethodGroupsHelper.collectMethodsByGroup() took 0 ms.
16:56:46.176 [main] INFO  org.testng.internal.Utils - [Utils] MethodGroupsHelper.sortMethods() took 0 ms.
16:56:46.180 [main] INFO  org.testng.internal.Utils - [Utils] MethodGroupsHelper.collectMethodsByGroup() took 0 ms.
16:56:46.180 [main] INFO  org.testng.internal.Utils - [Utils] MethodGroupsHelper.sortMethods() took 0 ms.
16:56:46.193 [main] INFO  org.testng.internal.Utils - [Utils] MethodGroupsHelper.collectMethodsByGroup() took 8 ms.
16:56:46.232 [main] INFO  org.testng.internal.Utils - [Utils] MethodGroupsHelper.sortMethods() took 38 ms.
16:56:46.236 [main] INFO  org.testng.internal.Utils - [Utils] MethodGroupsHelper.collectMethodsByGroup() took 0 ms.
16:56:46.237 [main] INFO  org.testng.internal.Utils - [Utils] MethodGroupsHelper.sortMethods() took 1 ms.
16:56:46.243 [main] INFO  org.testng.internal.Utils - [Utils] MethodGroupsHelper.collectMethodsByGroup() took 0 ms.
16:56:46.244 [main] INFO  org.testng.internal.Utils - [Utils] MethodGroupsHelper.sortMethods() took 0 ms.
16:56:46.245 [main] INFO  org.testng.internal.Utils - [Utils] MethodGroupsHelper.collectMethodsByGroup() took 0 ms.
16:56:46.245 [main] INFO  org.testng.internal.Utils - [Utils] MethodGroupsHelper.sortMethods() took 0 ms.
16:56:46.253 [main] INFO  org.testng.internal.Utils - [Utils] MethodGroupsHelper.collectMethodsByGroup() took 0 ms.
16:56:46.254 [main] INFO  org.testng.internal.Utils - [Utils] MethodGroupsHelper.sortMethods() took 0 ms.
16:56:46.254 [main] INFO  org.testng.internal.Utils - [Utils] MethodGroupsHelper.collectMethodsByGroup() took 0 ms.
16:56:46.256 [main] INFO  org.testng.internal.Utils - [Utils] MethodGroupsHelper.sortMethods() took 0 ms.
16:56:46.262 [main] INFO  org.testng.internal.Utils - [Utils] MethodGroupsHelper.collectMethodsByGroup() took 0 ms.
16:56:46.263 [main] INFO  org.testng.internal.Utils - [Utils] MethodGroupsHelper.sortMethods() took 0 ms.
16:56:46.263 [main] INFO  org.testng.internal.Utils - [Utils] MethodGroupsHelper.collectMethodsByGroup() took 0 ms.
16:56:46.263 [main] INFO  org.testng.internal.Utils - [Utils] MethodGroupsHelper.sortMethods() took 0 ms.
16:56:46.266 [main] INFO  org.testng.internal.Utils - [Utils] MethodGroupsHelper.collectMethodsByGroup() took 1 ms.
16:56:46.267 [main] INFO  org.testng.internal.Utils - [Utils] MethodGroupsHelper.sortMethods() took 1 ms.
16:56:46.270 [main] INFO  org.testng.internal.Utils - [Utils] MethodGroupsHelper.collectMethodsByGroup() took 0 ms.
16:56:46.271 [main] INFO  org.testng.internal.Utils - [Utils] MethodGroupsHelper.sortMethods() took 1 ms.
16:56:46.271 [main] INFO  org.testng.internal.Utils - [Utils] MethodGroupsHelper.collectMethodsByGroup() took 0 ms.
16:56:46.271 [main] INFO  org.testng.internal.Utils - [Utils] MethodGroupsHelper.sortMethods() took 0 ms.
16:56:46.283 [main] INFO  org.testng.internal.Utils - [TestNG] Running:
  D:\Testing\TheCapacity\testCases.xml

16:56:46.301 [main] INFO  org.testng.internal.Utils - [ThreadUtil] Starting executor timeOut:2147483647ms workers:1 threadPoolSize:5
16:56:46.928 [TestNG-tests-1] INFO  org.testng.internal.Utils - [Utils] DynamicGraphHelper.createDynamicGraph() took 11 ms.
16:56:56.037 [TestNG-tests-1] INFO  testCases.TC004_CreateSurveyTest - ***** TC004_CreateSurveyTest started *****
16:56:56.124 [TestNG-tests-1] INFO  testCases.TC004_CreateSurveyTest - Entering email
16:56:58.384 [TestNG-tests-1] INFO  testCases.TC004_CreateSurveyTest - Entering password
16:56:58.575 [TestNG-tests-1] INFO  testCases.TC004_CreateSurveyTest - Clicking Sign In button
16:56:58.723 [TestNG-tests-1] INFO  testCases.TC004_CreateSurveyTest - Navigating to Survey Listing page
16:57:02.747 [TestNG-tests-1] INFO  testCases.TC004_CreateSurveyTest - Clicking New Survey button
16:57:18.002 [TestNG-tests-1] INFO  testCases.TC004_CreateSurveyTest - Selecting random languages
16:57:25.130 [TestNG-tests-1] INFO  testCases.TC004_CreateSurveyTest - Closing language dropdown using ESC key
16:57:25.171 [TestNG-tests-1] INFO  testCases.TC004_CreateSurveyTest - Selecting random countries
16:57:31.808 [TestNG-tests-1] INFO  testCases.TC004_CreateSurveyTest - Entering survey details
16:57:33.616 [TestNG-tests-1] INFO  testCases.TC004_CreateSurveyTest - Selecting survey type
16:57:33.974 [TestNG-tests-1] INFO  testCases.TC004_CreateSurveyTest - Clicking Create Survey button
16:57:34.453 [TestNG-tests-1] INFO  testCases.TC004_CreateSurveyTest - Verifying success message with survey name
16:57:36.800 [TestNG-tests-1] INFO  testCases.TC004_CreateSurveyTest - Survey created successfully with name: zCz@31055
16:57:36.804 [TestNG-tests-1] INFO  testCases.TC004_CreateSurveyTest - ***** TC004_CreateSurveyTest completed successfully *****
16:57:39.740 [main] INFO  org.testng.internal.Utils - [TestNG] Time taken by org.testng.internal.ExitCodeListener@e19bb76: 0 ms
17:17:39.932 [main] WARN  org.testng.xml.TestNGContentHandler - It is strongly recommended to add "<!DOCTYPE suite SYSTEM "https://testng.org/testng-1.0.dtd" >" at the top of the suite file [D:\Testing\TheCapacity\testCases.xml] otherwise TestNG may fail or not work as expected.
17:17:40.359 [main] INFO  org.testng.internal.Utils - [Utils] MethodGroupsHelper.collectMethodsByGroup() took 3 ms.
17:17:40.364 [main] INFO  org.testng.internal.Utils - [Utils] MethodGroupsHelper.sortMethods() took 1 ms.
17:17:40.368 [main] INFO  org.testng.internal.Utils - [Utils] MethodGroupsHelper.collectMethodsByGroup() took 0 ms.
17:17:40.368 [main] INFO  org.testng.internal.Utils - [Utils] MethodGroupsHelper.sortMethods() took 0 ms.
17:17:40.371 [main] INFO  org.testng.internal.Utils - [Utils] MethodGroupsHelper.collectMethodsByGroup() took 0 ms.
17:17:40.373 [main] INFO  org.testng.internal.Utils - [Utils] MethodGroupsHelper.sortMethods() took 0 ms.
17:17:40.374 [main] INFO  org.testng.internal.Utils - [Utils] MethodGroupsHelper.collectMethodsByGroup() took 0 ms.
17:17:40.375 [main] INFO  org.testng.internal.Utils - [Utils] MethodGroupsHelper.sortMethods() took 0 ms.
17:17:40.384 [main] INFO  org.testng.internal.Utils - [Utils] MethodGroupsHelper.collectMethodsByGroup() took 6 ms.
17:17:40.413 [main] INFO  org.testng.internal.Utils - [Utils] MethodGroupsHelper.sortMethods() took 29 ms.
17:17:40.416 [main] INFO  org.testng.internal.Utils - [Utils] MethodGroupsHelper.collectMethodsByGroup() took 0 ms.
17:17:40.417 [main] INFO  org.testng.internal.Utils - [Utils] MethodGroupsHelper.sortMethods() took 0 ms.
17:17:40.420 [main] INFO  org.testng.internal.Utils - [Utils] MethodGroupsHelper.collectMethodsByGroup() took 0 ms.
17:17:40.420 [main] INFO  org.testng.internal.Utils - [Utils] MethodGroupsHelper.sortMethods() took 0 ms.
17:17:40.421 [main] INFO  org.testng.internal.Utils - [Utils] MethodGroupsHelper.collectMethodsByGroup() took 0 ms.
17:17:40.421 [main] INFO  org.testng.internal.Utils - [Utils] MethodGroupsHelper.sortMethods() took 0 ms.
17:17:40.428 [main] INFO  org.testng.internal.Utils - [Utils] MethodGroupsHelper.collectMethodsByGroup() took 0 ms.
17:17:40.428 [main] INFO  org.testng.internal.Utils - [Utils] MethodGroupsHelper.sortMethods() took 0 ms.
17:17:40.429 [main] INFO  org.testng.internal.Utils - [Utils] MethodGroupsHelper.collectMethodsByGroup() took 0 ms.
17:17:40.430 [main] INFO  org.testng.internal.Utils - [Utils] MethodGroupsHelper.sortMethods() took 0 ms.
17:17:40.433 [main] INFO  org.testng.internal.Utils - [Utils] MethodGroupsHelper.collectMethodsByGroup() took 0 ms.
17:17:40.434 [main] INFO  org.testng.internal.Utils - [Utils] MethodGroupsHelper.sortMethods() took 0 ms.
17:17:40.434 [main] INFO  org.testng.internal.Utils - [Utils] MethodGroupsHelper.collectMethodsByGroup() took 0 ms.
17:17:40.435 [main] INFO  org.testng.internal.Utils - [Utils] MethodGroupsHelper.sortMethods() took 0 ms.
17:17:40.437 [main] INFO  org.testng.internal.Utils - [Utils] MethodGroupsHelper.collectMethodsByGroup() took 1 ms.
17:17:40.438 [main] INFO  org.testng.internal.Utils - [Utils] MethodGroupsHelper.sortMethods() took 0 ms.
17:17:40.441 [main] INFO  org.testng.internal.Utils - [Utils] MethodGroupsHelper.collectMethodsByGroup() took 0 ms.
17:17:40.441 [main] INFO  org.testng.internal.Utils - [Utils] MethodGroupsHelper.sortMethods() took 0 ms.
17:17:40.441 [main] INFO  org.testng.internal.Utils - [Utils] MethodGroupsHelper.collectMethodsByGroup() took 0 ms.
17:17:40.441 [main] INFO  org.testng.internal.Utils - [Utils] MethodGroupsHelper.sortMethods() took 0 ms.
17:17:40.452 [main] INFO  org.testng.internal.Utils - [TestNG] Running:
  D:\Testing\TheCapacity\testCases.xml

17:17:40.464 [main] INFO  org.testng.internal.Utils - [ThreadUtil] Starting executor timeOut:2147483647ms workers:1 threadPoolSize:5
17:17:41.029 [TestNG-tests-1] INFO  org.testng.internal.Utils - [Utils] DynamicGraphHelper.createDynamicGraph() took 10 ms.
17:17:49.938 [TestNG-tests-1] INFO  testCases.TC005_SingleSelectQuestionType - Entering email
17:17:52.259 [TestNG-tests-1] INFO  testCases.TC005_SingleSelectQuestionType - Entering password
17:17:52.506 [TestNG-tests-1] INFO  testCases.TC005_SingleSelectQuestionType - Clicking Sign In button
17:17:55.551 [main] INFO  org.testng.internal.Utils - [TestNG] Time taken by org.testng.internal.ExitCodeListener@176b3f44: 0 ms
17:25:53.170 [main] WARN  org.testng.xml.TestNGContentHandler - It is strongly recommended to add "<!DOCTYPE suite SYSTEM "https://testng.org/testng-1.0.dtd" >" at the top of the suite file [D:\Testing\TheCapacity\testCases.xml] otherwise TestNG may fail or not work as expected.
17:25:53.559 [main] INFO  org.testng.internal.Utils - [Utils] MethodGroupsHelper.collectMethodsByGroup() took 1 ms.
17:25:53.566 [main] INFO  org.testng.internal.Utils - [Utils] MethodGroupsHelper.sortMethods() took 2 ms.
17:25:53.568 [main] INFO  org.testng.internal.Utils - [Utils] MethodGroupsHelper.collectMethodsByGroup() took 0 ms.
17:25:53.568 [main] INFO  org.testng.internal.Utils - [Utils] MethodGroupsHelper.sortMethods() took 0 ms.
17:25:53.570 [main] INFO  org.testng.internal.Utils - [Utils] MethodGroupsHelper.collectMethodsByGroup() took 0 ms.
17:25:53.571 [main] INFO  org.testng.internal.Utils - [Utils] MethodGroupsHelper.sortMethods() took 0 ms.
17:25:53.573 [main] INFO  org.testng.internal.Utils - [Utils] MethodGroupsHelper.collectMethodsByGroup() took 0 ms.
17:25:53.573 [main] INFO  org.testng.internal.Utils - [Utils] MethodGroupsHelper.sortMethods() took 0 ms.
17:25:53.582 [main] INFO  org.testng.internal.Utils - [Utils] MethodGroupsHelper.collectMethodsByGroup() took 6 ms.
17:25:53.608 [main] INFO  org.testng.internal.Utils - [Utils] MethodGroupsHelper.sortMethods() took 25 ms.
17:25:53.611 [main] INFO  org.testng.internal.Utils - [Utils] MethodGroupsHelper.collectMethodsByGroup() took 0 ms.
17:25:53.613 [main] INFO  org.testng.internal.Utils - [Utils] MethodGroupsHelper.sortMethods() took 1 ms.
17:25:53.616 [main] INFO  org.testng.internal.Utils - [Utils] MethodGroupsHelper.collectMethodsByGroup() took 0 ms.
17:25:53.616 [main] INFO  org.testng.internal.Utils - [Utils] MethodGroupsHelper.sortMethods() took 0 ms.
17:25:53.617 [main] INFO  org.testng.internal.Utils - [Utils] MethodGroupsHelper.collectMethodsByGroup() took 0 ms.
17:25:53.618 [main] INFO  org.testng.internal.Utils - [Utils] MethodGroupsHelper.sortMethods() took 0 ms.
17:25:53.622 [main] INFO  org.testng.internal.Utils - [Utils] MethodGroupsHelper.collectMethodsByGroup() took 0 ms.
17:25:53.623 [main] INFO  org.testng.internal.Utils - [Utils] MethodGroupsHelper.sortMethods() took 0 ms.
17:25:53.624 [main] INFO  org.testng.internal.Utils - [Utils] MethodGroupsHelper.collectMethodsByGroup() took 0 ms.
17:25:53.624 [main] INFO  org.testng.internal.Utils - [Utils] MethodGroupsHelper.sortMethods() took 0 ms.
17:25:53.627 [main] INFO  org.testng.internal.Utils - [Utils] MethodGroupsHelper.collectMethodsByGroup() took 0 ms.
17:25:53.627 [main] INFO  org.testng.internal.Utils - [Utils] MethodGroupsHelper.sortMethods() took 0 ms.
17:25:53.628 [main] INFO  org.testng.internal.Utils - [Utils] MethodGroupsHelper.collectMethodsByGroup() took 0 ms.
17:25:53.628 [main] INFO  org.testng.internal.Utils - [Utils] MethodGroupsHelper.sortMethods() took 0 ms.
17:25:53.632 [main] INFO  org.testng.internal.Utils - [Utils] MethodGroupsHelper.collectMethodsByGroup() took 1 ms.
17:25:53.632 [main] INFO  org.testng.internal.Utils - [Utils] MethodGroupsHelper.sortMethods() took 0 ms.
17:25:53.635 [main] INFO  org.testng.internal.Utils - [Utils] MethodGroupsHelper.collectMethodsByGroup() took 0 ms.
17:25:53.635 [main] INFO  org.testng.internal.Utils - [Utils] MethodGroupsHelper.sortMethods() took 0 ms.
17:25:53.635 [main] INFO  org.testng.internal.Utils - [Utils] MethodGroupsHelper.collectMethodsByGroup() took 0 ms.
17:25:53.635 [main] INFO  org.testng.internal.Utils - [Utils] MethodGroupsHelper.sortMethods() took 0 ms.
17:25:53.645 [main] INFO  org.testng.internal.Utils - [TestNG] Running:
  D:\Testing\TheCapacity\testCases.xml

17:25:53.656 [main] INFO  org.testng.internal.Utils - [ThreadUtil] Starting executor timeOut:2147483647ms workers:1 threadPoolSize:5
17:25:54.211 [TestNG-tests-1] INFO  org.testng.internal.Utils - [Utils] DynamicGraphHelper.createDynamicGraph() took 10 ms.
17:26:01.728 [TestNG-tests-1] INFO  testCases.TC005_SingleSelectQuestionType - Entering email
17:26:03.768 [TestNG-tests-1] INFO  testCases.TC005_SingleSelectQuestionType - Entering password
17:26:03.959 [TestNG-tests-1] INFO  testCases.TC005_SingleSelectQuestionType - Clicking Sign In button
17:26:04.093 [TestNG-tests-1] INFO  testCases.TC005_SingleSelectQuestionType - Navigating to Survey Listing page
17:26:08.466 [TestNG-tests-1] INFO  testCases.TC005_SingleSelectQuestionType - Clicking survey code button
17:26:12.436 [TestNG-tests-1] INFO  testCases.TC005_SingleSelectQuestionType - Survey code button clicked successfully
17:26:17.102 [main] INFO  org.testng.internal.Utils - [TestNG] Time taken by org.testng.internal.ExitCodeListener@176b3f44: 0 ms
17:28:15.706 [main] WARN  org.testng.xml.TestNGContentHandler - It is strongly recommended to add "<!DOCTYPE suite SYSTEM "https://testng.org/testng-1.0.dtd" >" at the top of the suite file [D:\Testing\TheCapacity\testCases.xml] otherwise TestNG may fail or not work as expected.
17:28:16.110 [main] INFO  org.testng.internal.Utils - [Utils] MethodGroupsHelper.collectMethodsByGroup() took 1 ms.
17:28:16.117 [main] INFO  org.testng.internal.Utils - [Utils] MethodGroupsHelper.sortMethods() took 3 ms.
17:28:16.119 [main] INFO  org.testng.internal.Utils - [Utils] MethodGroupsHelper.collectMethodsByGroup() took 0 ms.
17:28:16.119 [main] INFO  org.testng.internal.Utils - [Utils] MethodGroupsHelper.sortMethods() took 0 ms.
17:28:16.119 [main] INFO  org.testng.internal.Utils - [Utils] MethodGroupsHelper.collectMethodsByGroup() took 0 ms.
17:28:16.123 [main] INFO  org.testng.internal.Utils - [Utils] MethodGroupsHelper.sortMethods() took 0 ms.
17:28:16.124 [main] INFO  org.testng.internal.Utils - [Utils] MethodGroupsHelper.collectMethodsByGroup() took 0 ms.
17:28:16.124 [main] INFO  org.testng.internal.Utils - [Utils] MethodGroupsHelper.sortMethods() took 0 ms.
17:28:16.133 [main] INFO  org.testng.internal.Utils - [Utils] MethodGroupsHelper.collectMethodsByGroup() took 6 ms.
17:28:16.165 [main] INFO  org.testng.internal.Utils - [Utils] MethodGroupsHelper.sortMethods() took 31 ms.
17:28:16.168 [main] INFO  org.testng.internal.Utils - [Utils] MethodGroupsHelper.collectMethodsByGroup() took 0 ms.
17:28:16.169 [main] INFO  org.testng.internal.Utils - [Utils] MethodGroupsHelper.sortMethods() took 0 ms.
17:28:16.173 [main] INFO  org.testng.internal.Utils - [Utils] MethodGroupsHelper.collectMethodsByGroup() took 0 ms.
17:28:16.173 [main] INFO  org.testng.internal.Utils - [Utils] MethodGroupsHelper.sortMethods() took 0 ms.
17:28:16.174 [main] INFO  org.testng.internal.Utils - [Utils] MethodGroupsHelper.collectMethodsByGroup() took 0 ms.
17:28:16.175 [main] INFO  org.testng.internal.Utils - [Utils] MethodGroupsHelper.sortMethods() took 0 ms.
17:28:16.182 [main] INFO  org.testng.internal.Utils - [Utils] MethodGroupsHelper.collectMethodsByGroup() took 0 ms.
17:28:16.182 [main] INFO  org.testng.internal.Utils - [Utils] MethodGroupsHelper.sortMethods() took 0 ms.
17:28:16.184 [main] INFO  org.testng.internal.Utils - [Utils] MethodGroupsHelper.collectMethodsByGroup() took 0 ms.
17:28:16.185 [main] INFO  org.testng.internal.Utils - [Utils] MethodGroupsHelper.sortMethods() took 0 ms.
17:28:16.187 [main] INFO  org.testng.internal.Utils - [Utils] MethodGroupsHelper.collectMethodsByGroup() took 0 ms.
17:28:16.188 [main] INFO  org.testng.internal.Utils - [Utils] MethodGroupsHelper.sortMethods() took 0 ms.
17:28:16.188 [main] INFO  org.testng.internal.Utils - [Utils] MethodGroupsHelper.collectMethodsByGroup() took 0 ms.
17:28:16.188 [main] INFO  org.testng.internal.Utils - [Utils] MethodGroupsHelper.sortMethods() took 0 ms.
17:28:16.191 [main] INFO  org.testng.internal.Utils - [Utils] MethodGroupsHelper.collectMethodsByGroup() took 0 ms.
17:28:16.192 [main] INFO  org.testng.internal.Utils - [Utils] MethodGroupsHelper.sortMethods() took 0 ms.
17:28:16.195 [main] INFO  org.testng.internal.Utils - [Utils] MethodGroupsHelper.collectMethodsByGroup() took 0 ms.
17:28:16.195 [main] INFO  org.testng.internal.Utils - [Utils] MethodGroupsHelper.sortMethods() took 0 ms.
17:28:16.195 [main] INFO  org.testng.internal.Utils - [Utils] MethodGroupsHelper.collectMethodsByGroup() took 0 ms.
17:28:16.195 [main] INFO  org.testng.internal.Utils - [Utils] MethodGroupsHelper.sortMethods() took 0 ms.
17:28:16.207 [main] INFO  org.testng.internal.Utils - [TestNG] Running:
  D:\Testing\TheCapacity\testCases.xml

17:28:16.223 [main] INFO  org.testng.internal.Utils - [ThreadUtil] Starting executor timeOut:2147483647ms workers:1 threadPoolSize:5
17:28:16.674 [TestNG-tests-1] INFO  org.testng.internal.Utils - [Utils] DynamicGraphHelper.createDynamicGraph() took 7 ms.
17:28:25.042 [TestNG-tests-1] INFO  testCases.TC005_SingleSelectQuestionType - Entering email
17:28:27.113 [TestNG-tests-1] INFO  testCases.TC005_SingleSelectQuestionType - Entering password
17:28:27.279 [TestNG-tests-1] INFO  testCases.TC005_SingleSelectQuestionType - Clicking Sign In button
17:28:27.413 [TestNG-tests-1] INFO  testCases.TC005_SingleSelectQuestionType - Navigating to Survey Listing page
17:28:31.399 [TestNG-tests-1] INFO  testCases.TC005_SingleSelectQuestionType - Clicking survey code button
17:28:34.721 [TestNG-tests-1] INFO  testCases.TC005_SingleSelectQuestionType - Survey code button clicked successfully
17:28:40.122 [main] INFO  org.testng.internal.Utils - [TestNG] Time taken by org.testng.internal.ExitCodeListener@2250b9f2: 0 ms
17:29:54.532 [main] WARN  org.testng.xml.TestNGContentHandler - It is strongly recommended to add "<!DOCTYPE suite SYSTEM "https://testng.org/testng-1.0.dtd" >" at the top of the suite file [D:\Testing\TheCapacity\testCases.xml] otherwise TestNG may fail or not work as expected.
17:29:54.928 [main] INFO  org.testng.internal.Utils - [Utils] MethodGroupsHelper.collectMethodsByGroup() took 0 ms.
17:29:54.934 [main] INFO  org.testng.internal.Utils - [Utils] MethodGroupsHelper.sortMethods() took 3 ms.
17:29:54.937 [main] INFO  org.testng.internal.Utils - [Utils] MethodGroupsHelper.collectMethodsByGroup() took 0 ms.
17:29:54.937 [main] INFO  org.testng.internal.Utils - [Utils] MethodGroupsHelper.sortMethods() took 0 ms.
17:29:54.937 [main] INFO  org.testng.internal.Utils - [Utils] MethodGroupsHelper.collectMethodsByGroup() took 0 ms.
17:29:54.937 [main] INFO  org.testng.internal.Utils - [Utils] MethodGroupsHelper.sortMethods() took 0 ms.
17:29:54.937 [main] INFO  org.testng.internal.Utils - [Utils] MethodGroupsHelper.collectMethodsByGroup() took 0 ms.
17:29:54.937 [main] INFO  org.testng.internal.Utils - [Utils] MethodGroupsHelper.sortMethods() took 0 ms.
17:29:54.952 [main] INFO  org.testng.internal.Utils - [Utils] MethodGroupsHelper.collectMethodsByGroup() took 6 ms.
17:29:54.980 [main] INFO  org.testng.internal.Utils - [Utils] MethodGroupsHelper.sortMethods() took 28 ms.
17:29:54.982 [main] INFO  org.testng.internal.Utils - [Utils] MethodGroupsHelper.collectMethodsByGroup() took 0 ms.
17:29:54.982 [main] INFO  org.testng.internal.Utils - [Utils] MethodGroupsHelper.sortMethods() took 0 ms.
17:29:54.984 [main] INFO  org.testng.internal.Utils - [Utils] MethodGroupsHelper.collectMethodsByGroup() took 0 ms.
17:29:54.985 [main] INFO  org.testng.internal.Utils - [Utils] MethodGroupsHelper.sortMethods() took 0 ms.
17:29:54.986 [main] INFO  org.testng.internal.Utils - [Utils] MethodGroupsHelper.collectMethodsByGroup() took 0 ms.
17:29:54.986 [main] INFO  org.testng.internal.Utils - [Utils] MethodGroupsHelper.sortMethods() took 0 ms.
17:29:54.992 [main] INFO  org.testng.internal.Utils - [Utils] MethodGroupsHelper.collectMethodsByGroup() took 0 ms.
17:29:54.992 [main] INFO  org.testng.internal.Utils - [Utils] MethodGroupsHelper.sortMethods() took 0 ms.
17:29:54.993 [main] INFO  org.testng.internal.Utils - [Utils] MethodGroupsHelper.collectMethodsByGroup() took 0 ms.
17:29:54.994 [main] INFO  org.testng.internal.Utils - [Utils] MethodGroupsHelper.sortMethods() took 0 ms.
17:29:54.996 [main] INFO  org.testng.internal.Utils - [Utils] MethodGroupsHelper.collectMethodsByGroup() took 0 ms.
17:29:54.996 [main] INFO  org.testng.internal.Utils - [Utils] MethodGroupsHelper.sortMethods() took 0 ms.
17:29:54.996 [main] INFO  org.testng.internal.Utils - [Utils] MethodGroupsHelper.collectMethodsByGroup() took 0 ms.
17:29:54.997 [main] INFO  org.testng.internal.Utils - [Utils] MethodGroupsHelper.sortMethods() took 0 ms.
17:29:54.999 [main] INFO  org.testng.internal.Utils - [Utils] MethodGroupsHelper.collectMethodsByGroup() took 0 ms.
17:29:55.000 [main] INFO  org.testng.internal.Utils - [Utils] MethodGroupsHelper.sortMethods() took 1 ms.
17:29:55.002 [main] INFO  org.testng.internal.Utils - [Utils] MethodGroupsHelper.collectMethodsByGroup() took 0 ms.
17:29:55.002 [main] INFO  org.testng.internal.Utils - [Utils] MethodGroupsHelper.sortMethods() took 0 ms.
17:29:55.003 [main] INFO  org.testng.internal.Utils - [Utils] MethodGroupsHelper.collectMethodsByGroup() took 0 ms.
17:29:55.003 [main] INFO  org.testng.internal.Utils - [Utils] MethodGroupsHelper.sortMethods() took 0 ms.
17:29:55.013 [main] INFO  org.testng.internal.Utils - [TestNG] Running:
  D:\Testing\TheCapacity\testCases.xml

17:29:55.026 [main] INFO  org.testng.internal.Utils - [ThreadUtil] Starting executor timeOut:2147483647ms workers:1 threadPoolSize:5
17:29:55.515 [TestNG-tests-1] INFO  org.testng.internal.Utils - [Utils] DynamicGraphHelper.createDynamicGraph() took 8 ms.
17:30:03.722 [TestNG-tests-1] INFO  testCases.TC005_SingleSelectQuestionType - Entering email
17:30:05.724 [TestNG-tests-1] INFO  testCases.TC005_SingleSelectQuestionType - Entering password
17:30:05.904 [TestNG-tests-1] INFO  testCases.TC005_SingleSelectQuestionType - Clicking Sign In button
17:30:06.026 [TestNG-tests-1] INFO  testCases.TC005_SingleSelectQuestionType - Navigating to Survey Listing page
17:30:09.811 [TestNG-tests-1] INFO  testCases.TC005_SingleSelectQuestionType - Clicking survey code button
17:30:13.353 [TestNG-tests-1] INFO  testCases.TC005_SingleSelectQuestionType - Survey code button clicked successfully
17:30:15.896 [main] INFO  org.testng.internal.Utils - [TestNG] Time taken by org.testng.internal.ExitCodeListener@142269f2: 0 ms
17:36:03.413 [main] WARN  org.testng.xml.TestNGContentHandler - It is strongly recommended to add "<!DOCTYPE suite SYSTEM "https://testng.org/testng-1.0.dtd" >" at the top of the suite file [D:\Testing\TheCapacity\testCases.xml] otherwise TestNG may fail or not work as expected.
17:36:03.880 [main] INFO  org.testng.internal.Utils - [Utils] MethodGroupsHelper.collectMethodsByGroup() took 5 ms.
17:36:03.893 [main] INFO  org.testng.internal.Utils - [Utils] MethodGroupsHelper.sortMethods() took 0 ms.
17:36:03.893 [main] INFO  org.testng.internal.Utils - [Utils] MethodGroupsHelper.collectMethodsByGroup() took 0 ms.
17:36:03.893 [main] INFO  org.testng.internal.Utils - [Utils] MethodGroupsHelper.sortMethods() took 0 ms.
17:36:03.900 [main] INFO  org.testng.internal.Utils - [Utils] MethodGroupsHelper.collectMethodsByGroup() took 0 ms.
17:36:03.900 [main] INFO  org.testng.internal.Utils - [Utils] MethodGroupsHelper.sortMethods() took 0 ms.
17:36:03.900 [main] INFO  org.testng.internal.Utils - [Utils] MethodGroupsHelper.collectMethodsByGroup() took 0 ms.
17:36:03.903 [main] INFO  org.testng.internal.Utils - [Utils] MethodGroupsHelper.sortMethods() took 0 ms.
17:36:03.912 [main] INFO  org.testng.internal.Utils - [Utils] MethodGroupsHelper.collectMethodsByGroup() took 8 ms.
17:36:03.942 [main] INFO  org.testng.internal.Utils - [Utils] MethodGroupsHelper.sortMethods() took 30 ms.
17:36:03.944 [main] INFO  org.testng.internal.Utils - [Utils] MethodGroupsHelper.collectMethodsByGroup() took 0 ms.
17:36:03.944 [main] INFO  org.testng.internal.Utils - [Utils] MethodGroupsHelper.sortMethods() took 0 ms.
17:36:03.945 [main] INFO  org.testng.internal.Utils - [Utils] MethodGroupsHelper.collectMethodsByGroup() took 0 ms.
17:36:03.945 [main] INFO  org.testng.internal.Utils - [Utils] MethodGroupsHelper.sortMethods() took 0 ms.
17:36:03.945 [main] INFO  org.testng.internal.Utils - [Utils] MethodGroupsHelper.collectMethodsByGroup() took 0 ms.
17:36:03.945 [main] INFO  org.testng.internal.Utils - [Utils] MethodGroupsHelper.sortMethods() took 0 ms.
17:36:03.953 [main] INFO  org.testng.internal.Utils - [Utils] MethodGroupsHelper.collectMethodsByGroup() took 0 ms.
17:36:03.953 [main] INFO  org.testng.internal.Utils - [Utils] MethodGroupsHelper.sortMethods() took 0 ms.
17:36:03.954 [main] INFO  org.testng.internal.Utils - [Utils] MethodGroupsHelper.collectMethodsByGroup() took 0 ms.
17:36:03.955 [main] INFO  org.testng.internal.Utils - [Utils] MethodGroupsHelper.sortMethods() took 0 ms.
17:36:03.958 [main] INFO  org.testng.internal.Utils - [Utils] MethodGroupsHelper.collectMethodsByGroup() took 0 ms.
17:36:03.959 [main] INFO  org.testng.internal.Utils - [Utils] MethodGroupsHelper.sortMethods() took 0 ms.
17:36:03.959 [main] INFO  org.testng.internal.Utils - [Utils] MethodGroupsHelper.collectMethodsByGroup() took 0 ms.
17:36:03.959 [main] INFO  org.testng.internal.Utils - [Utils] MethodGroupsHelper.sortMethods() took 0 ms.
17:36:03.961 [main] INFO  org.testng.internal.Utils - [Utils] MethodGroupsHelper.collectMethodsByGroup() took 0 ms.
17:36:03.962 [main] INFO  org.testng.internal.Utils - [Utils] MethodGroupsHelper.sortMethods() took 0 ms.
17:36:03.964 [main] INFO  org.testng.internal.Utils - [Utils] MethodGroupsHelper.collectMethodsByGroup() took 0 ms.
17:36:03.965 [main] INFO  org.testng.internal.Utils - [Utils] MethodGroupsHelper.sortMethods() took 0 ms.
17:36:03.965 [main] INFO  org.testng.internal.Utils - [Utils] MethodGroupsHelper.collectMethodsByGroup() took 0 ms.
17:36:03.965 [main] INFO  org.testng.internal.Utils - [Utils] MethodGroupsHelper.sortMethods() took 0 ms.
17:36:03.975 [main] INFO  org.testng.internal.Utils - [TestNG] Running:
  D:\Testing\TheCapacity\testCases.xml

17:36:03.987 [main] INFO  org.testng.internal.Utils - [ThreadUtil] Starting executor timeOut:2147483647ms workers:1 threadPoolSize:5
17:36:04.568 [TestNG-tests-1] INFO  org.testng.internal.Utils - [Utils] DynamicGraphHelper.createDynamicGraph() took 8 ms.
17:36:11.094 [TestNG-tests-1] INFO  testCases.TC005_SingleSelectQuestionType - Entering email
17:36:12.220 [TestNG-tests-1] INFO  testCases.TC005_SingleSelectQuestionType - Entering password
17:36:12.370 [TestNG-tests-1] INFO  testCases.TC005_SingleSelectQuestionType - Clicking Sign In button
17:36:12.500 [TestNG-tests-1] INFO  testCases.TC005_SingleSelectQuestionType - Navigating to Survey Listing page
17:36:15.889 [TestNG-tests-1] INFO  testCases.TC005_SingleSelectQuestionType - Clicking survey code button
17:36:18.078 [TestNG-tests-1] INFO  testCases.TC005_SingleSelectQuestionType - Survey code button clicked successfully
17:36:18.828 [TestNG-tests-1] INFO  testCases.TC005_SingleSelectQuestionType - Survey Programming option selected successfully
17:36:21.201 [main] INFO  org.testng.internal.Utils - [TestNG] Time taken by org.testng.internal.ExitCodeListener@6ad3381f: 0 ms
13:32:39.509 [main] WARN  org.testng.xml.TestNGContentHandler - It is strongly recommended to add "<!DOCTYPE suite SYSTEM "https://testng.org/testng-1.0.dtd" >" at the top of the suite file [D:\Testing\TheCapacity\docker-grid.xml] otherwise TestNG may fail or not work as expected.
13:32:40.071 [main] INFO  org.testng.internal.Utils - [Utils] MethodGroupsHelper.collectMethodsByGroup() took 3 ms.
13:32:40.078 [main] INFO  org.testng.internal.Utils - [Utils] MethodGroupsHelper.sortMethods() took 4 ms.
13:32:40.082 [main] INFO  org.testng.internal.Utils - [Utils] MethodGroupsHelper.collectMethodsByGroup() took 0 ms.
13:32:40.082 [main] INFO  org.testng.internal.Utils - [Utils] MethodGroupsHelper.sortMethods() took 0 ms.
13:32:40.085 [main] INFO  org.testng.internal.Utils - [Utils] MethodGroupsHelper.collectMethodsByGroup() took 0 ms.
13:32:40.086 [main] INFO  org.testng.internal.Utils - [Utils] MethodGroupsHelper.sortMethods() took 0 ms.
13:32:40.087 [main] INFO  org.testng.internal.Utils - [Utils] MethodGroupsHelper.collectMethodsByGroup() took 0 ms.
13:32:40.088 [main] INFO  org.testng.internal.Utils - [Utils] MethodGroupsHelper.sortMethods() took 0 ms.
13:32:40.096 [main] INFO  org.testng.internal.Utils - [Utils] MethodGroupsHelper.collectMethodsByGroup() took 6 ms.
13:32:40.126 [main] INFO  org.testng.internal.Utils - [Utils] MethodGroupsHelper.sortMethods() took 29 ms.
13:32:40.128 [main] INFO  org.testng.internal.Utils - [Utils] MethodGroupsHelper.collectMethodsByGroup() took 0 ms.
13:32:40.129 [main] INFO  org.testng.internal.Utils - [Utils] MethodGroupsHelper.sortMethods() took 0 ms.
13:32:40.132 [main] INFO  org.testng.internal.Utils - [Utils] MethodGroupsHelper.collectMethodsByGroup() took 0 ms.
13:32:40.133 [main] INFO  org.testng.internal.Utils - [Utils] MethodGroupsHelper.sortMethods() took 0 ms.
13:32:40.135 [main] INFO  org.testng.internal.Utils - [Utils] MethodGroupsHelper.collectMethodsByGroup() took 0 ms.
13:32:40.136 [main] INFO  org.testng.internal.Utils - [Utils] MethodGroupsHelper.sortMethods() took 0 ms.
13:32:40.144 [main] INFO  org.testng.internal.Utils - [Utils] MethodGroupsHelper.collectMethodsByGroup() took 0 ms.
13:32:40.145 [main] INFO  org.testng.internal.Utils - [Utils] MethodGroupsHelper.sortMethods() took 0 ms.
13:32:40.146 [main] INFO  org.testng.internal.Utils - [Utils] MethodGroupsHelper.collectMethodsByGroup() took 0 ms.
13:32:40.146 [main] INFO  org.testng.internal.Utils - [Utils] MethodGroupsHelper.sortMethods() took 0 ms.
13:32:40.151 [main] INFO  org.testng.internal.Utils - [Utils] MethodGroupsHelper.collectMethodsByGroup() took 0 ms.
13:32:40.151 [main] INFO  org.testng.internal.Utils - [Utils] MethodGroupsHelper.sortMethods() took 0 ms.
13:32:40.152 [main] INFO  org.testng.internal.Utils - [Utils] MethodGroupsHelper.collectMethodsByGroup() took 0 ms.
13:32:40.154 [main] INFO  org.testng.internal.Utils - [Utils] MethodGroupsHelper.sortMethods() took 0 ms.
13:32:40.157 [main] INFO  org.testng.internal.Utils - [Utils] MethodGroupsHelper.collectMethodsByGroup() took 0 ms.
13:32:40.159 [main] INFO  org.testng.internal.Utils - [Utils] MethodGroupsHelper.sortMethods() took 0 ms.
13:32:40.162 [main] INFO  org.testng.internal.Utils - [Utils] MethodGroupsHelper.collectMethodsByGroup() took 0 ms.
13:32:40.162 [main] INFO  org.testng.internal.Utils - [Utils] MethodGroupsHelper.sortMethods() took 0 ms.
13:32:40.162 [main] INFO  org.testng.internal.Utils - [Utils] MethodGroupsHelper.collectMethodsByGroup() took 0 ms.
13:32:40.163 [main] INFO  org.testng.internal.Utils - [Utils] MethodGroupsHelper.sortMethods() took 0 ms.
13:32:40.189 [main] INFO  org.testng.internal.Utils - [TestNG] Running:
  D:\Testing\TheCapacity\docker-grid.xml

13:32:40.211 [main] INFO  org.testng.internal.Utils - [ThreadUtil] Starting executor timeOut:2147483647ms workers:1 threadPoolSize:5
13:32:40.837 [TestNG-tests-1] INFO  org.testng.internal.Utils - [Utils] DynamicGraphHelper.createDynamicGraph() took 9 ms.
13:32:50.964 [TestNG-tests-1] INFO  testCases.TC002_LoginTest - ===Starting Testing of Login Page===
13:32:51.039 [TestNG-tests-1] INFO  testCases.TC002_LoginTest - ===Entering email===
13:32:52.420 [TestNG-tests-1] INFO  testCases.TC002_LoginTest - ===Entering password===
13:32:57.486 [TestNG-tests-1] INFO  testCases.TC002_LoginTest - ===Sign in successfully===
13:33:01.907 [main] INFO  org.testng.internal.Utils - [TestNG] Time taken by org.testng.internal.ExitCodeListener@31bcf236: 0 ms
13:33:57.260 [main] WARN  org.testng.xml.TestNGContentHandler - It is strongly recommended to add "<!DOCTYPE suite SYSTEM "https://testng.org/testng-1.0.dtd" >" at the top of the suite file [D:\Testing\TheCapacity\docker-grid.xml] otherwise TestNG may fail or not work as expected.
13:33:57.778 [main] INFO  org.testng.internal.Utils - [Utils] MethodGroupsHelper.collectMethodsByGroup() took 0 ms.
13:33:57.790 [main] INFO  org.testng.internal.Utils - [Utils] MethodGroupsHelper.sortMethods() took 5 ms.
13:33:57.799 [main] INFO  org.testng.internal.Utils - [Utils] MethodGroupsHelper.collectMethodsByGroup() took 0 ms.
13:33:57.799 [main] INFO  org.testng.internal.Utils - [Utils] MethodGroupsHelper.sortMethods() took 0 ms.
13:33:57.822 [main] INFO  org.testng.internal.Utils - [Utils] MethodGroupsHelper.collectMethodsByGroup() took 0 ms.
13:33:57.825 [main] INFO  org.testng.internal.Utils - [Utils] MethodGroupsHelper.sortMethods() took 0 ms.
13:33:57.843 [main] INFO  org.testng.internal.Utils - [Utils] MethodGroupsHelper.collectMethodsByGroup() took 0 ms.
13:33:57.850 [main] INFO  org.testng.internal.Utils - [Utils] MethodGroupsHelper.sortMethods() took 0 ms.
13:33:57.878 [main] INFO  org.testng.internal.Utils - [Utils] MethodGroupsHelper.collectMethodsByGroup() took 16 ms.
13:33:57.941 [main] INFO  org.testng.internal.Utils - [Utils] MethodGroupsHelper.sortMethods() took 62 ms.
13:33:57.944 [main] INFO  org.testng.internal.Utils - [Utils] MethodGroupsHelper.collectMethodsByGroup() took 0 ms.
13:33:57.944 [main] INFO  org.testng.internal.Utils - [Utils] MethodGroupsHelper.sortMethods() took 0 ms.
13:33:57.945 [main] INFO  org.testng.internal.Utils - [Utils] MethodGroupsHelper.collectMethodsByGroup() took 0 ms.
13:33:57.945 [main] INFO  org.testng.internal.Utils - [Utils] MethodGroupsHelper.sortMethods() took 0 ms.
13:33:57.947 [main] INFO  org.testng.internal.Utils - [Utils] MethodGroupsHelper.collectMethodsByGroup() took 0 ms.
13:33:57.949 [main] INFO  org.testng.internal.Utils - [Utils] MethodGroupsHelper.sortMethods() took 0 ms.
13:33:57.958 [main] INFO  org.testng.internal.Utils - [Utils] MethodGroupsHelper.collectMethodsByGroup() took 0 ms.
13:33:57.958 [main] INFO  org.testng.internal.Utils - [Utils] MethodGroupsHelper.sortMethods() took 0 ms.
13:33:57.960 [main] INFO  org.testng.internal.Utils - [Utils] MethodGroupsHelper.collectMethodsByGroup() took 0 ms.
13:33:57.961 [main] INFO  org.testng.internal.Utils - [Utils] MethodGroupsHelper.sortMethods() took 0 ms.
13:33:57.968 [main] INFO  org.testng.internal.Utils - [Utils] MethodGroupsHelper.collectMethodsByGroup() took 0 ms.
13:33:57.972 [main] INFO  org.testng.internal.Utils - [Utils] MethodGroupsHelper.sortMethods() took 1 ms.
13:33:57.973 [main] INFO  org.testng.internal.Utils - [Utils] MethodGroupsHelper.collectMethodsByGroup() took 0 ms.
13:33:57.973 [main] INFO  org.testng.internal.Utils - [Utils] MethodGroupsHelper.sortMethods() took 0 ms.
13:33:57.976 [main] INFO  org.testng.internal.Utils - [Utils] MethodGroupsHelper.collectMethodsByGroup() took 1 ms.
13:33:57.978 [main] INFO  org.testng.internal.Utils - [Utils] MethodGroupsHelper.sortMethods() took 0 ms.
13:33:57.981 [main] INFO  org.testng.internal.Utils - [Utils] MethodGroupsHelper.collectMethodsByGroup() took 0 ms.
13:33:57.982 [main] INFO  org.testng.internal.Utils - [Utils] MethodGroupsHelper.sortMethods() took 0 ms.
13:33:57.982 [main] INFO  org.testng.internal.Utils - [Utils] MethodGroupsHelper.collectMethodsByGroup() took 0 ms.
13:33:57.982 [main] INFO  org.testng.internal.Utils - [Utils] MethodGroupsHelper.sortMethods() took 0 ms.
13:33:57.994 [main] INFO  org.testng.internal.Utils - [TestNG] Running:
  D:\Testing\TheCapacity\docker-grid.xml

13:33:58.029 [main] INFO  org.testng.internal.Utils - [ThreadUtil] Starting executor timeOut:2147483647ms workers:1 threadPoolSize:5
13:33:58.511 [TestNG-tests-1] INFO  org.testng.internal.Utils - [Utils] DynamicGraphHelper.createDynamicGraph() took 6 ms.
13:34:06.953 [TestNG-tests-1] INFO  testCases.TC002_LoginTest - ===Starting Testing of Login Page===
13:34:07.077 [TestNG-tests-1] INFO  testCases.TC002_LoginTest - ===Entering email===
13:34:08.961 [TestNG-tests-1] INFO  testCases.TC002_LoginTest - ===Entering password===
13:34:13.875 [TestNG-tests-1] INFO  testCases.TC002_LoginTest - ===Sign in successfully===
13:34:17.073 [main] INFO  org.testng.internal.Utils - [TestNG] Time taken by org.testng.internal.ExitCodeListener@3a12c404: 0 ms
13:35:33.538 [main] WARN  org.testng.xml.TestNGContentHandler - It is strongly recommended to add "<!DOCTYPE suite SYSTEM "https://testng.org/testng-1.0.dtd" >" at the top of the suite file [D:\Testing\TheCapacity\docker-grid.xml] otherwise TestNG may fail or not work as expected.
13:35:33.942 [main] INFO  org.testng.internal.Utils - [Utils] MethodGroupsHelper.collectMethodsByGroup() took 1 ms.
13:35:33.949 [main] INFO  org.testng.internal.Utils - [Utils] MethodGroupsHelper.sortMethods() took 4 ms.
13:35:33.950 [main] INFO  org.testng.internal.Utils - [Utils] MethodGroupsHelper.collectMethodsByGroup() took 0 ms.
13:35:33.952 [main] INFO  org.testng.internal.Utils - [Utils] MethodGroupsHelper.sortMethods() took 0 ms.
13:35:33.953 [main] INFO  org.testng.internal.Utils - [Utils] MethodGroupsHelper.collectMethodsByGroup() took 0 ms.
13:35:33.955 [main] INFO  org.testng.internal.Utils - [Utils] MethodGroupsHelper.sortMethods() took 0 ms.
13:35:33.956 [main] INFO  org.testng.internal.Utils - [Utils] MethodGroupsHelper.collectMethodsByGroup() took 0 ms.
13:35:33.956 [main] INFO  org.testng.internal.Utils - [Utils] MethodGroupsHelper.sortMethods() took 0 ms.
13:35:33.965 [main] INFO  org.testng.internal.Utils - [Utils] MethodGroupsHelper.collectMethodsByGroup() took 8 ms.
13:35:33.995 [main] INFO  org.testng.internal.Utils - [Utils] MethodGroupsHelper.sortMethods() took 28 ms.
13:35:33.997 [main] INFO  org.testng.internal.Utils - [Utils] MethodGroupsHelper.collectMethodsByGroup() took 0 ms.
13:35:33.998 [main] INFO  org.testng.internal.Utils - [Utils] MethodGroupsHelper.sortMethods() took 0 ms.
13:35:34.000 [main] INFO  org.testng.internal.Utils - [Utils] MethodGroupsHelper.collectMethodsByGroup() took 0 ms.
13:35:34.000 [main] INFO  org.testng.internal.Utils - [Utils] MethodGroupsHelper.sortMethods() took 0 ms.
13:35:34.000 [main] INFO  org.testng.internal.Utils - [Utils] MethodGroupsHelper.collectMethodsByGroup() took 0 ms.
13:35:34.000 [main] INFO  org.testng.internal.Utils - [Utils] MethodGroupsHelper.sortMethods() took 0 ms.
13:35:34.009 [main] INFO  org.testng.internal.Utils - [Utils] MethodGroupsHelper.collectMethodsByGroup() took 0 ms.
13:35:34.010 [main] INFO  org.testng.internal.Utils - [Utils] MethodGroupsHelper.sortMethods() took 0 ms.
13:35:34.011 [main] INFO  org.testng.internal.Utils - [Utils] MethodGroupsHelper.collectMethodsByGroup() took 0 ms.
13:35:34.012 [main] INFO  org.testng.internal.Utils - [Utils] MethodGroupsHelper.sortMethods() took 0 ms.
13:35:34.014 [main] INFO  org.testng.internal.Utils - [Utils] MethodGroupsHelper.collectMethodsByGroup() took 0 ms.
13:35:34.015 [main] INFO  org.testng.internal.Utils - [Utils] MethodGroupsHelper.sortMethods() took 0 ms.
13:35:34.015 [main] INFO  org.testng.internal.Utils - [Utils] MethodGroupsHelper.collectMethodsByGroup() took 0 ms.
13:35:34.016 [main] INFO  org.testng.internal.Utils - [Utils] MethodGroupsHelper.sortMethods() took 0 ms.
13:35:34.019 [main] INFO  org.testng.internal.Utils - [Utils] MethodGroupsHelper.collectMethodsByGroup() took 1 ms.
13:35:34.020 [main] INFO  org.testng.internal.Utils - [Utils] MethodGroupsHelper.sortMethods() took 1 ms.
13:35:34.022 [main] INFO  org.testng.internal.Utils - [Utils] MethodGroupsHelper.collectMethodsByGroup() took 0 ms.
13:35:34.023 [main] INFO  org.testng.internal.Utils - [Utils] MethodGroupsHelper.sortMethods() took 0 ms.
13:35:34.023 [main] INFO  org.testng.internal.Utils - [Utils] MethodGroupsHelper.collectMethodsByGroup() took 0 ms.
13:35:34.023 [main] INFO  org.testng.internal.Utils - [Utils] MethodGroupsHelper.sortMethods() took 0 ms.
13:35:34.034 [main] INFO  org.testng.internal.Utils - [TestNG] Running:
  D:\Testing\TheCapacity\docker-grid.xml

13:35:34.049 [main] INFO  org.testng.internal.Utils - [ThreadUtil] Starting executor timeOut:2147483647ms workers:1 threadPoolSize:5
13:35:34.648 [TestNG-tests-1] INFO  org.testng.internal.Utils - [Utils] DynamicGraphHelper.createDynamicGraph() took 9 ms.
13:35:34.727 [TestNG-tests-1] INFO  testCases.TC002_LoginTest - ===Starting Testing of Login Page===
13:35:34.829 [TestNG-tests-1] INFO  testCases.TC002_LoginTest - ===Entering email===
13:35:37.196 [main] INFO  org.testng.internal.Utils - [TestNG] Time taken by org.testng.internal.ExitCodeListener@691939c9: 0 ms
13:36:57.865 [main] WARN  org.testng.xml.TestNGContentHandler - It is strongly recommended to add "<!DOCTYPE suite SYSTEM "https://testng.org/testng-1.0.dtd" >" at the top of the suite file [D:\Testing\TheCapacity\docker-grid.xml] otherwise TestNG may fail or not work as expected.
13:36:58.418 [main] INFO  org.testng.internal.Utils - [Utils] MethodGroupsHelper.collectMethodsByGroup() took 1 ms.
13:36:58.428 [main] INFO  org.testng.internal.Utils - [Utils] MethodGroupsHelper.sortMethods() took 4 ms.
13:36:58.433 [main] INFO  org.testng.internal.Utils - [Utils] MethodGroupsHelper.collectMethodsByGroup() took 0 ms.
13:36:58.434 [main] INFO  org.testng.internal.Utils - [Utils] MethodGroupsHelper.sortMethods() took 0 ms.
13:36:58.436 [main] INFO  org.testng.internal.Utils - [Utils] MethodGroupsHelper.collectMethodsByGroup() took 0 ms.
13:36:58.437 [main] INFO  org.testng.internal.Utils - [Utils] MethodGroupsHelper.sortMethods() took 0 ms.
13:36:58.439 [main] INFO  org.testng.internal.Utils - [Utils] MethodGroupsHelper.collectMethodsByGroup() took 0 ms.
13:36:58.440 [main] INFO  org.testng.internal.Utils - [Utils] MethodGroupsHelper.sortMethods() took 0 ms.
13:36:58.448 [main] INFO  org.testng.internal.Utils - [Utils] MethodGroupsHelper.collectMethodsByGroup() took 6 ms.
13:36:58.478 [main] INFO  org.testng.internal.Utils - [Utils] MethodGroupsHelper.sortMethods() took 28 ms.
13:36:58.482 [main] INFO  org.testng.internal.Utils - [Utils] MethodGroupsHelper.collectMethodsByGroup() took 0 ms.
13:36:58.482 [main] INFO  org.testng.internal.Utils - [Utils] MethodGroupsHelper.sortMethods() took 0 ms.
13:36:58.484 [main] INFO  org.testng.internal.Utils - [Utils] MethodGroupsHelper.collectMethodsByGroup() took 0 ms.
13:36:58.484 [main] INFO  org.testng.internal.Utils - [Utils] MethodGroupsHelper.sortMethods() took 0 ms.
13:36:58.485 [main] INFO  org.testng.internal.Utils - [Utils] MethodGroupsHelper.collectMethodsByGroup() took 0 ms.
13:36:58.486 [main] INFO  org.testng.internal.Utils - [Utils] MethodGroupsHelper.sortMethods() took 0 ms.
13:36:58.493 [main] INFO  org.testng.internal.Utils - [Utils] MethodGroupsHelper.collectMethodsByGroup() took 0 ms.
13:36:58.494 [main] INFO  org.testng.internal.Utils - [Utils] MethodGroupsHelper.sortMethods() took 0 ms.
13:36:58.495 [main] INFO  org.testng.internal.Utils - [Utils] MethodGroupsHelper.collectMethodsByGroup() took 0 ms.
13:36:58.495 [main] INFO  org.testng.internal.Utils - [Utils] MethodGroupsHelper.sortMethods() took 0 ms.
13:36:58.498 [main] INFO  org.testng.internal.Utils - [Utils] MethodGroupsHelper.collectMethodsByGroup() took 0 ms.
13:36:58.498 [main] INFO  org.testng.internal.Utils - [Utils] MethodGroupsHelper.sortMethods() took 0 ms.
13:36:58.499 [main] INFO  org.testng.internal.Utils - [Utils] MethodGroupsHelper.collectMethodsByGroup() took 0 ms.
13:36:58.499 [main] INFO  org.testng.internal.Utils - [Utils] MethodGroupsHelper.sortMethods() took 0 ms.
13:36:58.501 [main] INFO  org.testng.internal.Utils - [Utils] MethodGroupsHelper.collectMethodsByGroup() took 1 ms.
13:36:58.502 [main] INFO  org.testng.internal.Utils - [Utils] MethodGroupsHelper.sortMethods() took 1 ms.
13:36:58.504 [main] INFO  org.testng.internal.Utils - [Utils] MethodGroupsHelper.collectMethodsByGroup() took 0 ms.
13:36:58.504 [main] INFO  org.testng.internal.Utils - [Utils] MethodGroupsHelper.sortMethods() took 0 ms.
13:36:58.505 [main] INFO  org.testng.internal.Utils - [Utils] MethodGroupsHelper.collectMethodsByGroup() took 0 ms.
13:36:58.505 [main] INFO  org.testng.internal.Utils - [Utils] MethodGroupsHelper.sortMethods() took 0 ms.
13:36:58.515 [main] INFO  org.testng.internal.Utils - [TestNG] Running:
  D:\Testing\TheCapacity\docker-grid.xml

13:36:58.528 [main] INFO  org.testng.internal.Utils - [ThreadUtil] Starting executor timeOut:2147483647ms workers:1 threadPoolSize:5
13:36:59.118 [TestNG-tests-1] INFO  org.testng.internal.Utils - [Utils] DynamicGraphHelper.createDynamicGraph() took 10 ms.
13:36:59.197 [TestNG-tests-1] INFO  testCases.TC002_LoginTest - ===Starting Testing of Login Page===
13:36:59.268 [TestNG-tests-1] INFO  testCases.TC002_LoginTest - ===Entering email===
13:37:01.293 [main] INFO  org.testng.internal.Utils - [TestNG] Time taken by org.testng.internal.ExitCodeListener@4748a0f9: 0 ms
13:45:41.643 [main] WARN  org.testng.xml.TestNGContentHandler - It is strongly recommended to add "<!DOCTYPE suite SYSTEM "https://testng.org/testng-1.0.dtd" >" at the top of the suite file [D:\Testing\TheCapacity\docker-grid.xml] otherwise TestNG may fail or not work as expected.
13:45:42.158 [main] INFO  org.testng.internal.Utils - [Utils] MethodGroupsHelper.collectMethodsByGroup() took 3 ms.
13:45:42.167 [main] INFO  org.testng.internal.Utils - [Utils] MethodGroupsHelper.sortMethods() took 4 ms.
13:45:42.170 [main] INFO  org.testng.internal.Utils - [Utils] MethodGroupsHelper.collectMethodsByGroup() took 0 ms.
13:45:42.170 [main] INFO  org.testng.internal.Utils - [Utils] MethodGroupsHelper.sortMethods() took 0 ms.
13:45:42.172 [main] INFO  org.testng.internal.Utils - [Utils] MethodGroupsHelper.collectMethodsByGroup() took 0 ms.
13:45:42.172 [main] INFO  org.testng.internal.Utils - [Utils] MethodGroupsHelper.sortMethods() took 0 ms.
13:45:42.176 [main] INFO  org.testng.internal.Utils - [Utils] MethodGroupsHelper.collectMethodsByGroup() took 0 ms.
13:45:42.176 [main] INFO  org.testng.internal.Utils - [Utils] MethodGroupsHelper.sortMethods() took 0 ms.
13:45:42.187 [main] INFO  org.testng.internal.Utils - [Utils] MethodGroupsHelper.collectMethodsByGroup() took 8 ms.
13:45:42.220 [main] INFO  org.testng.internal.Utils - [Utils] MethodGroupsHelper.sortMethods() took 32 ms.
13:45:42.222 [main] INFO  org.testng.internal.Utils - [Utils] MethodGroupsHelper.collectMethodsByGroup() took 0 ms.
13:45:42.222 [main] INFO  org.testng.internal.Utils - [Utils] MethodGroupsHelper.sortMethods() took 0 ms.
13:45:42.223 [main] INFO  org.testng.internal.Utils - [Utils] MethodGroupsHelper.collectMethodsByGroup() took 0 ms.
13:45:42.223 [main] INFO  org.testng.internal.Utils - [Utils] MethodGroupsHelper.sortMethods() took 0 ms.
13:45:42.225 [main] INFO  org.testng.internal.Utils - [Utils] MethodGroupsHelper.collectMethodsByGroup() took 0 ms.
13:45:42.225 [main] INFO  org.testng.internal.Utils - [Utils] MethodGroupsHelper.sortMethods() took 0 ms.
13:45:42.231 [main] INFO  org.testng.internal.Utils - [Utils] MethodGroupsHelper.collectMethodsByGroup() took 0 ms.
13:45:42.232 [main] INFO  org.testng.internal.Utils - [Utils] MethodGroupsHelper.sortMethods() took 0 ms.
13:45:42.233 [main] INFO  org.testng.internal.Utils - [Utils] MethodGroupsHelper.collectMethodsByGroup() took 0 ms.
13:45:42.234 [main] INFO  org.testng.internal.Utils - [Utils] MethodGroupsHelper.sortMethods() took 0 ms.
13:45:42.236 [main] INFO  org.testng.internal.Utils - [Utils] MethodGroupsHelper.collectMethodsByGroup() took 0 ms.
13:45:42.237 [main] INFO  org.testng.internal.Utils - [Utils] MethodGroupsHelper.sortMethods() took 0 ms.
13:45:42.237 [main] INFO  org.testng.internal.Utils - [Utils] MethodGroupsHelper.collectMethodsByGroup() took 0 ms.
13:45:42.238 [main] INFO  org.testng.internal.Utils - [Utils] MethodGroupsHelper.sortMethods() took 0 ms.
13:45:42.241 [main] INFO  org.testng.internal.Utils - [Utils] MethodGroupsHelper.collectMethodsByGroup() took 2 ms.
13:45:42.242 [main] INFO  org.testng.internal.Utils - [Utils] MethodGroupsHelper.sortMethods() took 0 ms.
13:45:42.243 [main] INFO  org.testng.internal.Utils - [Utils] MethodGroupsHelper.collectMethodsByGroup() took 0 ms.
13:45:42.243 [main] INFO  org.testng.internal.Utils - [Utils] MethodGroupsHelper.sortMethods() took 0 ms.
13:45:42.243 [main] INFO  org.testng.internal.Utils - [Utils] MethodGroupsHelper.collectMethodsByGroup() took 0 ms.
13:45:42.246 [main] INFO  org.testng.internal.Utils - [Utils] MethodGroupsHelper.sortMethods() took 0 ms.
13:45:42.256 [main] INFO  org.testng.internal.Utils - [TestNG] Running:
  D:\Testing\TheCapacity\docker-grid.xml

13:45:42.269 [main] INFO  org.testng.internal.Utils - [ThreadUtil] Starting executor timeOut:2147483647ms workers:1 threadPoolSize:5
13:45:43.406 [TestNG-tests-1] INFO  org.testng.internal.Utils - [Utils] DynamicGraphHelper.createDynamicGraph() took 10 ms.
13:45:43.635 [TestNG-tests-1] INFO  testCases.TC002_LoginTest - ===Starting Testing of Login Page===
13:45:43.740 [TestNG-tests-1] INFO  testCases.TC002_LoginTest - ===Entering email===
13:45:46.421 [main] INFO  org.testng.internal.Utils - [TestNG] Time taken by org.testng.internal.ExitCodeListener@61a88b8c: 0 ms
13:56:34.414 [main] WARN  org.testng.xml.TestNGContentHandler - It is strongly recommended to add "<!DOCTYPE suite SYSTEM "https://testng.org/testng-1.0.dtd" >" at the top of the suite file [D:\Testing\TheCapacity\docker-grid.xml] otherwise TestNG may fail or not work as expected.
13:56:34.844 [main] INFO  org.testng.internal.Utils - [Utils] MethodGroupsHelper.collectMethodsByGroup() took 0 ms.
13:56:34.847 [main] INFO  org.testng.internal.Utils - [Utils] MethodGroupsHelper.sortMethods() took 0 ms.
13:56:34.847 [main] INFO  org.testng.internal.Utils - [Utils] MethodGroupsHelper.collectMethodsByGroup() took 0 ms.
13:56:34.847 [main] INFO  org.testng.internal.Utils - [Utils] MethodGroupsHelper.sortMethods() took 0 ms.
13:56:34.847 [main] INFO  org.testng.internal.Utils - [Utils] MethodGroupsHelper.collectMethodsByGroup() took 0 ms.
13:56:34.857 [main] INFO  org.testng.internal.Utils - [Utils] MethodGroupsHelper.sortMethods() took 0 ms.
13:56:34.859 [main] INFO  org.testng.internal.Utils - [Utils] MethodGroupsHelper.collectMethodsByGroup() took 0 ms.
13:56:34.859 [main] INFO  org.testng.internal.Utils - [Utils] MethodGroupsHelper.sortMethods() took 0 ms.
13:56:34.869 [main] INFO  org.testng.internal.Utils - [Utils] MethodGroupsHelper.collectMethodsByGroup() took 9 ms.
13:56:34.895 [main] INFO  org.testng.internal.Utils - [Utils] MethodGroupsHelper.sortMethods() took 25 ms.
13:56:34.897 [main] INFO  org.testng.internal.Utils - [Utils] MethodGroupsHelper.collectMethodsByGroup() took 0 ms.
13:56:34.899 [main] INFO  org.testng.internal.Utils - [Utils] MethodGroupsHelper.sortMethods() took 0 ms.
13:56:34.902 [main] INFO  org.testng.internal.Utils - [Utils] MethodGroupsHelper.collectMethodsByGroup() took 0 ms.
13:56:34.902 [main] INFO  org.testng.internal.Utils - [Utils] MethodGroupsHelper.sortMethods() took 0 ms.
13:56:34.902 [main] INFO  org.testng.internal.Utils - [Utils] MethodGroupsHelper.collectMethodsByGroup() took 0 ms.
13:56:34.902 [main] INFO  org.testng.internal.Utils - [Utils] MethodGroupsHelper.sortMethods() took 0 ms.
13:56:34.912 [main] INFO  org.testng.internal.Utils - [Utils] MethodGroupsHelper.collectMethodsByGroup() took 0 ms.
13:56:34.912 [main] INFO  org.testng.internal.Utils - [Utils] MethodGroupsHelper.sortMethods() took 0 ms.
13:56:34.912 [main] INFO  org.testng.internal.Utils - [Utils] MethodGroupsHelper.collectMethodsByGroup() took 0 ms.
13:56:34.912 [main] INFO  org.testng.internal.Utils - [Utils] MethodGroupsHelper.sortMethods() took 0 ms.
13:56:34.917 [main] INFO  org.testng.internal.Utils - [Utils] MethodGroupsHelper.collectMethodsByGroup() took 0 ms.
13:56:34.917 [main] INFO  org.testng.internal.Utils - [Utils] MethodGroupsHelper.sortMethods() took 0 ms.
13:56:34.919 [main] INFO  org.testng.internal.Utils - [Utils] MethodGroupsHelper.collectMethodsByGroup() took 0 ms.
13:56:34.919 [main] INFO  org.testng.internal.Utils - [Utils] MethodGroupsHelper.sortMethods() took 0 ms.
13:56:34.922 [main] INFO  org.testng.internal.Utils - [Utils] MethodGroupsHelper.collectMethodsByGroup() took 0 ms.
13:56:34.923 [main] INFO  org.testng.internal.Utils - [Utils] MethodGroupsHelper.sortMethods() took 1 ms.
13:56:34.923 [main] INFO  org.testng.internal.Utils - [Utils] MethodGroupsHelper.collectMethodsByGroup() took 0 ms.
13:56:34.923 [main] INFO  org.testng.internal.Utils - [Utils] MethodGroupsHelper.sortMethods() took 0 ms.
13:56:34.928 [main] INFO  org.testng.internal.Utils - [Utils] MethodGroupsHelper.collectMethodsByGroup() took 0 ms.
13:56:34.928 [main] INFO  org.testng.internal.Utils - [Utils] MethodGroupsHelper.sortMethods() took 0 ms.
13:56:34.938 [main] INFO  org.testng.internal.Utils - [TestNG] Running:
  D:\Testing\TheCapacity\docker-grid.xml

13:56:34.953 [main] INFO  org.testng.internal.Utils - [ThreadUtil] Starting executor timeOut:2147483647ms workers:1 threadPoolSize:5
13:56:35.433 [TestNG-tests-1] INFO  org.testng.internal.Utils - [Utils] DynamicGraphHelper.createDynamicGraph() took 7 ms.
13:56:35.500 [TestNG-tests-1] INFO  testCases.TC002_LoginTest - ===Starting Testing of Login Page===
13:56:35.549 [TestNG-tests-1] INFO  testCases.TC002_LoginTest - ===Entering email===
13:56:37.916 [main] INFO  org.testng.internal.Utils - [TestNG] Time taken by org.testng.internal.ExitCodeListener@53dbe163: 0 ms
13:58:01.941 [main] WARN  org.testng.xml.TestNGContentHandler - It is strongly recommended to add "<!DOCTYPE suite SYSTEM "https://testng.org/testng-1.0.dtd" >" at the top of the suite file [D:\Testing\TheCapacity\docker-grid.xml] otherwise TestNG may fail or not work as expected.
13:58:02.547 [main] INFO  org.testng.internal.Utils - [Utils] MethodGroupsHelper.collectMethodsByGroup() took 1 ms.
13:58:02.552 [main] INFO  org.testng.internal.Utils - [Utils] MethodGroupsHelper.sortMethods() took 1 ms.
13:58:02.556 [main] INFO  org.testng.internal.Utils - [Utils] MethodGroupsHelper.collectMethodsByGroup() took 0 ms.
13:58:02.557 [main] INFO  org.testng.internal.Utils - [Utils] MethodGroupsHelper.sortMethods() took 0 ms.
13:58:02.560 [main] INFO  org.testng.internal.Utils - [Utils] MethodGroupsHelper.collectMethodsByGroup() took 0 ms.
13:58:02.561 [main] INFO  org.testng.internal.Utils - [Utils] MethodGroupsHelper.sortMethods() took 0 ms.
13:58:02.568 [main] INFO  org.testng.internal.Utils - [Utils] MethodGroupsHelper.collectMethodsByGroup() took 0 ms.
13:58:02.569 [main] INFO  org.testng.internal.Utils - [Utils] MethodGroupsHelper.sortMethods() took 0 ms.
13:58:02.583 [main] INFO  org.testng.internal.Utils - [Utils] MethodGroupsHelper.collectMethodsByGroup() took 9 ms.
13:58:02.638 [main] INFO  org.testng.internal.Utils - [Utils] MethodGroupsHelper.sortMethods() took 53 ms.
13:58:02.640 [main] INFO  org.testng.internal.Utils - [Utils] MethodGroupsHelper.collectMethodsByGroup() took 0 ms.
13:58:02.641 [main] INFO  org.testng.internal.Utils - [Utils] MethodGroupsHelper.sortMethods() took 0 ms.
13:58:02.642 [main] INFO  org.testng.internal.Utils - [Utils] MethodGroupsHelper.collectMethodsByGroup() took 0 ms.
13:58:02.643 [main] INFO  org.testng.internal.Utils - [Utils] MethodGroupsHelper.sortMethods() took 0 ms.
13:58:02.645 [main] INFO  org.testng.internal.Utils - [Utils] MethodGroupsHelper.collectMethodsByGroup() took 0 ms.
13:58:02.647 [main] INFO  org.testng.internal.Utils - [Utils] MethodGroupsHelper.sortMethods() took 0 ms.
13:58:02.654 [main] INFO  org.testng.internal.Utils - [Utils] MethodGroupsHelper.collectMethodsByGroup() took 0 ms.
13:58:02.655 [main] INFO  org.testng.internal.Utils - [Utils] MethodGroupsHelper.sortMethods() took 0 ms.
13:58:02.669 [main] INFO  org.testng.internal.Utils - [Utils] MethodGroupsHelper.collectMethodsByGroup() took 0 ms.
13:58:02.671 [main] INFO  org.testng.internal.Utils - [Utils] MethodGroupsHelper.sortMethods() took 0 ms.
13:58:02.679 [main] INFO  org.testng.internal.Utils - [Utils] MethodGroupsHelper.collectMethodsByGroup() took 0 ms.
13:58:02.681 [main] INFO  org.testng.internal.Utils - [Utils] MethodGroupsHelper.sortMethods() took 0 ms.
13:58:02.682 [main] INFO  org.testng.internal.Utils - [Utils] MethodGroupsHelper.collectMethodsByGroup() took 0 ms.
13:58:02.683 [main] INFO  org.testng.internal.Utils - [Utils] MethodGroupsHelper.sortMethods() took 0 ms.
13:58:02.686 [main] INFO  org.testng.internal.Utils - [Utils] MethodGroupsHelper.collectMethodsByGroup() took 0 ms.
13:58:02.688 [main] INFO  org.testng.internal.Utils - [Utils] MethodGroupsHelper.sortMethods() took 0 ms.
13:58:02.691 [main] INFO  org.testng.internal.Utils - [Utils] MethodGroupsHelper.collectMethodsByGroup() took 0 ms.
13:58:02.692 [main] INFO  org.testng.internal.Utils - [Utils] MethodGroupsHelper.sortMethods() took 0 ms.
13:58:02.692 [main] INFO  org.testng.internal.Utils - [Utils] MethodGroupsHelper.collectMethodsByGroup() took 0 ms.
13:58:02.693 [main] INFO  org.testng.internal.Utils - [Utils] MethodGroupsHelper.sortMethods() took 0 ms.
13:58:02.712 [main] INFO  org.testng.internal.Utils - [TestNG] Running:
  D:\Testing\TheCapacity\docker-grid.xml

13:58:02.741 [main] INFO  org.testng.internal.Utils - [ThreadUtil] Starting executor timeOut:2147483647ms workers:1 threadPoolSize:5
13:58:03.458 [TestNG-tests-1] INFO  org.testng.internal.Utils - [Utils] DynamicGraphHelper.createDynamicGraph() took 5 ms.
13:58:03.535 [TestNG-tests-1] INFO  testCases.TC002_LoginTest - ===Starting Testing of Login Page===
13:58:03.584 [TestNG-tests-1] INFO  testCases.TC002_LoginTest - ===Entering email===
13:58:05.597 [main] INFO  org.testng.internal.Utils - [TestNG] Time taken by org.testng.internal.ExitCodeListener@31bcf236: 0 ms
13:59:08.534 [main] WARN  org.testng.xml.TestNGContentHandler - It is strongly recommended to add "<!DOCTYPE suite SYSTEM "https://testng.org/testng-1.0.dtd" >" at the top of the suite file [D:\Testing\TheCapacity\testCases.xml] otherwise TestNG may fail or not work as expected.
13:59:09.058 [main] INFO  org.testng.internal.Utils - [Utils] MethodGroupsHelper.collectMethodsByGroup() took 1 ms.
13:59:09.065 [main] INFO  org.testng.internal.Utils - [Utils] MethodGroupsHelper.sortMethods() took 2 ms.
13:59:09.065 [main] INFO  org.testng.internal.Utils - [Utils] MethodGroupsHelper.collectMethodsByGroup() took 0 ms.
13:59:09.065 [main] INFO  org.testng.internal.Utils - [Utils] MethodGroupsHelper.sortMethods() took 0 ms.
13:59:09.070 [main] INFO  org.testng.internal.Utils - [Utils] MethodGroupsHelper.collectMethodsByGroup() took 0 ms.
13:59:09.070 [main] INFO  org.testng.internal.Utils - [Utils] MethodGroupsHelper.sortMethods() took 0 ms.
13:59:09.070 [main] INFO  org.testng.internal.Utils - [Utils] MethodGroupsHelper.collectMethodsByGroup() took 0 ms.
13:59:09.070 [main] INFO  org.testng.internal.Utils - [Utils] MethodGroupsHelper.sortMethods() took 0 ms.
13:59:09.080 [main] INFO  org.testng.internal.Utils - [Utils] MethodGroupsHelper.collectMethodsByGroup() took 6 ms.
13:59:09.121 [main] INFO  org.testng.internal.Utils - [Utils] MethodGroupsHelper.sortMethods() took 41 ms.
13:59:09.121 [main] INFO  org.testng.internal.Utils - [Utils] MethodGroupsHelper.collectMethodsByGroup() took 0 ms.
13:59:09.121 [main] INFO  org.testng.internal.Utils - [Utils] MethodGroupsHelper.sortMethods() took 0 ms.
13:59:09.126 [main] INFO  org.testng.internal.Utils - [Utils] MethodGroupsHelper.collectMethodsByGroup() took 0 ms.
13:59:09.126 [main] INFO  org.testng.internal.Utils - [Utils] MethodGroupsHelper.sortMethods() took 0 ms.
13:59:09.128 [main] INFO  org.testng.internal.Utils - [Utils] MethodGroupsHelper.collectMethodsByGroup() took 0 ms.
13:59:09.128 [main] INFO  org.testng.internal.Utils - [Utils] MethodGroupsHelper.sortMethods() took 0 ms.
13:59:09.137 [main] INFO  org.testng.internal.Utils - [Utils] MethodGroupsHelper.collectMethodsByGroup() took 0 ms.
13:59:09.137 [main] INFO  org.testng.internal.Utils - [Utils] MethodGroupsHelper.sortMethods() took 0 ms.
13:59:09.138 [main] INFO  org.testng.internal.Utils - [Utils] MethodGroupsHelper.collectMethodsByGroup() took 0 ms.
13:59:09.138 [main] INFO  org.testng.internal.Utils - [Utils] MethodGroupsHelper.sortMethods() took 0 ms.
13:59:09.141 [main] INFO  org.testng.internal.Utils - [Utils] MethodGroupsHelper.collectMethodsByGroup() took 0 ms.
13:59:09.141 [main] INFO  org.testng.internal.Utils - [Utils] MethodGroupsHelper.sortMethods() took 0 ms.
13:59:09.141 [main] INFO  org.testng.internal.Utils - [Utils] MethodGroupsHelper.collectMethodsByGroup() took 0 ms.
13:59:09.143 [main] INFO  org.testng.internal.Utils - [Utils] MethodGroupsHelper.sortMethods() took 0 ms.
13:59:09.143 [main] INFO  org.testng.internal.Utils - [Utils] MethodGroupsHelper.collectMethodsByGroup() took 0 ms.
13:59:09.143 [main] INFO  org.testng.internal.Utils - [Utils] MethodGroupsHelper.sortMethods() took 0 ms.
13:59:09.149 [main] INFO  org.testng.internal.Utils - [Utils] MethodGroupsHelper.collectMethodsByGroup() took 0 ms.
13:59:09.149 [main] INFO  org.testng.internal.Utils - [Utils] MethodGroupsHelper.sortMethods() took 0 ms.
13:59:09.149 [main] INFO  org.testng.internal.Utils - [Utils] MethodGroupsHelper.collectMethodsByGroup() took 0 ms.
13:59:09.149 [main] INFO  org.testng.internal.Utils - [Utils] MethodGroupsHelper.sortMethods() took 0 ms.
13:59:09.157 [main] INFO  org.testng.internal.Utils - [TestNG] Running:
  D:\Testing\TheCapacity\testCases.xml

13:59:09.169 [main] INFO  org.testng.internal.Utils - [ThreadUtil] Starting executor timeOut:2147483647ms workers:1 threadPoolSize:5
13:59:09.693 [TestNG-tests-1] INFO  org.testng.internal.Utils - [Utils] DynamicGraphHelper.createDynamicGraph() took 1 ms.
13:59:15.792 [TestNG-tests-1] INFO  testCases.TC005_SingleSelectQuestionType - Entering email
13:59:17.334 [TestNG-tests-1] INFO  testCases.TC005_SingleSelectQuestionType - Entering password
13:59:17.507 [TestNG-tests-1] INFO  testCases.TC005_SingleSelectQuestionType - Clicking Sign In button
13:59:17.624 [TestNG-tests-1] INFO  testCases.TC005_SingleSelectQuestionType - Navigating to Survey Listing page
13:59:21.477 [TestNG-tests-1] INFO  testCases.TC005_SingleSelectQuestionType - Clicking survey code button
13:59:23.626 [TestNG-tests-1] INFO  testCases.TC005_SingleSelectQuestionType - Survey code button clicked successfully
13:59:24.288 [TestNG-tests-1] INFO  testCases.TC005_SingleSelectQuestionType - Survey Programming option selected successfully
13:59:27.776 [main] INFO  org.testng.internal.Utils - [TestNG] Time taken by org.testng.internal.ExitCodeListener@33fe57a9: 0 ms
13:59:58.443 [main] WARN  org.testng.xml.TestNGContentHandler - It is strongly recommended to add "<!DOCTYPE suite SYSTEM "https://testng.org/testng-1.0.dtd" >" at the top of the suite file [D:\Testing\TheCapacity\testCases.xml] otherwise TestNG may fail or not work as expected.
13:59:58.863 [main] INFO  org.testng.internal.Utils - [Utils] MethodGroupsHelper.collectMethodsByGroup() took 10 ms.
13:59:58.872 [main] INFO  org.testng.internal.Utils - [Utils] MethodGroupsHelper.sortMethods() took 0 ms.
13:59:58.872 [main] INFO  org.testng.internal.Utils - [Utils] MethodGroupsHelper.collectMethodsByGroup() took 0 ms.
13:59:58.872 [main] INFO  org.testng.internal.Utils - [Utils] MethodGroupsHelper.sortMethods() took 0 ms.
13:59:58.884 [main] INFO  org.testng.internal.Utils - [Utils] MethodGroupsHelper.collectMethodsByGroup() took 0 ms.
13:59:58.884 [main] INFO  org.testng.internal.Utils - [Utils] MethodGroupsHelper.sortMethods() took 0 ms.
13:59:58.885 [main] INFO  org.testng.internal.Utils - [Utils] MethodGroupsHelper.collectMethodsByGroup() took 0 ms.
13:59:58.885 [main] INFO  org.testng.internal.Utils - [Utils] MethodGroupsHelper.sortMethods() took 0 ms.
13:59:58.894 [main] INFO  org.testng.internal.Utils - [Utils] MethodGroupsHelper.collectMethodsByGroup() took 9 ms.
13:59:58.916 [main] INFO  org.testng.internal.Utils - [Utils] MethodGroupsHelper.sortMethods() took 21 ms.
13:59:58.916 [main] INFO  org.testng.internal.Utils - [Utils] MethodGroupsHelper.collectMethodsByGroup() took 0 ms.
13:59:58.916 [main] INFO  org.testng.internal.Utils - [Utils] MethodGroupsHelper.sortMethods() took 0 ms.
13:59:58.926 [main] INFO  org.testng.internal.Utils - [Utils] MethodGroupsHelper.collectMethodsByGroup() took 0 ms.
13:59:58.926 [main] INFO  org.testng.internal.Utils - [Utils] MethodGroupsHelper.sortMethods() took 0 ms.
13:59:58.926 [main] INFO  org.testng.internal.Utils - [Utils] MethodGroupsHelper.collectMethodsByGroup() took 0 ms.
13:59:58.926 [main] INFO  org.testng.internal.Utils - [Utils] MethodGroupsHelper.sortMethods() took 0 ms.
13:59:58.926 [main] INFO  org.testng.internal.Utils - [Utils] MethodGroupsHelper.collectMethodsByGroup() took 0 ms.
13:59:58.926 [main] INFO  org.testng.internal.Utils - [Utils] MethodGroupsHelper.sortMethods() took 0 ms.
13:59:58.936 [main] INFO  org.testng.internal.Utils - [Utils] MethodGroupsHelper.collectMethodsByGroup() took 0 ms.
13:59:58.936 [main] INFO  org.testng.internal.Utils - [Utils] MethodGroupsHelper.sortMethods() took 0 ms.
13:59:58.937 [main] INFO  org.testng.internal.Utils - [Utils] MethodGroupsHelper.collectMethodsByGroup() took 0 ms.
13:59:58.937 [main] INFO  org.testng.internal.Utils - [Utils] MethodGroupsHelper.sortMethods() took 0 ms.
13:59:58.937 [main] INFO  org.testng.internal.Utils - [Utils] MethodGroupsHelper.collectMethodsByGroup() took 0 ms.
13:59:58.937 [main] INFO  org.testng.internal.Utils - [Utils] MethodGroupsHelper.sortMethods() took 0 ms.
13:59:58.937 [main] INFO  org.testng.internal.Utils - [Utils] MethodGroupsHelper.collectMethodsByGroup() took 0 ms.
13:59:58.937 [main] INFO  org.testng.internal.Utils - [Utils] MethodGroupsHelper.sortMethods() took 0 ms.
13:59:58.937 [main] INFO  org.testng.internal.Utils - [Utils] MethodGroupsHelper.collectMethodsByGroup() took 0 ms.
13:59:58.937 [main] INFO  org.testng.internal.Utils - [Utils] MethodGroupsHelper.sortMethods() took 0 ms.
13:59:58.946 [main] INFO  org.testng.internal.Utils - [Utils] MethodGroupsHelper.collectMethodsByGroup() took 0 ms.
13:59:58.946 [main] INFO  org.testng.internal.Utils - [Utils] MethodGroupsHelper.sortMethods() took 0 ms.
13:59:58.946 [main] INFO  org.testng.internal.Utils - [TestNG] Running:
  D:\Testing\TheCapacity\testCases.xml

13:59:58.967 [main] INFO  org.testng.internal.Utils - [ThreadUtil] Starting executor timeOut:2147483647ms workers:1 threadPoolSize:5
13:59:59.708 [TestNG-tests-1] INFO  org.testng.internal.Utils - [Utils] DynamicGraphHelper.createDynamicGraph() took 12 ms.
14:00:05.270 [TestNG-tests-1] INFO  testCases.TC002_LoginTest - ===Starting Testing of Login Page===
14:00:05.326 [TestNG-tests-1] INFO  testCases.TC002_LoginTest - ===Entering email===
14:00:06.203 [TestNG-tests-1] INFO  testCases.TC002_LoginTest - ===Entering password===
14:00:10.916 [TestNG-tests-1] INFO  testCases.TC002_LoginTest - ===Sign in successfully===
14:00:12.832 [main] INFO  org.testng.internal.Utils - [TestNG] Time taken by org.testng.internal.ExitCodeListener@6ee6f53: 0 ms
14:00:34.750 [main] WARN  org.testng.xml.TestNGContentHandler - It is strongly recommended to add "<!DOCTYPE suite SYSTEM "https://testng.org/testng-1.0.dtd" >" at the top of the suite file [D:\Testing\TheCapacity\docker-grid.xml] otherwise TestNG may fail or not work as expected.
14:00:35.174 [main] INFO  org.testng.internal.Utils - [Utils] MethodGroupsHelper.collectMethodsByGroup() took 9 ms.
14:00:35.185 [main] INFO  org.testng.internal.Utils - [Utils] MethodGroupsHelper.sortMethods() took 0 ms.
14:00:35.185 [main] INFO  org.testng.internal.Utils - [Utils] MethodGroupsHelper.collectMethodsByGroup() took 0 ms.
14:00:35.185 [main] INFO  org.testng.internal.Utils - [Utils] MethodGroupsHelper.sortMethods() took 0 ms.
14:00:35.185 [main] INFO  org.testng.internal.Utils - [Utils] MethodGroupsHelper.collectMethodsByGroup() took 0 ms.
14:00:35.195 [main] INFO  org.testng.internal.Utils - [Utils] MethodGroupsHelper.sortMethods() took 0 ms.
14:00:35.195 [main] INFO  org.testng.internal.Utils - [Utils] MethodGroupsHelper.collectMethodsByGroup() took 0 ms.
14:00:35.195 [main] INFO  org.testng.internal.Utils - [Utils] MethodGroupsHelper.sortMethods() took 0 ms.
14:00:35.195 [main] INFO  org.testng.internal.Utils - [Utils] MethodGroupsHelper.collectMethodsByGroup() took 0 ms.
14:00:35.226 [main] INFO  org.testng.internal.Utils - [Utils] MethodGroupsHelper.sortMethods() took 30 ms.
14:00:35.226 [main] INFO  org.testng.internal.Utils - [Utils] MethodGroupsHelper.collectMethodsByGroup() took 0 ms.
14:00:35.226 [main] INFO  org.testng.internal.Utils - [Utils] MethodGroupsHelper.sortMethods() took 0 ms.
14:00:35.226 [main] INFO  org.testng.internal.Utils - [Utils] MethodGroupsHelper.collectMethodsByGroup() took 0 ms.
14:00:35.226 [main] INFO  org.testng.internal.Utils - [Utils] MethodGroupsHelper.sortMethods() took 0 ms.
14:00:35.226 [main] INFO  org.testng.internal.Utils - [Utils] MethodGroupsHelper.collectMethodsByGroup() took 0 ms.
14:00:35.236 [main] INFO  org.testng.internal.Utils - [Utils] MethodGroupsHelper.sortMethods() took 0 ms.
14:00:35.238 [main] INFO  org.testng.internal.Utils - [Utils] MethodGroupsHelper.collectMethodsByGroup() took 0 ms.
14:00:35.238 [main] INFO  org.testng.internal.Utils - [Utils] MethodGroupsHelper.sortMethods() took 0 ms.
14:00:35.238 [main] INFO  org.testng.internal.Utils - [Utils] MethodGroupsHelper.collectMethodsByGroup() took 0 ms.
14:00:35.238 [main] INFO  org.testng.internal.Utils - [Utils] MethodGroupsHelper.sortMethods() took 0 ms.
14:00:35.249 [main] INFO  org.testng.internal.Utils - [Utils] MethodGroupsHelper.collectMethodsByGroup() took 0 ms.
14:00:35.249 [main] INFO  org.testng.internal.Utils - [Utils] MethodGroupsHelper.sortMethods() took 0 ms.
14:00:35.249 [main] INFO  org.testng.internal.Utils - [Utils] MethodGroupsHelper.collectMethodsByGroup() took 0 ms.
14:00:35.249 [main] INFO  org.testng.internal.Utils - [Utils] MethodGroupsHelper.sortMethods() took 0 ms.
14:00:35.249 [main] INFO  org.testng.internal.Utils - [Utils] MethodGroupsHelper.collectMethodsByGroup() took 0 ms.
14:00:35.249 [main] INFO  org.testng.internal.Utils - [Utils] MethodGroupsHelper.sortMethods() took 0 ms.
14:00:35.249 [main] INFO  org.testng.internal.Utils - [Utils] MethodGroupsHelper.collectMethodsByGroup() took 0 ms.
14:00:35.249 [main] INFO  org.testng.internal.Utils - [Utils] MethodGroupsHelper.sortMethods() took 0 ms.
14:00:35.249 [main] INFO  org.testng.internal.Utils - [Utils] MethodGroupsHelper.collectMethodsByGroup() took 0 ms.
14:00:35.249 [main] INFO  org.testng.internal.Utils - [Utils] MethodGroupsHelper.sortMethods() took 0 ms.
14:00:35.269 [main] INFO  org.testng.internal.Utils - [TestNG] Running:
  D:\Testing\TheCapacity\docker-grid.xml

14:00:35.285 [main] INFO  org.testng.internal.Utils - [ThreadUtil] Starting executor timeOut:2147483647ms workers:1 threadPoolSize:5
14:00:35.865 [TestNG-tests-1] INFO  org.testng.internal.Utils - [Utils] DynamicGraphHelper.createDynamicGraph() took 10 ms.
14:00:41.571 [TestNG-tests-1] INFO  testCases.TC002_LoginTest - ===Starting Testing of Login Page===
14:00:41.655 [TestNG-tests-1] INFO  testCases.TC002_LoginTest - ===Entering email===
14:00:42.465 [TestNG-tests-1] INFO  testCases.TC002_LoginTest - ===Entering password===
14:00:47.427 [TestNG-tests-1] INFO  testCases.TC002_LoginTest - ===Sign in successfully===
14:00:49.661 [main] INFO  org.testng.internal.Utils - [TestNG] Time taken by org.testng.internal.ExitCodeListener@18a136ac: 0 ms
14:01:20.563 [main] WARN  org.testng.xml.TestNGContentHandler - It is strongly recommended to add "<!DOCTYPE suite SYSTEM "https://testng.org/testng-1.0.dtd" >" at the top of the suite file [D:\Testing\TheCapacity\docker-grid.xml] otherwise TestNG may fail or not work as expected.
14:01:21.417 [main] INFO  org.testng.internal.Utils - [Utils] MethodGroupsHelper.collectMethodsByGroup() took 83 ms.
14:01:21.429 [main] INFO  org.testng.internal.Utils - [Utils] MethodGroupsHelper.sortMethods() took 4 ms.
14:01:21.432 [main] INFO  org.testng.internal.Utils - [Utils] MethodGroupsHelper.collectMethodsByGroup() took 0 ms.
14:01:21.433 [main] INFO  org.testng.internal.Utils - [Utils] MethodGroupsHelper.sortMethods() took 0 ms.
14:01:21.434 [main] INFO  org.testng.internal.Utils - [Utils] MethodGroupsHelper.collectMethodsByGroup() took 0 ms.
14:01:21.435 [main] INFO  org.testng.internal.Utils - [Utils] MethodGroupsHelper.sortMethods() took 0 ms.
14:01:21.436 [main] INFO  org.testng.internal.Utils - [Utils] MethodGroupsHelper.collectMethodsByGroup() took 0 ms.
14:01:21.436 [main] INFO  org.testng.internal.Utils - [Utils] MethodGroupsHelper.sortMethods() took 0 ms.
14:01:21.449 [main] INFO  org.testng.internal.Utils - [Utils] MethodGroupsHelper.collectMethodsByGroup() took 10 ms.
14:01:21.572 [main] INFO  org.testng.internal.Utils - [Utils] MethodGroupsHelper.sortMethods() took 122 ms.
14:01:21.575 [main] INFO  org.testng.internal.Utils - [Utils] MethodGroupsHelper.collectMethodsByGroup() took 0 ms.
14:01:21.575 [main] INFO  org.testng.internal.Utils - [Utils] MethodGroupsHelper.sortMethods() took 0 ms.
14:01:21.576 [main] INFO  org.testng.internal.Utils - [Utils] MethodGroupsHelper.collectMethodsByGroup() took 0 ms.
14:01:21.576 [main] INFO  org.testng.internal.Utils - [Utils] MethodGroupsHelper.sortMethods() took 0 ms.
14:01:21.577 [main] INFO  org.testng.internal.Utils - [Utils] MethodGroupsHelper.collectMethodsByGroup() took 0 ms.
14:01:21.578 [main] INFO  org.testng.internal.Utils - [Utils] MethodGroupsHelper.sortMethods() took 0 ms.
14:01:21.653 [main] INFO  org.testng.internal.Utils - [Utils] MethodGroupsHelper.collectMethodsByGroup() took 0 ms.
14:01:21.653 [main] INFO  org.testng.internal.Utils - [Utils] MethodGroupsHelper.sortMethods() took 0 ms.
14:01:21.655 [main] INFO  org.testng.internal.Utils - [Utils] MethodGroupsHelper.collectMethodsByGroup() took 0 ms.
14:01:21.655 [main] INFO  org.testng.internal.Utils - [Utils] MethodGroupsHelper.sortMethods() took 0 ms.
14:01:21.658 [main] INFO  org.testng.internal.Utils - [Utils] MethodGroupsHelper.collectMethodsByGroup() took 0 ms.
14:01:21.659 [main] INFO  org.testng.internal.Utils - [Utils] MethodGroupsHelper.sortMethods() took 0 ms.
14:01:21.660 [main] INFO  org.testng.internal.Utils - [Utils] MethodGroupsHelper.collectMethodsByGroup() took 0 ms.
14:01:21.660 [main] INFO  org.testng.internal.Utils - [Utils] MethodGroupsHelper.sortMethods() took 0 ms.
14:01:21.662 [main] INFO  org.testng.internal.Utils - [Utils] MethodGroupsHelper.collectMethodsByGroup() took 0 ms.
14:01:21.663 [main] INFO  org.testng.internal.Utils - [Utils] MethodGroupsHelper.sortMethods() took 0 ms.
14:01:21.666 [main] INFO  org.testng.internal.Utils - [Utils] MethodGroupsHelper.collectMethodsByGroup() took 0 ms.
14:01:21.667 [main] INFO  org.testng.internal.Utils - [Utils] MethodGroupsHelper.sortMethods() took 0 ms.
14:01:21.667 [main] INFO  org.testng.internal.Utils - [Utils] MethodGroupsHelper.collectMethodsByGroup() took 0 ms.
14:01:21.667 [main] INFO  org.testng.internal.Utils - [Utils] MethodGroupsHelper.sortMethods() took 0 ms.
14:01:21.679 [main] INFO  org.testng.internal.Utils - [TestNG] Running:
  D:\Testing\TheCapacity\docker-grid.xml

14:01:21.756 [main] INFO  org.testng.internal.Utils - [ThreadUtil] Starting executor timeOut:2147483647ms workers:1 threadPoolSize:5
14:01:23.249 [TestNG-tests-1] INFO  org.testng.internal.Utils - [Utils] DynamicGraphHelper.createDynamicGraph() took 38 ms.
14:01:29.588 [TestNG-tests-1] INFO  testCases.TC002_LoginTest - ===Starting Testing of Login Page===
14:01:29.630 [TestNG-tests-1] INFO  testCases.TC002_LoginTest - ===Entering email===
14:01:30.801 [TestNG-tests-1] INFO  testCases.TC002_LoginTest - ===Entering password===
14:01:35.098 [TestNG-tests-1] INFO  testCases.TC002_LoginTest - ===Sign in successfully===
14:01:37.223 [main] INFO  org.testng.internal.Utils - [TestNG] Time taken by org.testng.internal.ExitCodeListener@46dffdc3: 0 ms
14:03:14.377 [main] WARN  org.testng.xml.TestNGContentHandler - It is strongly recommended to add "<!DOCTYPE suite SYSTEM "https://testng.org/testng-1.0.dtd" >" at the top of the suite file [D:\Testing\TheCapacity\testCases.xml] otherwise TestNG may fail or not work as expected.
14:03:14.826 [main] INFO  org.testng.internal.Utils - [Utils] MethodGroupsHelper.collectMethodsByGroup() took 1 ms.
14:03:14.832 [main] INFO  org.testng.internal.Utils - [Utils] MethodGroupsHelper.sortMethods() took 3 ms.
14:03:14.836 [main] INFO  org.testng.internal.Utils - [Utils] MethodGroupsHelper.collectMethodsByGroup() took 0 ms.
14:03:14.837 [main] INFO  org.testng.internal.Utils - [Utils] MethodGroupsHelper.sortMethods() took 0 ms.
14:03:14.838 [main] INFO  org.testng.internal.Utils - [Utils] MethodGroupsHelper.collectMethodsByGroup() took 0 ms.
14:03:14.839 [main] INFO  org.testng.internal.Utils - [Utils] MethodGroupsHelper.sortMethods() took 0 ms.
14:03:14.840 [main] INFO  org.testng.internal.Utils - [Utils] MethodGroupsHelper.collectMethodsByGroup() took 0 ms.
14:03:14.840 [main] INFO  org.testng.internal.Utils - [Utils] MethodGroupsHelper.sortMethods() took 0 ms.
14:03:14.848 [main] INFO  org.testng.internal.Utils - [Utils] MethodGroupsHelper.collectMethodsByGroup() took 5 ms.
14:03:14.874 [main] INFO  org.testng.internal.Utils - [Utils] MethodGroupsHelper.sortMethods() took 26 ms.
14:03:14.876 [main] INFO  org.testng.internal.Utils - [Utils] MethodGroupsHelper.collectMethodsByGroup() took 0 ms.
14:03:14.876 [main] INFO  org.testng.internal.Utils - [Utils] MethodGroupsHelper.sortMethods() took 0 ms.
14:03:14.876 [main] INFO  org.testng.internal.Utils - [Utils] MethodGroupsHelper.collectMethodsByGroup() took 0 ms.
14:03:14.878 [main] INFO  org.testng.internal.Utils - [Utils] MethodGroupsHelper.sortMethods() took 0 ms.
14:03:14.878 [main] INFO  org.testng.internal.Utils - [Utils] MethodGroupsHelper.collectMethodsByGroup() took 0 ms.
14:03:14.878 [main] INFO  org.testng.internal.Utils - [Utils] MethodGroupsHelper.sortMethods() took 0 ms.
14:03:14.884 [main] INFO  org.testng.internal.Utils - [Utils] MethodGroupsHelper.collectMethodsByGroup() took 0 ms.
14:03:14.884 [main] INFO  org.testng.internal.Utils - [Utils] MethodGroupsHelper.sortMethods() took 0 ms.
14:03:14.886 [main] INFO  org.testng.internal.Utils - [Utils] MethodGroupsHelper.collectMethodsByGroup() took 0 ms.
14:03:14.886 [main] INFO  org.testng.internal.Utils - [Utils] MethodGroupsHelper.sortMethods() took 0 ms.
14:03:14.886 [main] INFO  org.testng.internal.Utils - [Utils] MethodGroupsHelper.collectMethodsByGroup() took 0 ms.
14:03:14.886 [main] INFO  org.testng.internal.Utils - [Utils] MethodGroupsHelper.sortMethods() took 0 ms.
14:03:14.886 [main] INFO  org.testng.internal.Utils - [Utils] MethodGroupsHelper.collectMethodsByGroup() took 0 ms.
14:03:14.886 [main] INFO  org.testng.internal.Utils - [Utils] MethodGroupsHelper.sortMethods() took 0 ms.
14:03:14.886 [main] INFO  org.testng.internal.Utils - [Utils] MethodGroupsHelper.collectMethodsByGroup() took 0 ms.
14:03:14.895 [main] INFO  org.testng.internal.Utils - [Utils] MethodGroupsHelper.sortMethods() took 8 ms.
14:03:14.897 [main] INFO  org.testng.internal.Utils - [Utils] MethodGroupsHelper.collectMethodsByGroup() took 0 ms.
14:03:14.898 [main] INFO  org.testng.internal.Utils - [Utils] MethodGroupsHelper.sortMethods() took 0 ms.
14:03:14.898 [main] INFO  org.testng.internal.Utils - [Utils] MethodGroupsHelper.collectMethodsByGroup() took 0 ms.
14:03:14.898 [main] INFO  org.testng.internal.Utils - [Utils] MethodGroupsHelper.sortMethods() took 0 ms.
14:03:14.907 [main] INFO  org.testng.internal.Utils - [TestNG] Running:
  D:\Testing\TheCapacity\testCases.xml

14:03:14.923 [main] INFO  org.testng.internal.Utils - [ThreadUtil] Starting executor timeOut:2147483647ms workers:1 threadPoolSize:5
14:03:15.486 [TestNG-tests-1] INFO  org.testng.internal.Utils - [Utils] DynamicGraphHelper.createDynamicGraph() took 8 ms.
14:06:18.244 [main] INFO  org.testng.internal.Utils - [TestNG] Time taken by org.testng.internal.ExitCodeListener@6dee4f1b: 0 ms
14:07:24.785 [main] WARN  org.testng.xml.TestNGContentHandler - It is strongly recommended to add "<!DOCTYPE suite SYSTEM "https://testng.org/testng-1.0.dtd" >" at the top of the suite file [D:\Testing\TheCapacity\docker-grid.xml] otherwise TestNG may fail or not work as expected.
14:07:25.225 [main] INFO  org.testng.internal.Utils - [Utils] MethodGroupsHelper.collectMethodsByGroup() took 0 ms.
14:07:25.236 [main] INFO  org.testng.internal.Utils - [Utils] MethodGroupsHelper.sortMethods() took 0 ms.
14:07:25.242 [main] INFO  org.testng.internal.Utils - [Utils] MethodGroupsHelper.collectMethodsByGroup() took 0 ms.
14:07:25.242 [main] INFO  org.testng.internal.Utils - [Utils] MethodGroupsHelper.sortMethods() took 0 ms.
14:07:25.244 [main] INFO  org.testng.internal.Utils - [Utils] MethodGroupsHelper.collectMethodsByGroup() took 0 ms.
14:07:25.244 [main] INFO  org.testng.internal.Utils - [Utils] MethodGroupsHelper.sortMethods() took 0 ms.
14:07:25.246 [main] INFO  org.testng.internal.Utils - [Utils] MethodGroupsHelper.collectMethodsByGroup() took 0 ms.
14:07:25.246 [main] INFO  org.testng.internal.Utils - [Utils] MethodGroupsHelper.sortMethods() took 0 ms.
14:07:25.276 [main] INFO  org.testng.internal.Utils - [Utils] MethodGroupsHelper.collectMethodsByGroup() took 2 ms.
14:07:25.318 [main] INFO  org.testng.internal.Utils - [Utils] MethodGroupsHelper.sortMethods() took 33 ms.
14:07:25.320 [main] INFO  org.testng.internal.Utils - [Utils] MethodGroupsHelper.collectMethodsByGroup() took 0 ms.
14:07:25.321 [main] INFO  org.testng.internal.Utils - [Utils] MethodGroupsHelper.sortMethods() took 0 ms.
14:07:25.322 [main] INFO  org.testng.internal.Utils - [Utils] MethodGroupsHelper.collectMethodsByGroup() took 0 ms.
14:07:25.323 [main] INFO  org.testng.internal.Utils - [Utils] MethodGroupsHelper.sortMethods() took 0 ms.
14:07:25.324 [main] INFO  org.testng.internal.Utils - [Utils] MethodGroupsHelper.collectMethodsByGroup() took 0 ms.
14:07:25.324 [main] INFO  org.testng.internal.Utils - [Utils] MethodGroupsHelper.sortMethods() took 0 ms.
14:07:25.330 [main] INFO  org.testng.internal.Utils - [Utils] MethodGroupsHelper.collectMethodsByGroup() took 0 ms.
14:07:25.331 [main] INFO  org.testng.internal.Utils - [Utils] MethodGroupsHelper.sortMethods() took 0 ms.
14:07:25.332 [main] INFO  org.testng.internal.Utils - [Utils] MethodGroupsHelper.collectMethodsByGroup() took 0 ms.
14:07:25.333 [main] INFO  org.testng.internal.Utils - [Utils] MethodGroupsHelper.sortMethods() took 0 ms.
14:07:25.335 [main] INFO  org.testng.internal.Utils - [Utils] MethodGroupsHelper.collectMethodsByGroup() took 0 ms.
14:07:25.336 [main] INFO  org.testng.internal.Utils - [Utils] MethodGroupsHelper.sortMethods() took 0 ms.
14:07:25.336 [main] INFO  org.testng.internal.Utils - [Utils] MethodGroupsHelper.collectMethodsByGroup() took 0 ms.
14:07:25.337 [main] INFO  org.testng.internal.Utils - [Utils] MethodGroupsHelper.sortMethods() took 0 ms.
14:07:25.340 [main] INFO  org.testng.internal.Utils - [Utils] MethodGroupsHelper.collectMethodsByGroup() took 0 ms.
14:07:25.342 [main] INFO  org.testng.internal.Utils - [Utils] MethodGroupsHelper.sortMethods() took 0 ms.
14:07:25.345 [main] INFO  org.testng.internal.Utils - [Utils] MethodGroupsHelper.collectMethodsByGroup() took 0 ms.
14:07:25.345 [main] INFO  org.testng.internal.Utils - [Utils] MethodGroupsHelper.sortMethods() took 0 ms.
14:07:25.346 [main] INFO  org.testng.internal.Utils - [Utils] MethodGroupsHelper.collectMethodsByGroup() took 0 ms.
14:07:25.346 [main] INFO  org.testng.internal.Utils - [Utils] MethodGroupsHelper.sortMethods() took 0 ms.
14:07:25.356 [main] INFO  org.testng.internal.Utils - [TestNG] Running:
  D:\Testing\TheCapacity\docker-grid.xml

14:07:25.370 [main] INFO  org.testng.internal.Utils - [ThreadUtil] Starting executor timeOut:2147483647ms workers:1 threadPoolSize:5
14:07:25.913 [TestNG-tests-1] INFO  org.testng.internal.Utils - [Utils] DynamicGraphHelper.createDynamicGraph() took 8 ms.
14:07:25.993 [TestNG-tests-1] INFO  testCases.TC002_LoginTest - ===Starting Testing of Login Page===
14:07:26.048 [TestNG-tests-1] INFO  testCases.TC002_LoginTest - ===Entering email===
14:07:27.986 [main] INFO  org.testng.internal.Utils - [TestNG] Time taken by org.testng.internal.ExitCodeListener@6e950bcf: 0 ms
14:11:27.353 [main] WARN  org.testng.xml.TestNGContentHandler - It is strongly recommended to add "<!DOCTYPE suite SYSTEM "https://testng.org/testng-1.0.dtd" >" at the top of the suite file [D:\Testing\TheCapacity\docker-grid.xml] otherwise TestNG may fail or not work as expected.
14:11:27.807 [main] INFO  org.testng.internal.Utils - [Utils] MethodGroupsHelper.collectMethodsByGroup() took 0 ms.
14:11:27.813 [main] INFO  org.testng.internal.Utils - [Utils] MethodGroupsHelper.sortMethods() took 2 ms.
14:11:27.816 [main] INFO  org.testng.internal.Utils - [Utils] MethodGroupsHelper.collectMethodsByGroup() took 0 ms.
14:11:27.816 [main] INFO  org.testng.internal.Utils - [Utils] MethodGroupsHelper.sortMethods() took 0 ms.
14:11:27.818 [main] INFO  org.testng.internal.Utils - [Utils] MethodGroupsHelper.collectMethodsByGroup() took 0 ms.
14:11:27.818 [main] INFO  org.testng.internal.Utils - [Utils] MethodGroupsHelper.sortMethods() took 0 ms.
14:11:27.819 [main] INFO  org.testng.internal.Utils - [Utils] MethodGroupsHelper.collectMethodsByGroup() took 0 ms.
14:11:27.820 [main] INFO  org.testng.internal.Utils - [Utils] MethodGroupsHelper.sortMethods() took 0 ms.
14:11:27.828 [main] INFO  org.testng.internal.Utils - [Utils] MethodGroupsHelper.collectMethodsByGroup() took 6 ms.
14:11:27.856 [main] INFO  org.testng.internal.Utils - [Utils] MethodGroupsHelper.sortMethods() took 26 ms.
14:11:27.858 [main] INFO  org.testng.internal.Utils - [Utils] MethodGroupsHelper.collectMethodsByGroup() took 0 ms.
14:11:27.859 [main] INFO  org.testng.internal.Utils - [Utils] MethodGroupsHelper.sortMethods() took 0 ms.
14:11:27.860 [main] INFO  org.testng.internal.Utils - [Utils] MethodGroupsHelper.collectMethodsByGroup() took 0 ms.
14:11:27.861 [main] INFO  org.testng.internal.Utils - [Utils] MethodGroupsHelper.sortMethods() took 0 ms.
14:11:27.862 [main] INFO  org.testng.internal.Utils - [Utils] MethodGroupsHelper.collectMethodsByGroup() took 0 ms.
14:11:27.862 [main] INFO  org.testng.internal.Utils - [Utils] MethodGroupsHelper.sortMethods() took 0 ms.
14:11:27.870 [main] INFO  org.testng.internal.Utils - [Utils] MethodGroupsHelper.collectMethodsByGroup() took 0 ms.
14:11:27.870 [main] INFO  org.testng.internal.Utils - [Utils] MethodGroupsHelper.sortMethods() took 0 ms.
14:11:27.871 [main] INFO  org.testng.internal.Utils - [Utils] MethodGroupsHelper.collectMethodsByGroup() took 0 ms.
14:11:27.871 [main] INFO  org.testng.internal.Utils - [Utils] MethodGroupsHelper.sortMethods() took 0 ms.
14:11:27.874 [main] INFO  org.testng.internal.Utils - [Utils] MethodGroupsHelper.collectMethodsByGroup() took 0 ms.
14:11:27.874 [main] INFO  org.testng.internal.Utils - [Utils] MethodGroupsHelper.sortMethods() took 0 ms.
14:11:27.875 [main] INFO  org.testng.internal.Utils - [Utils] MethodGroupsHelper.collectMethodsByGroup() took 0 ms.
14:11:27.875 [main] INFO  org.testng.internal.Utils - [Utils] MethodGroupsHelper.sortMethods() took 0 ms.
14:11:27.877 [main] INFO  org.testng.internal.Utils - [Utils] MethodGroupsHelper.collectMethodsByGroup() took 0 ms.
14:11:27.878 [main] INFO  org.testng.internal.Utils - [Utils] MethodGroupsHelper.sortMethods() took 0 ms.
14:11:27.880 [main] INFO  org.testng.internal.Utils - [Utils] MethodGroupsHelper.collectMethodsByGroup() took 0 ms.
14:11:27.881 [main] INFO  org.testng.internal.Utils - [Utils] MethodGroupsHelper.sortMethods() took 0 ms.
14:11:27.881 [main] INFO  org.testng.internal.Utils - [Utils] MethodGroupsHelper.collectMethodsByGroup() took 0 ms.
14:11:27.881 [main] INFO  org.testng.internal.Utils - [Utils] MethodGroupsHelper.sortMethods() took 0 ms.
14:11:27.890 [main] INFO  org.testng.internal.Utils - [TestNG] Running:
  D:\Testing\TheCapacity\docker-grid.xml

14:11:27.901 [main] INFO  org.testng.internal.Utils - [ThreadUtil] Starting executor timeOut:2147483647ms workers:1 threadPoolSize:5
14:11:28.484 [TestNG-tests-1] INFO  org.testng.internal.Utils - [Utils] DynamicGraphHelper.createDynamicGraph() took 9 ms.
14:11:28.551 [TestNG-tests-1] INFO  testCases.TC002_LoginTest - ===Starting Testing of Login Page===
14:11:28.602 [TestNG-tests-1] INFO  testCases.TC002_LoginTest - ===Entering email===
14:11:31.005 [main] INFO  org.testng.internal.Utils - [TestNG] Time taken by org.testng.internal.ExitCodeListener@3a12c404: 0 ms
14:12:32.449 [main] WARN  org.testng.xml.TestNGContentHandler - It is strongly recommended to add "<!DOCTYPE suite SYSTEM "https://testng.org/testng-1.0.dtd" >" at the top of the suite file [D:\Testing\TheCapacity\docker-grid.xml] otherwise TestNG may fail or not work as expected.
14:12:32.817 [main] INFO  org.testng.internal.Utils - [Utils] MethodGroupsHelper.collectMethodsByGroup() took 0 ms.
14:12:32.833 [main] INFO  org.testng.internal.Utils - [Utils] MethodGroupsHelper.sortMethods() took 5 ms.
14:12:32.833 [main] INFO  org.testng.internal.Utils - [Utils] MethodGroupsHelper.collectMethodsByGroup() took 0 ms.
14:12:32.833 [main] INFO  org.testng.internal.Utils - [Utils] MethodGroupsHelper.sortMethods() took 0 ms.
14:12:32.833 [main] INFO  org.testng.internal.Utils - [Utils] MethodGroupsHelper.collectMethodsByGroup() took 0 ms.
14:12:32.833 [main] INFO  org.testng.internal.Utils - [Utils] MethodGroupsHelper.sortMethods() took 0 ms.
14:12:32.833 [main] INFO  org.testng.internal.Utils - [Utils] MethodGroupsHelper.collectMethodsByGroup() took 0 ms.
14:12:32.833 [main] INFO  org.testng.internal.Utils - [Utils] MethodGroupsHelper.sortMethods() took 0 ms.
14:12:32.843 [main] INFO  org.testng.internal.Utils - [Utils] MethodGroupsHelper.collectMethodsByGroup() took 10 ms.
14:12:32.863 [main] INFO  org.testng.internal.Utils - [Utils] MethodGroupsHelper.sortMethods() took 20 ms.
14:12:32.873 [main] INFO  org.testng.internal.Utils - [Utils] MethodGroupsHelper.collectMethodsByGroup() took 0 ms.
14:12:32.873 [main] INFO  org.testng.internal.Utils - [Utils] MethodGroupsHelper.sortMethods() took 0 ms.
14:12:32.876 [main] INFO  org.testng.internal.Utils - [Utils] MethodGroupsHelper.collectMethodsByGroup() took 0 ms.
14:12:32.877 [main] INFO  org.testng.internal.Utils - [Utils] MethodGroupsHelper.sortMethods() took 0 ms.
14:12:32.877 [main] INFO  org.testng.internal.Utils - [Utils] MethodGroupsHelper.collectMethodsByGroup() took 0 ms.
14:12:32.877 [main] INFO  org.testng.internal.Utils - [Utils] MethodGroupsHelper.sortMethods() took 0 ms.
14:12:32.877 [main] INFO  org.testng.internal.Utils - [Utils] MethodGroupsHelper.collectMethodsByGroup() took 0 ms.
14:12:32.877 [main] INFO  org.testng.internal.Utils - [Utils] MethodGroupsHelper.sortMethods() took 0 ms.
14:12:32.887 [main] INFO  org.testng.internal.Utils - [Utils] MethodGroupsHelper.collectMethodsByGroup() took 0 ms.
14:12:32.887 [main] INFO  org.testng.internal.Utils - [Utils] MethodGroupsHelper.sortMethods() took 0 ms.
14:12:32.887 [main] INFO  org.testng.internal.Utils - [Utils] MethodGroupsHelper.collectMethodsByGroup() took 0 ms.
14:12:32.887 [main] INFO  org.testng.internal.Utils - [Utils] MethodGroupsHelper.sortMethods() took 0 ms.
14:12:32.887 [main] INFO  org.testng.internal.Utils - [Utils] MethodGroupsHelper.collectMethodsByGroup() took 0 ms.
14:12:32.893 [main] INFO  org.testng.internal.Utils - [Utils] MethodGroupsHelper.sortMethods() took 0 ms.
14:12:32.895 [main] INFO  org.testng.internal.Utils - [Utils] MethodGroupsHelper.collectMethodsByGroup() took 1 ms.
14:12:32.895 [main] INFO  org.testng.internal.Utils - [Utils] MethodGroupsHelper.sortMethods() took 0 ms.
14:12:32.895 [main] INFO  org.testng.internal.Utils - [Utils] MethodGroupsHelper.collectMethodsByGroup() took 0 ms.
14:12:32.895 [main] INFO  org.testng.internal.Utils - [Utils] MethodGroupsHelper.sortMethods() took 0 ms.
14:12:32.900 [main] INFO  org.testng.internal.Utils - [Utils] MethodGroupsHelper.collectMethodsByGroup() took 0 ms.
14:12:32.900 [main] INFO  org.testng.internal.Utils - [Utils] MethodGroupsHelper.sortMethods() took 0 ms.
14:12:32.910 [main] INFO  org.testng.internal.Utils - [TestNG] Running:
  D:\Testing\TheCapacity\docker-grid.xml

14:12:32.921 [main] INFO  org.testng.internal.Utils - [ThreadUtil] Starting executor timeOut:2147483647ms workers:1 threadPoolSize:5
14:12:33.363 [TestNG-tests-1] INFO  org.testng.internal.Utils - [Utils] DynamicGraphHelper.createDynamicGraph() took 9 ms.
14:12:33.437 [TestNG-tests-1] INFO  testCases.TC002_LoginTest - ===Starting Testing of Login Page===
14:12:33.485 [TestNG-tests-1] INFO  testCases.TC002_LoginTest - ===Entering email===
14:12:35.252 [main] INFO  org.testng.internal.Utils - [TestNG] Time taken by org.testng.internal.ExitCodeListener@1a6c1270: 0 ms
14:16:34.034 [main] WARN  org.testng.xml.TestNGContentHandler - It is strongly recommended to add "<!DOCTYPE suite SYSTEM "https://testng.org/testng-1.0.dtd" >" at the top of the suite file [D:\Testing\TheCapacity\docker-grid.xml] otherwise TestNG may fail or not work as expected.
14:16:34.461 [main] INFO  org.testng.internal.Utils - [Utils] MethodGroupsHelper.collectMethodsByGroup() took 2 ms.
14:16:34.467 [main] INFO  org.testng.internal.Utils - [Utils] MethodGroupsHelper.sortMethods() took 2 ms.
14:16:34.470 [main] INFO  org.testng.internal.Utils - [Utils] MethodGroupsHelper.collectMethodsByGroup() took 0 ms.
14:16:34.470 [main] INFO  org.testng.internal.Utils - [Utils] MethodGroupsHelper.sortMethods() took 0 ms.
14:16:34.472 [main] INFO  org.testng.internal.Utils - [Utils] MethodGroupsHelper.collectMethodsByGroup() took 0 ms.
14:16:34.472 [main] INFO  org.testng.internal.Utils - [Utils] MethodGroupsHelper.sortMethods() took 0 ms.
14:16:34.473 [main] INFO  org.testng.internal.Utils - [Utils] MethodGroupsHelper.collectMethodsByGroup() took 0 ms.
14:16:34.474 [main] INFO  org.testng.internal.Utils - [Utils] MethodGroupsHelper.sortMethods() took 0 ms.
14:16:34.482 [main] INFO  org.testng.internal.Utils - [Utils] MethodGroupsHelper.collectMethodsByGroup() took 6 ms.
14:16:34.509 [main] INFO  org.testng.internal.Utils - [Utils] MethodGroupsHelper.sortMethods() took 27 ms.
14:16:34.511 [main] INFO  org.testng.internal.Utils - [Utils] MethodGroupsHelper.collectMethodsByGroup() took 0 ms.
14:16:34.512 [main] INFO  org.testng.internal.Utils - [Utils] MethodGroupsHelper.sortMethods() took 0 ms.
14:16:34.514 [main] INFO  org.testng.internal.Utils - [Utils] MethodGroupsHelper.collectMethodsByGroup() took 0 ms.
14:16:34.515 [main] INFO  org.testng.internal.Utils - [Utils] MethodGroupsHelper.sortMethods() took 0 ms.
14:16:34.516 [main] INFO  org.testng.internal.Utils - [Utils] MethodGroupsHelper.collectMethodsByGroup() took 0 ms.
14:16:34.516 [main] INFO  org.testng.internal.Utils - [Utils] MethodGroupsHelper.sortMethods() took 0 ms.
14:16:34.523 [main] INFO  org.testng.internal.Utils - [Utils] MethodGroupsHelper.collectMethodsByGroup() took 0 ms.
14:16:34.523 [main] INFO  org.testng.internal.Utils - [Utils] MethodGroupsHelper.sortMethods() took 0 ms.
14:16:34.524 [main] INFO  org.testng.internal.Utils - [Utils] MethodGroupsHelper.collectMethodsByGroup() took 0 ms.
14:16:34.525 [main] INFO  org.testng.internal.Utils - [Utils] MethodGroupsHelper.sortMethods() took 0 ms.
14:16:34.527 [main] INFO  org.testng.internal.Utils - [Utils] MethodGroupsHelper.collectMethodsByGroup() took 0 ms.
14:16:34.528 [main] INFO  org.testng.internal.Utils - [Utils] MethodGroupsHelper.sortMethods() took 0 ms.
14:16:34.529 [main] INFO  org.testng.internal.Utils - [Utils] MethodGroupsHelper.collectMethodsByGroup() took 0 ms.
14:16:34.529 [main] INFO  org.testng.internal.Utils - [Utils] MethodGroupsHelper.sortMethods() took 0 ms.
14:16:34.531 [main] INFO  org.testng.internal.Utils - [Utils] MethodGroupsHelper.collectMethodsByGroup() took 1 ms.
14:16:34.532 [main] INFO  org.testng.internal.Utils - [Utils] MethodGroupsHelper.sortMethods() took 0 ms.
14:16:34.535 [main] INFO  org.testng.internal.Utils - [Utils] MethodGroupsHelper.collectMethodsByGroup() took 0 ms.
14:16:34.535 [main] INFO  org.testng.internal.Utils - [Utils] MethodGroupsHelper.sortMethods() took 0 ms.
14:16:34.536 [main] INFO  org.testng.internal.Utils - [Utils] MethodGroupsHelper.collectMethodsByGroup() took 0 ms.
14:16:34.536 [main] INFO  org.testng.internal.Utils - [Utils] MethodGroupsHelper.sortMethods() took 0 ms.
14:16:34.546 [main] INFO  org.testng.internal.Utils - [TestNG] Running:
  D:\Testing\TheCapacity\docker-grid.xml

14:16:34.560 [main] INFO  org.testng.internal.Utils - [ThreadUtil] Starting executor timeOut:2147483647ms workers:1 threadPoolSize:5
14:16:35.057 [TestNG-tests-1] INFO  org.testng.internal.Utils - [Utils] DynamicGraphHelper.createDynamicGraph() took 8 ms.
14:16:50.848 [TestNG-tests-1] INFO  testCases.TC002_LoginTest - ===Starting Testing of Login Page===
14:16:50.890 [TestNG-tests-1] INFO  testCases.TC002_LoginTest - ===Entering email===
14:16:52.246 [TestNG-tests-1] INFO  testCases.TC002_LoginTest - ===Entering password===
14:16:56.418 [TestNG-tests-1] INFO  testCases.TC002_LoginTest - ===Sign in successfully===
14:16:59.999 [main] INFO  org.testng.internal.Utils - [TestNG] Time taken by org.testng.internal.ExitCodeListener@5a709816: 0 ms
14:22:30.232 [main] WARN  org.testng.xml.TestNGContentHandler - It is strongly recommended to add "<!DOCTYPE suite SYSTEM "https://testng.org/testng-1.0.dtd" >" at the top of the suite file [D:\Testing\TheCapacity\docker-grid.xml] otherwise TestNG may fail or not work as expected.
14:22:30.853 [main] INFO  org.testng.internal.Utils - [Utils] MethodGroupsHelper.collectMethodsByGroup() took 2 ms.
14:22:30.855 [main] INFO  org.testng.internal.Utils - [Utils] MethodGroupsHelper.sortMethods() took 0 ms.
14:22:30.863 [main] INFO  org.testng.internal.Utils - [Utils] MethodGroupsHelper.collectMethodsByGroup() took 0 ms.
14:22:30.863 [main] INFO  org.testng.internal.Utils - [Utils] MethodGroupsHelper.sortMethods() took 0 ms.
14:22:30.864 [main] INFO  org.testng.internal.Utils - [Utils] MethodGroupsHelper.collectMethodsByGroup() took 0 ms.
14:22:30.864 [main] INFO  org.testng.internal.Utils - [Utils] MethodGroupsHelper.sortMethods() took 0 ms.
14:22:30.864 [main] INFO  org.testng.internal.Utils - [Utils] MethodGroupsHelper.collectMethodsByGroup() took 0 ms.
14:22:30.864 [main] INFO  org.testng.internal.Utils - [Utils] MethodGroupsHelper.sortMethods() took 0 ms.
14:22:30.875 [main] INFO  org.testng.internal.Utils - [Utils] MethodGroupsHelper.collectMethodsByGroup() took 11 ms.
14:22:30.908 [main] INFO  org.testng.internal.Utils - [Utils] MethodGroupsHelper.sortMethods() took 33 ms.
14:22:30.910 [main] INFO  org.testng.internal.Utils - [Utils] MethodGroupsHelper.collectMethodsByGroup() took 0 ms.
14:22:30.911 [main] INFO  org.testng.internal.Utils - [Utils] MethodGroupsHelper.sortMethods() took 0 ms.
14:22:30.912 [main] INFO  org.testng.internal.Utils - [Utils] MethodGroupsHelper.collectMethodsByGroup() took 0 ms.
14:22:30.913 [main] INFO  org.testng.internal.Utils - [Utils] MethodGroupsHelper.sortMethods() took 0 ms.
14:22:30.913 [main] INFO  org.testng.internal.Utils - [Utils] MethodGroupsHelper.collectMethodsByGroup() took 0 ms.
14:22:30.913 [main] INFO  org.testng.internal.Utils - [Utils] MethodGroupsHelper.sortMethods() took 0 ms.
14:22:30.916 [main] INFO  org.testng.internal.Utils - [Utils] MethodGroupsHelper.collectMethodsByGroup() took 0 ms.
14:22:30.916 [main] INFO  org.testng.internal.Utils - [Utils] MethodGroupsHelper.sortMethods() took 0 ms.
14:22:30.916 [main] INFO  org.testng.internal.Utils - [Utils] MethodGroupsHelper.collectMethodsByGroup() took 0 ms.
14:22:30.916 [main] INFO  org.testng.internal.Utils - [Utils] MethodGroupsHelper.sortMethods() took 0 ms.
14:22:30.926 [main] INFO  org.testng.internal.Utils - [Utils] MethodGroupsHelper.collectMethodsByGroup() took 0 ms.
14:22:30.926 [main] INFO  org.testng.internal.Utils - [Utils] MethodGroupsHelper.sortMethods() took 0 ms.
14:22:30.926 [main] INFO  org.testng.internal.Utils - [Utils] MethodGroupsHelper.collectMethodsByGroup() took 0 ms.
14:22:30.926 [main] INFO  org.testng.internal.Utils - [Utils] MethodGroupsHelper.sortMethods() took 0 ms.
14:22:30.926 [main] INFO  org.testng.internal.Utils - [Utils] MethodGroupsHelper.collectMethodsByGroup() took 0 ms.
14:22:30.926 [main] INFO  org.testng.internal.Utils - [Utils] MethodGroupsHelper.sortMethods() took 0 ms.
14:22:30.926 [main] INFO  org.testng.internal.Utils - [Utils] MethodGroupsHelper.collectMethodsByGroup() took 0 ms.
14:22:30.926 [main] INFO  org.testng.internal.Utils - [Utils] MethodGroupsHelper.sortMethods() took 0 ms.
14:22:30.926 [main] INFO  org.testng.internal.Utils - [Utils] MethodGroupsHelper.collectMethodsByGroup() took 0 ms.
14:22:30.926 [main] INFO  org.testng.internal.Utils - [Utils] MethodGroupsHelper.sortMethods() took 0 ms.
14:22:30.936 [main] INFO  org.testng.internal.Utils - [TestNG] Running:
  D:\Testing\TheCapacity\docker-grid.xml

14:22:30.951 [main] INFO  org.testng.internal.Utils - [ThreadUtil] Starting executor timeOut:2147483647ms workers:1 threadPoolSize:5
14:22:31.455 [TestNG-tests-1] INFO  org.testng.internal.Utils - [Utils] DynamicGraphHelper.createDynamicGraph() took 7 ms.
14:22:33.771 [main] INFO  org.testng.internal.Utils - [TestNG] Time taken by org.testng.internal.ExitCodeListener@2c1156a7: 0 ms
14:23:27.198 [main] WARN  org.testng.xml.TestNGContentHandler - It is strongly recommended to add "<!DOCTYPE suite SYSTEM "https://testng.org/testng-1.0.dtd" >" at the top of the suite file [D:\Testing\TheCapacity\docker-grid.xml] otherwise TestNG may fail or not work as expected.
14:23:27.766 [main] INFO  org.testng.internal.Utils - [Utils] MethodGroupsHelper.collectMethodsByGroup() took 0 ms.
14:23:27.772 [main] INFO  org.testng.internal.Utils - [Utils] MethodGroupsHelper.sortMethods() took 2 ms.
14:23:27.775 [main] INFO  org.testng.internal.Utils - [Utils] MethodGroupsHelper.collectMethodsByGroup() took 0 ms.
14:23:27.775 [main] INFO  org.testng.internal.Utils - [Utils] MethodGroupsHelper.sortMethods() took 0 ms.
14:23:27.777 [main] INFO  org.testng.internal.Utils - [Utils] MethodGroupsHelper.collectMethodsByGroup() took 0 ms.
14:23:27.779 [main] INFO  org.testng.internal.Utils - [Utils] MethodGroupsHelper.sortMethods() took 0 ms.
14:23:27.780 [main] INFO  org.testng.internal.Utils - [Utils] MethodGroupsHelper.collectMethodsByGroup() took 0 ms.
14:23:27.780 [main] INFO  org.testng.internal.Utils - [Utils] MethodGroupsHelper.sortMethods() took 0 ms.
14:23:27.789 [main] INFO  org.testng.internal.Utils - [Utils] MethodGroupsHelper.collectMethodsByGroup() took 6 ms.
14:23:27.815 [main] INFO  org.testng.internal.Utils - [Utils] MethodGroupsHelper.sortMethods() took 25 ms.
14:23:27.818 [main] INFO  org.testng.internal.Utils - [Utils] MethodGroupsHelper.collectMethodsByGroup() took 0 ms.
14:23:27.818 [main] INFO  org.testng.internal.Utils - [Utils] MethodGroupsHelper.sortMethods() took 0 ms.
14:23:27.820 [main] INFO  org.testng.internal.Utils - [Utils] MethodGroupsHelper.collectMethodsByGroup() took 0 ms.
14:23:27.820 [main] INFO  org.testng.internal.Utils - [Utils] MethodGroupsHelper.sortMethods() took 0 ms.
14:23:27.821 [main] INFO  org.testng.internal.Utils - [Utils] MethodGroupsHelper.collectMethodsByGroup() took 0 ms.
14:23:27.822 [main] INFO  org.testng.internal.Utils - [Utils] MethodGroupsHelper.sortMethods() took 0 ms.
14:23:27.829 [main] INFO  org.testng.internal.Utils - [Utils] MethodGroupsHelper.collectMethodsByGroup() took 0 ms.
14:23:27.830 [main] INFO  org.testng.internal.Utils - [Utils] MethodGroupsHelper.sortMethods() took 0 ms.
14:23:27.831 [main] INFO  org.testng.internal.Utils - [Utils] MethodGroupsHelper.collectMethodsByGroup() took 0 ms.
14:23:27.831 [main] INFO  org.testng.internal.Utils - [Utils] MethodGroupsHelper.sortMethods() took 0 ms.
14:23:27.833 [main] INFO  org.testng.internal.Utils - [Utils] MethodGroupsHelper.collectMethodsByGroup() took 0 ms.
14:23:27.834 [main] INFO  org.testng.internal.Utils - [Utils] MethodGroupsHelper.sortMethods() took 0 ms.
14:23:27.834 [main] INFO  org.testng.internal.Utils - [Utils] MethodGroupsHelper.collectMethodsByGroup() took 0 ms.
14:23:27.834 [main] INFO  org.testng.internal.Utils - [Utils] MethodGroupsHelper.sortMethods() took 0 ms.
14:23:27.838 [main] INFO  org.testng.internal.Utils - [Utils] MethodGroupsHelper.collectMethodsByGroup() took 2 ms.
14:23:27.839 [main] INFO  org.testng.internal.Utils - [Utils] MethodGroupsHelper.sortMethods() took 1 ms.
14:23:27.841 [main] INFO  org.testng.internal.Utils - [Utils] MethodGroupsHelper.collectMethodsByGroup() took 0 ms.
14:23:27.842 [main] INFO  org.testng.internal.Utils - [Utils] MethodGroupsHelper.sortMethods() took 0 ms.
14:23:27.842 [main] INFO  org.testng.internal.Utils - [Utils] MethodGroupsHelper.collectMethodsByGroup() took 0 ms.
14:23:27.842 [main] INFO  org.testng.internal.Utils - [Utils] MethodGroupsHelper.sortMethods() took 0 ms.
14:23:27.854 [main] INFO  org.testng.internal.Utils - [TestNG] Running:
  D:\Testing\TheCapacity\docker-grid.xml

14:23:27.872 [main] INFO  org.testng.internal.Utils - [ThreadUtil] Starting executor timeOut:2147483647ms workers:1 threadPoolSize:5
14:23:28.403 [TestNG-tests-1] INFO  org.testng.internal.Utils - [Utils] DynamicGraphHelper.createDynamicGraph() took 9 ms.
14:23:28.478 [TestNG-tests-1] INFO  testCases.TC002_LoginTest - ===Starting Testing of Login Page===
14:23:28.526 [TestNG-tests-1] INFO  testCases.TC002_LoginTest - ===Entering email===
14:23:30.511 [main] INFO  org.testng.internal.Utils - [TestNG] Time taken by org.testng.internal.ExitCodeListener@66ac5762: 0 ms
14:24:38.646 [main] WARN  org.testng.xml.TestNGContentHandler - It is strongly recommended to add "<!DOCTYPE suite SYSTEM "https://testng.org/testng-1.0.dtd" >" at the top of the suite file [D:\Testing\TheCapacity\docker-grid.xml] otherwise TestNG may fail or not work as expected.
14:24:39.026 [main] INFO  org.testng.internal.Utils - [Utils] MethodGroupsHelper.collectMethodsByGroup() took 1 ms.
14:24:39.032 [main] INFO  org.testng.internal.Utils - [Utils] MethodGroupsHelper.sortMethods() took 2 ms.
14:24:39.035 [main] INFO  org.testng.internal.Utils - [Utils] MethodGroupsHelper.collectMethodsByGroup() took 0 ms.
14:24:39.036 [main] INFO  org.testng.internal.Utils - [Utils] MethodGroupsHelper.sortMethods() took 0 ms.
14:24:39.037 [main] INFO  org.testng.internal.Utils - [Utils] MethodGroupsHelper.collectMethodsByGroup() took 0 ms.
14:24:39.037 [main] INFO  org.testng.internal.Utils - [Utils] MethodGroupsHelper.sortMethods() took 0 ms.
14:24:39.038 [main] INFO  org.testng.internal.Utils - [Utils] MethodGroupsHelper.collectMethodsByGroup() took 0 ms.
14:24:39.039 [main] INFO  org.testng.internal.Utils - [Utils] MethodGroupsHelper.sortMethods() took 0 ms.
14:24:39.046 [main] INFO  org.testng.internal.Utils - [Utils] MethodGroupsHelper.collectMethodsByGroup() took 4 ms.
14:24:39.067 [main] INFO  org.testng.internal.Utils - [Utils] MethodGroupsHelper.sortMethods() took 21 ms.
14:24:39.067 [main] INFO  org.testng.internal.Utils - [Utils] MethodGroupsHelper.collectMethodsByGroup() took 0 ms.
14:24:39.067 [main] INFO  org.testng.internal.Utils - [Utils] MethodGroupsHelper.sortMethods() took 0 ms.
14:24:39.067 [main] INFO  org.testng.internal.Utils - [Utils] MethodGroupsHelper.collectMethodsByGroup() took 0 ms.
14:24:39.076 [main] INFO  org.testng.internal.Utils - [Utils] MethodGroupsHelper.sortMethods() took 0 ms.
14:24:39.076 [main] INFO  org.testng.internal.Utils - [Utils] MethodGroupsHelper.collectMethodsByGroup() took 0 ms.
14:24:39.076 [main] INFO  org.testng.internal.Utils - [Utils] MethodGroupsHelper.sortMethods() took 0 ms.
14:24:39.081 [main] INFO  org.testng.internal.Utils - [Utils] MethodGroupsHelper.collectMethodsByGroup() took 0 ms.
14:24:39.081 [main] INFO  org.testng.internal.Utils - [Utils] MethodGroupsHelper.sortMethods() took 0 ms.
14:24:39.081 [main] INFO  org.testng.internal.Utils - [Utils] MethodGroupsHelper.collectMethodsByGroup() took 0 ms.
14:24:39.081 [main] INFO  org.testng.internal.Utils - [Utils] MethodGroupsHelper.sortMethods() took 0 ms.
14:24:39.081 [main] INFO  org.testng.internal.Utils - [Utils] MethodGroupsHelper.collectMethodsByGroup() took 0 ms.
14:24:39.081 [main] INFO  org.testng.internal.Utils - [Utils] MethodGroupsHelper.sortMethods() took 0 ms.
14:24:39.081 [main] INFO  org.testng.internal.Utils - [Utils] MethodGroupsHelper.collectMethodsByGroup() took 0 ms.
14:24:39.081 [main] INFO  org.testng.internal.Utils - [Utils] MethodGroupsHelper.sortMethods() took 0 ms.
14:24:39.091 [main] INFO  org.testng.internal.Utils - [Utils] MethodGroupsHelper.collectMethodsByGroup() took 10 ms.
14:24:39.092 [main] INFO  org.testng.internal.Utils - [Utils] MethodGroupsHelper.sortMethods() took 0 ms.
14:24:39.093 [main] INFO  org.testng.internal.Utils - [Utils] MethodGroupsHelper.collectMethodsByGroup() took 0 ms.
14:24:39.093 [main] INFO  org.testng.internal.Utils - [Utils] MethodGroupsHelper.sortMethods() took 0 ms.
14:24:39.093 [main] INFO  org.testng.internal.Utils - [Utils] MethodGroupsHelper.collectMethodsByGroup() took 0 ms.
14:24:39.093 [main] INFO  org.testng.internal.Utils - [Utils] MethodGroupsHelper.sortMethods() took 0 ms.
14:24:39.102 [main] INFO  org.testng.internal.Utils - [TestNG] Running:
  D:\Testing\TheCapacity\docker-grid.xml

14:24:39.113 [main] INFO  org.testng.internal.Utils - [ThreadUtil] Starting executor timeOut:2147483647ms workers:1 threadPoolSize:5
14:24:39.545 [TestNG-tests-1] INFO  org.testng.internal.Utils - [Utils] DynamicGraphHelper.createDynamicGraph() took 6 ms.
14:24:52.841 [TestNG-tests-1] INFO  testCases.TC002_LoginTest - ===Starting Testing of Login Page===
14:24:52.890 [TestNG-tests-1] INFO  testCases.TC002_LoginTest - ===Entering email===
14:24:53.924 [TestNG-tests-1] INFO  testCases.TC002_LoginTest - ===Entering password===
14:24:58.397 [TestNG-tests-1] INFO  testCases.TC002_LoginTest - ===Sign in successfully===
14:25:01.363 [main] INFO  org.testng.internal.Utils - [TestNG] Time taken by org.testng.internal.ExitCodeListener@16414e40: 0 ms
14:26:03.876 [main] WARN  org.testng.xml.TestNGContentHandler - It is strongly recommended to add "<!DOCTYPE suite SYSTEM "https://testng.org/testng-1.0.dtd" >" at the top of the suite file [D:\Testing\TheCapacity\docker-grid.xml] otherwise TestNG may fail or not work as expected.
14:26:04.359 [main] INFO  org.testng.internal.Utils - [Utils] MethodGroupsHelper.collectMethodsByGroup() took 1 ms.
14:26:04.369 [main] INFO  org.testng.internal.Utils - [Utils] MethodGroupsHelper.sortMethods() took 5 ms.
14:26:04.373 [main] INFO  org.testng.internal.Utils - [Utils] MethodGroupsHelper.collectMethodsByGroup() took 0 ms.
14:26:04.373 [main] INFO  org.testng.internal.Utils - [Utils] MethodGroupsHelper.sortMethods() took 0 ms.
14:26:04.374 [main] INFO  org.testng.internal.Utils - [Utils] MethodGroupsHelper.collectMethodsByGroup() took 0 ms.
14:26:04.375 [main] INFO  org.testng.internal.Utils - [Utils] MethodGroupsHelper.sortMethods() took 0 ms.
14:26:04.376 [main] INFO  org.testng.internal.Utils - [Utils] MethodGroupsHelper.collectMethodsByGroup() took 0 ms.
14:26:04.377 [main] INFO  org.testng.internal.Utils - [Utils] MethodGroupsHelper.sortMethods() took 0 ms.
14:26:04.388 [main] INFO  org.testng.internal.Utils - [Utils] MethodGroupsHelper.collectMethodsByGroup() took 7 ms.
14:26:04.423 [main] INFO  org.testng.internal.Utils - [Utils] MethodGroupsHelper.sortMethods() took 34 ms.
14:26:04.424 [main] INFO  org.testng.internal.Utils - [Utils] MethodGroupsHelper.collectMethodsByGroup() took 0 ms.
14:26:04.425 [main] INFO  org.testng.internal.Utils - [Utils] MethodGroupsHelper.sortMethods() took 0 ms.
14:26:04.426 [main] INFO  org.testng.internal.Utils - [Utils] MethodGroupsHelper.collectMethodsByGroup() took 0 ms.
14:26:04.427 [main] INFO  org.testng.internal.Utils - [Utils] MethodGroupsHelper.sortMethods() took 0 ms.
14:26:04.428 [main] INFO  org.testng.internal.Utils - [Utils] MethodGroupsHelper.collectMethodsByGroup() took 0 ms.
14:26:04.429 [main] INFO  org.testng.internal.Utils - [Utils] MethodGroupsHelper.sortMethods() took 0 ms.
14:26:04.494 [main] INFO  org.testng.internal.Utils - [Utils] MethodGroupsHelper.collectMethodsByGroup() took 0 ms.
14:26:04.495 [main] INFO  org.testng.internal.Utils - [Utils] MethodGroupsHelper.sortMethods() took 0 ms.
14:26:04.496 [main] INFO  org.testng.internal.Utils - [Utils] MethodGroupsHelper.collectMethodsByGroup() took 0 ms.
14:26:04.502 [main] INFO  org.testng.internal.Utils - [Utils] MethodGroupsHelper.sortMethods() took 0 ms.
14:26:04.523 [main] INFO  org.testng.internal.Utils - [Utils] MethodGroupsHelper.collectMethodsByGroup() took 0 ms.
14:26:04.524 [main] INFO  org.testng.internal.Utils - [Utils] MethodGroupsHelper.sortMethods() took 1 ms.
14:26:04.526 [main] INFO  org.testng.internal.Utils - [Utils] MethodGroupsHelper.collectMethodsByGroup() took 0 ms.
14:26:04.566 [main] INFO  org.testng.internal.Utils - [Utils] MethodGroupsHelper.sortMethods() took 0 ms.
14:26:04.570 [main] INFO  org.testng.internal.Utils - [Utils] MethodGroupsHelper.collectMethodsByGroup() took 2 ms.
14:26:04.583 [main] INFO  org.testng.internal.Utils - [Utils] MethodGroupsHelper.sortMethods() took 1 ms.
14:26:04.635 [main] INFO  org.testng.internal.Utils - [Utils] MethodGroupsHelper.collectMethodsByGroup() took 0 ms.
14:26:04.635 [main] INFO  org.testng.internal.Utils - [Utils] MethodGroupsHelper.sortMethods() took 0 ms.
14:26:04.636 [main] INFO  org.testng.internal.Utils - [Utils] MethodGroupsHelper.collectMethodsByGroup() took 0 ms.
14:26:04.636 [main] INFO  org.testng.internal.Utils - [Utils] MethodGroupsHelper.sortMethods() took 0 ms.
14:26:04.662 [main] INFO  org.testng.internal.Utils - [Utils] MethodGroupsHelper.collectMethodsByGroup() took 0 ms.
14:26:04.664 [main] INFO  org.testng.internal.Utils - [Utils] MethodGroupsHelper.sortMethods() took 0 ms.
14:26:04.666 [main] INFO  org.testng.internal.Utils - [Utils] MethodGroupsHelper.collectMethodsByGroup() took 0 ms.
14:26:04.667 [main] INFO  org.testng.internal.Utils - [Utils] MethodGroupsHelper.sortMethods() took 0 ms.
14:26:04.671 [main] INFO  org.testng.internal.Utils - [Utils] MethodGroupsHelper.collectMethodsByGroup() took 0 ms.
14:26:04.671 [main] INFO  org.testng.internal.Utils - [Utils] MethodGroupsHelper.sortMethods() took 0 ms.
14:26:04.672 [main] INFO  org.testng.internal.Utils - [Utils] MethodGroupsHelper.collectMethodsByGroup() took 0 ms.
14:26:04.672 [main] INFO  org.testng.internal.Utils - [Utils] MethodGroupsHelper.sortMethods() took 0 ms.
14:26:04.675 [main] INFO  org.testng.internal.Utils - [Utils] MethodGroupsHelper.collectMethodsByGroup() took 0 ms.
14:26:04.676 [main] INFO  org.testng.internal.Utils - [Utils] MethodGroupsHelper.sortMethods() took 0 ms.
14:26:04.678 [main] INFO  org.testng.internal.Utils - [Utils] MethodGroupsHelper.collectMethodsByGroup() took 0 ms.
14:26:04.681 [main] INFO  org.testng.internal.Utils - [Utils] MethodGroupsHelper.sortMethods() took 0 ms.
14:26:04.682 [main] INFO  org.testng.internal.Utils - [Utils] MethodGroupsHelper.collectMethodsByGroup() took 0 ms.
14:26:04.682 [main] INFO  org.testng.internal.Utils - [Utils] MethodGroupsHelper.sortMethods() took 0 ms.
14:26:04.683 [main] INFO  org.testng.internal.Utils - [Utils] MethodGroupsHelper.collectMethodsByGroup() took 0 ms.
14:26:04.766 [main] INFO  org.testng.internal.Utils - [Utils] MethodGroupsHelper.sortMethods() took 0 ms.
14:26:04.767 [main] INFO  org.testng.internal.Utils - [Utils] MethodGroupsHelper.collectMethodsByGroup() took 0 ms.
14:26:04.768 [main] INFO  org.testng.internal.Utils - [Utils] MethodGroupsHelper.sortMethods() took 0 ms.
14:26:04.771 [main] INFO  org.testng.internal.Utils - [Utils] MethodGroupsHelper.collectMethodsByGroup() took 0 ms.
14:26:04.772 [main] INFO  org.testng.internal.Utils - [Utils] MethodGroupsHelper.sortMethods() took 0 ms.
14:26:04.772 [main] INFO  org.testng.internal.Utils - [Utils] MethodGroupsHelper.collectMethodsByGroup() took 0 ms.
14:26:04.773 [main] INFO  org.testng.internal.Utils - [Utils] MethodGroupsHelper.sortMethods() took 0 ms.
14:26:04.774 [main] INFO  org.testng.internal.Utils - [Utils] MethodGroupsHelper.collectMethodsByGroup() took 0 ms.
14:26:04.774 [main] INFO  org.testng.internal.Utils - [Utils] MethodGroupsHelper.sortMethods() took 0 ms.
14:26:04.775 [main] INFO  org.testng.internal.Utils - [Utils] MethodGroupsHelper.collectMethodsByGroup() took 0 ms.
14:26:04.775 [main] INFO  org.testng.internal.Utils - [Utils] MethodGroupsHelper.sortMethods() took 0 ms.
14:26:04.776 [main] INFO  org.testng.internal.Utils - [Utils] MethodGroupsHelper.collectMethodsByGroup() took 0 ms.
14:26:04.776 [main] INFO  org.testng.internal.Utils - [Utils] MethodGroupsHelper.sortMethods() took 0 ms.
14:26:04.776 [main] INFO  org.testng.internal.Utils - [Utils] MethodGroupsHelper.collectMethodsByGroup() took 0 ms.
14:26:04.777 [main] INFO  org.testng.internal.Utils - [Utils] MethodGroupsHelper.sortMethods() took 0 ms.
14:26:04.783 [main] INFO  org.testng.internal.Utils - [TestNG] Running:
  D:\Testing\TheCapacity\docker-grid.xml

14:26:04.803 [main] INFO  org.testng.internal.Utils - [ThreadUtil] Starting executor timeOut:2147483647ms workers:2 threadPoolSize:5
14:26:06.693 [TestNG-tests-1] INFO  org.testng.internal.Utils - [Utils] DynamicGraphHelper.createDynamicGraph() took 23 ms.
14:26:06.693 [TestNG-tests-2] INFO  org.testng.internal.Utils - [Utils] DynamicGraphHelper.createDynamicGraph() took 23 ms.
14:26:17.877 [TestNG-tests-1] INFO  testCases.TC002_LoginTest - ===Starting Testing of Login Page===
14:26:17.913 [TestNG-tests-1] INFO  testCases.TC002_LoginTest - ===Entering email===
14:26:19.598 [TestNG-tests-1] INFO  testCases.TC002_LoginTest - ===Entering password===
14:26:25.497 [TestNG-tests-1] INFO  testCases.TC002_LoginTest - ===Sign in successfully===
14:29:09.672 [main] INFO  org.testng.internal.Utils - [TestNG] Time taken by org.testng.internal.ExitCodeListener@e19bb76: 1 ms
14:30:36.284 [main] WARN  org.testng.xml.TestNGContentHandler - It is strongly recommended to add "<!DOCTYPE suite SYSTEM "https://testng.org/testng-1.0.dtd" >" at the top of the suite file [D:\Testing\TheCapacity\docker-grid.xml] otherwise TestNG may fail or not work as expected.
14:30:37.040 [main] INFO  org.testng.internal.Utils - [Utils] MethodGroupsHelper.collectMethodsByGroup() took 1 ms.
14:30:37.044 [main] INFO  org.testng.internal.Utils - [Utils] MethodGroupsHelper.sortMethods() took 0 ms.
14:30:37.050 [main] INFO  org.testng.internal.Utils - [Utils] MethodGroupsHelper.collectMethodsByGroup() took 0 ms.
14:30:37.050 [main] INFO  org.testng.internal.Utils - [Utils] MethodGroupsHelper.sortMethods() took 0 ms.
14:30:37.050 [main] INFO  org.testng.internal.Utils - [Utils] MethodGroupsHelper.collectMethodsByGroup() took 0 ms.
14:30:37.050 [main] INFO  org.testng.internal.Utils - [Utils] MethodGroupsHelper.sortMethods() took 0 ms.
14:30:37.050 [main] INFO  org.testng.internal.Utils - [Utils] MethodGroupsHelper.collectMethodsByGroup() took 0 ms.
14:30:37.050 [main] INFO  org.testng.internal.Utils - [Utils] MethodGroupsHelper.sortMethods() took 0 ms.
14:30:37.060 [main] INFO  org.testng.internal.Utils - [Utils] MethodGroupsHelper.collectMethodsByGroup() took 9 ms.
14:30:37.081 [main] INFO  org.testng.internal.Utils - [Utils] MethodGroupsHelper.sortMethods() took 21 ms.
14:30:37.081 [main] INFO  org.testng.internal.Utils - [Utils] MethodGroupsHelper.collectMethodsByGroup() took 0 ms.
14:30:37.081 [main] INFO  org.testng.internal.Utils - [Utils] MethodGroupsHelper.sortMethods() took 0 ms.
14:30:37.091 [main] INFO  org.testng.internal.Utils - [Utils] MethodGroupsHelper.collectMethodsByGroup() took 0 ms.
14:30:37.091 [main] INFO  org.testng.internal.Utils - [Utils] MethodGroupsHelper.sortMethods() took 0 ms.
14:30:37.091 [main] INFO  org.testng.internal.Utils - [Utils] MethodGroupsHelper.collectMethodsByGroup() took 0 ms.
14:30:37.091 [main] INFO  org.testng.internal.Utils - [Utils] MethodGroupsHelper.sortMethods() took 0 ms.
14:30:37.091 [main] INFO  org.testng.internal.Utils - [Utils] MethodGroupsHelper.collectMethodsByGroup() took 0 ms.
14:30:37.091 [main] INFO  org.testng.internal.Utils - [Utils] MethodGroupsHelper.sortMethods() took 0 ms.
14:30:37.091 [main] INFO  org.testng.internal.Utils - [Utils] MethodGroupsHelper.collectMethodsByGroup() took 0 ms.
14:30:37.091 [main] INFO  org.testng.internal.Utils - [Utils] MethodGroupsHelper.sortMethods() took 0 ms.
14:30:37.101 [main] INFO  org.testng.internal.Utils - [Utils] MethodGroupsHelper.collectMethodsByGroup() took 0 ms.
14:30:37.101 [main] INFO  org.testng.internal.Utils - [Utils] MethodGroupsHelper.sortMethods() took 0 ms.
14:30:37.101 [main] INFO  org.testng.internal.Utils - [Utils] MethodGroupsHelper.collectMethodsByGroup() took 0 ms.
14:30:37.101 [main] INFO  org.testng.internal.Utils - [Utils] MethodGroupsHelper.sortMethods() took 0 ms.
14:30:37.101 [main] INFO  org.testng.internal.Utils - [Utils] MethodGroupsHelper.collectMethodsByGroup() took 0 ms.
14:30:37.101 [main] INFO  org.testng.internal.Utils - [Utils] MethodGroupsHelper.sortMethods() took 0 ms.
14:30:37.101 [main] INFO  org.testng.internal.Utils - [Utils] MethodGroupsHelper.collectMethodsByGroup() took 0 ms.
14:30:37.101 [main] INFO  org.testng.internal.Utils - [Utils] MethodGroupsHelper.sortMethods() took 0 ms.
14:30:37.101 [main] INFO  org.testng.internal.Utils - [Utils] MethodGroupsHelper.collectMethodsByGroup() took 0 ms.
14:30:37.101 [main] INFO  org.testng.internal.Utils - [Utils] MethodGroupsHelper.sortMethods() took 0 ms.
14:30:37.111 [main] INFO  org.testng.internal.Utils - [TestNG] Running:
  D:\Testing\TheCapacity\docker-grid.xml

14:30:37.122 [main] INFO  org.testng.internal.Utils - [ThreadUtil] Starting executor timeOut:2147483647ms workers:1 threadPoolSize:5
14:30:37.644 [TestNG-tests-1] INFO  org.testng.internal.Utils - [Utils] DynamicGraphHelper.createDynamicGraph() took 10 ms.
14:30:51.819 [TestNG-tests-1] INFO  testCases.TC002_LoginTest - ===Starting Testing of Login Page===
14:30:51.863 [TestNG-tests-1] INFO  testCases.TC002_LoginTest - ===Entering email===
14:30:52.916 [TestNG-tests-1] INFO  testCases.TC002_LoginTest - ===Entering password===
14:30:57.681 [TestNG-tests-1] INFO  testCases.TC002_LoginTest - ===Sign in successfully===
14:30:59.697 [main] INFO  org.testng.internal.Utils - [TestNG] Time taken by org.testng.internal.ExitCodeListener@74bada02: 0 ms
14:32:22.863 [main] WARN  org.testng.xml.TestNGContentHandler - It is strongly recommended to add "<!DOCTYPE suite SYSTEM "https://testng.org/testng-1.0.dtd" >" at the top of the suite file [D:\Testing\TheCapacity\docker-grid.xml] otherwise TestNG may fail or not work as expected.
14:32:23.316 [main] INFO  org.testng.internal.Utils - [Utils] MethodGroupsHelper.collectMethodsByGroup() took 0 ms.
14:32:23.326 [main] INFO  org.testng.internal.Utils - [Utils] MethodGroupsHelper.sortMethods() took 10 ms.
14:32:23.328 [main] INFO  org.testng.internal.Utils - [Utils] MethodGroupsHelper.collectMethodsByGroup() took 0 ms.
14:32:23.328 [main] INFO  org.testng.internal.Utils - [Utils] MethodGroupsHelper.sortMethods() took 0 ms.
14:32:23.332 [main] INFO  org.testng.internal.Utils - [Utils] MethodGroupsHelper.collectMethodsByGroup() took 0 ms.
14:32:23.332 [main] INFO  org.testng.internal.Utils - [Utils] MethodGroupsHelper.sortMethods() took 0 ms.
14:32:23.332 [main] INFO  org.testng.internal.Utils - [Utils] MethodGroupsHelper.collectMethodsByGroup() took 0 ms.
14:32:23.332 [main] INFO  org.testng.internal.Utils - [Utils] MethodGroupsHelper.sortMethods() took 0 ms.
14:32:23.338 [main] INFO  org.testng.internal.Utils - [Utils] MethodGroupsHelper.collectMethodsByGroup() took 5 ms.
14:32:23.371 [main] INFO  org.testng.internal.Utils - [Utils] MethodGroupsHelper.sortMethods() took 32 ms.
14:32:23.371 [main] INFO  org.testng.internal.Utils - [Utils] MethodGroupsHelper.collectMethodsByGroup() took 0 ms.
14:32:23.371 [main] INFO  org.testng.internal.Utils - [Utils] MethodGroupsHelper.sortMethods() took 0 ms.
14:32:23.371 [main] INFO  org.testng.internal.Utils - [Utils] MethodGroupsHelper.collectMethodsByGroup() took 0 ms.
14:32:23.371 [main] INFO  org.testng.internal.Utils - [Utils] MethodGroupsHelper.sortMethods() took 0 ms.
14:32:23.371 [main] INFO  org.testng.internal.Utils - [Utils] MethodGroupsHelper.collectMethodsByGroup() took 0 ms.
14:32:23.371 [main] INFO  org.testng.internal.Utils - [Utils] MethodGroupsHelper.sortMethods() took 0 ms.
14:32:23.381 [main] INFO  org.testng.internal.Utils - [Utils] MethodGroupsHelper.collectMethodsByGroup() took 0 ms.
14:32:23.381 [main] INFO  org.testng.internal.Utils - [Utils] MethodGroupsHelper.sortMethods() took 0 ms.
14:32:23.381 [main] INFO  org.testng.internal.Utils - [Utils] MethodGroupsHelper.collectMethodsByGroup() took 0 ms.
14:32:23.381 [main] INFO  org.testng.internal.Utils - [Utils] MethodGroupsHelper.sortMethods() took 0 ms.
14:32:23.381 [main] INFO  org.testng.internal.Utils - [Utils] MethodGroupsHelper.collectMethodsByGroup() took 0 ms.
14:32:23.391 [main] INFO  org.testng.internal.Utils - [Utils] MethodGroupsHelper.sortMethods() took 0 ms.
14:32:23.391 [main] INFO  org.testng.internal.Utils - [Utils] MethodGroupsHelper.collectMethodsByGroup() took 0 ms.
14:32:23.392 [main] INFO  org.testng.internal.Utils - [Utils] MethodGroupsHelper.sortMethods() took 0 ms.
14:32:23.395 [main] INFO  org.testng.internal.Utils - [Utils] MethodGroupsHelper.collectMethodsByGroup() took 2 ms.
14:32:23.396 [main] INFO  org.testng.internal.Utils - [Utils] MethodGroupsHelper.sortMethods() took 0 ms.
14:32:23.399 [main] INFO  org.testng.internal.Utils - [Utils] MethodGroupsHelper.collectMethodsByGroup() took 0 ms.
14:32:23.400 [main] INFO  org.testng.internal.Utils - [Utils] MethodGroupsHelper.sortMethods() took 0 ms.
14:32:23.400 [main] INFO  org.testng.internal.Utils - [Utils] MethodGroupsHelper.collectMethodsByGroup() took 0 ms.
14:32:23.401 [main] INFO  org.testng.internal.Utils - [Utils] MethodGroupsHelper.sortMethods() took 0 ms.
14:32:23.413 [main] INFO  org.testng.internal.Utils - [Utils] MethodGroupsHelper.collectMethodsByGroup() took 0 ms.
14:32:23.413 [main] INFO  org.testng.internal.Utils - [Utils] MethodGroupsHelper.sortMethods() took 0 ms.
14:32:23.413 [main] INFO  org.testng.internal.Utils - [Utils] MethodGroupsHelper.collectMethodsByGroup() took 0 ms.
14:32:23.413 [main] INFO  org.testng.internal.Utils - [Utils] MethodGroupsHelper.sortMethods() took 0 ms.
14:32:23.413 [main] INFO  org.testng.internal.Utils - [Utils] MethodGroupsHelper.collectMethodsByGroup() took 0 ms.
14:32:23.413 [main] INFO  org.testng.internal.Utils - [Utils] MethodGroupsHelper.sortMethods() took 0 ms.
14:32:23.413 [main] INFO  org.testng.internal.Utils - [Utils] MethodGroupsHelper.collectMethodsByGroup() took 0 ms.
14:32:23.423 [main] INFO  org.testng.internal.Utils - [Utils] MethodGroupsHelper.sortMethods() took 0 ms.
14:32:23.425 [main] INFO  org.testng.internal.Utils - [Utils] MethodGroupsHelper.collectMethodsByGroup() took 0 ms.
14:32:23.425 [main] INFO  org.testng.internal.Utils - [Utils] MethodGroupsHelper.sortMethods() took 0 ms.
14:32:23.425 [main] INFO  org.testng.internal.Utils - [Utils] MethodGroupsHelper.collectMethodsByGroup() took 0 ms.
14:32:23.425 [main] INFO  org.testng.internal.Utils - [Utils] MethodGroupsHelper.sortMethods() took 0 ms.
14:32:23.432 [main] INFO  org.testng.internal.Utils - [Utils] MethodGroupsHelper.collectMethodsByGroup() took 0 ms.
14:32:23.432 [main] INFO  org.testng.internal.Utils - [Utils] MethodGroupsHelper.sortMethods() took 0 ms.
14:32:23.434 [main] INFO  org.testng.internal.Utils - [Utils] MethodGroupsHelper.collectMethodsByGroup() took 0 ms.
14:32:23.434 [main] INFO  org.testng.internal.Utils - [Utils] MethodGroupsHelper.sortMethods() took 0 ms.
14:32:23.435 [main] INFO  org.testng.internal.Utils - [Utils] MethodGroupsHelper.collectMethodsByGroup() took 0 ms.
14:32:23.436 [main] INFO  org.testng.internal.Utils - [Utils] MethodGroupsHelper.sortMethods() took 0 ms.
14:32:23.436 [main] INFO  org.testng.internal.Utils - [Utils] MethodGroupsHelper.collectMethodsByGroup() took 0 ms.
14:32:23.436 [main] INFO  org.testng.internal.Utils - [Utils] MethodGroupsHelper.sortMethods() took 0 ms.
14:32:23.436 [main] INFO  org.testng.internal.Utils - [Utils] MethodGroupsHelper.collectMethodsByGroup() took 0 ms.
14:32:23.436 [main] INFO  org.testng.internal.Utils - [Utils] MethodGroupsHelper.sortMethods() took 0 ms.
14:32:23.436 [main] INFO  org.testng.internal.Utils - [Utils] MethodGroupsHelper.collectMethodsByGroup() took 0 ms.
14:32:23.436 [main] INFO  org.testng.internal.Utils - [Utils] MethodGroupsHelper.sortMethods() took 0 ms.
14:32:23.436 [main] INFO  org.testng.internal.Utils - [Utils] MethodGroupsHelper.collectMethodsByGroup() took 0 ms.
14:32:23.436 [main] INFO  org.testng.internal.Utils - [Utils] MethodGroupsHelper.sortMethods() took 0 ms.
14:32:23.436 [main] INFO  org.testng.internal.Utils - [Utils] MethodGroupsHelper.collectMethodsByGroup() took 0 ms.
14:32:23.436 [main] INFO  org.testng.internal.Utils - [Utils] MethodGroupsHelper.sortMethods() took 0 ms.
14:32:23.436 [main] INFO  org.testng.internal.Utils - [Utils] MethodGroupsHelper.collectMethodsByGroup() took 0 ms.
14:32:23.446 [main] INFO  org.testng.internal.Utils - [Utils] MethodGroupsHelper.sortMethods() took 0 ms.
14:32:23.446 [main] INFO  org.testng.internal.Utils - [TestNG] Running:
  D:\Testing\TheCapacity\docker-grid.xml

14:32:23.466 [main] INFO  org.testng.internal.Utils - [ThreadUtil] Starting executor timeOut:2147483647ms workers:2 threadPoolSize:5
14:32:23.829 [TestNG-tests-1] INFO  org.testng.internal.Utils - [Utils] DynamicGraphHelper.createDynamicGraph() took 8 ms.
14:32:24.151 [TestNG-tests-2] INFO  org.testng.internal.Utils - [Utils] DynamicGraphHelper.createDynamicGraph() took 0 ms.
14:32:32.606 [TestNG-tests-1] INFO  testCases.TC002_LoginTest - ===Starting Testing of Login Page===
14:32:32.632 [TestNG-tests-1] INFO  testCases.TC002_LoginTest - ===Entering email===
14:32:34.067 [TestNG-tests-1] INFO  testCases.TC002_LoginTest - ===Entering password===
14:35:27.251 [main] INFO  org.testng.internal.Utils - [TestNG] Time taken by org.testng.internal.ExitCodeListener@5adb0db3: 0 ms
14:41:08.019 [main] WARN  org.testng.xml.TestNGContentHandler - It is strongly recommended to add "<!DOCTYPE suite SYSTEM "https://testng.org/testng-1.0.dtd" >" at the top of the suite file [D:\Testing\TheCapacity\docker-grid.xml] otherwise TestNG may fail or not work as expected.
14:41:08.612 [main] INFO  org.testng.internal.Utils - [Utils] MethodGroupsHelper.collectMethodsByGroup() took 1 ms.
14:41:08.622 [main] INFO  org.testng.internal.Utils - [Utils] MethodGroupsHelper.sortMethods() took 7 ms.
14:41:08.623 [main] INFO  org.testng.internal.Utils - [Utils] MethodGroupsHelper.collectMethodsByGroup() took 0 ms.
14:41:08.623 [main] INFO  org.testng.internal.Utils - [Utils] MethodGroupsHelper.sortMethods() took 0 ms.
14:41:08.628 [main] INFO  org.testng.internal.Utils - [Utils] MethodGroupsHelper.collectMethodsByGroup() took 0 ms.
14:41:08.628 [main] INFO  org.testng.internal.Utils - [Utils] MethodGroupsHelper.sortMethods() took 0 ms.
14:41:08.632 [main] INFO  org.testng.internal.Utils - [Utils] MethodGroupsHelper.collectMethodsByGroup() took 0 ms.
14:41:08.632 [main] INFO  org.testng.internal.Utils - [Utils] MethodGroupsHelper.sortMethods() took 0 ms.
14:41:08.640 [main] INFO  org.testng.internal.Utils - [Utils] MethodGroupsHelper.collectMethodsByGroup() took 6 ms.
14:41:08.685 [main] INFO  org.testng.internal.Utils - [Utils] MethodGroupsHelper.sortMethods() took 44 ms.
14:41:08.685 [main] INFO  org.testng.internal.Utils - [Utils] MethodGroupsHelper.collectMethodsByGroup() took 0 ms.
14:41:08.685 [main] INFO  org.testng.internal.Utils - [Utils] MethodGroupsHelper.sortMethods() took 0 ms.
14:41:08.692 [main] INFO  org.testng.internal.Utils - [Utils] MethodGroupsHelper.collectMethodsByGroup() took 0 ms.
14:41:08.692 [main] INFO  org.testng.internal.Utils - [Utils] MethodGroupsHelper.sortMethods() took 0 ms.
14:41:08.694 [main] INFO  org.testng.internal.Utils - [Utils] MethodGroupsHelper.collectMethodsByGroup() took 0 ms.
14:41:08.694 [main] INFO  org.testng.internal.Utils - [Utils] MethodGroupsHelper.sortMethods() took 0 ms.
14:41:08.713 [main] INFO  org.testng.internal.Utils - [Utils] MethodGroupsHelper.collectMethodsByGroup() took 0 ms.
14:41:08.713 [main] INFO  org.testng.internal.Utils - [Utils] MethodGroupsHelper.sortMethods() took 0 ms.
14:41:08.713 [main] INFO  org.testng.internal.Utils - [Utils] MethodGroupsHelper.collectMethodsByGroup() took 0 ms.
14:41:08.713 [main] INFO  org.testng.internal.Utils - [Utils] MethodGroupsHelper.sortMethods() took 0 ms.
14:41:08.719 [main] INFO  org.testng.internal.Utils - [Utils] MethodGroupsHelper.collectMethodsByGroup() took 0 ms.
14:41:08.724 [main] INFO  org.testng.internal.Utils - [Utils] MethodGroupsHelper.sortMethods() took 2 ms.
14:41:08.724 [main] INFO  org.testng.internal.Utils - [Utils] MethodGroupsHelper.collectMethodsByGroup() took 0 ms.
14:41:08.724 [main] INFO  org.testng.internal.Utils - [Utils] MethodGroupsHelper.sortMethods() took 0 ms.
14:41:08.724 [main] INFO  org.testng.internal.Utils - [Utils] MethodGroupsHelper.collectMethodsByGroup() took 0 ms.
14:41:08.724 [main] INFO  org.testng.internal.Utils - [Utils] MethodGroupsHelper.sortMethods() took 0 ms.
14:41:08.733 [main] INFO  org.testng.internal.Utils - [Utils] MethodGroupsHelper.collectMethodsByGroup() took 0 ms.
14:41:08.733 [main] INFO  org.testng.internal.Utils - [Utils] MethodGroupsHelper.sortMethods() took 0 ms.
14:41:08.734 [main] INFO  org.testng.internal.Utils - [Utils] MethodGroupsHelper.collectMethodsByGroup() took 0 ms.
14:41:08.736 [main] INFO  org.testng.internal.Utils - [Utils] MethodGroupsHelper.sortMethods() took 0 ms.
14:41:08.763 [main] INFO  org.testng.internal.Utils - [Utils] MethodGroupsHelper.collectMethodsByGroup() took 0 ms.
14:41:08.764 [main] INFO  org.testng.internal.Utils - [Utils] MethodGroupsHelper.sortMethods() took 0 ms.
14:41:08.764 [main] INFO  org.testng.internal.Utils - [Utils] MethodGroupsHelper.collectMethodsByGroup() took 0 ms.
14:41:08.764 [main] INFO  org.testng.internal.Utils - [Utils] MethodGroupsHelper.sortMethods() took 0 ms.
14:41:08.764 [main] INFO  org.testng.internal.Utils - [Utils] MethodGroupsHelper.collectMethodsByGroup() took 0 ms.
14:41:08.767 [main] INFO  org.testng.internal.Utils - [Utils] MethodGroupsHelper.sortMethods() took 0 ms.
14:41:08.768 [main] INFO  org.testng.internal.Utils - [Utils] MethodGroupsHelper.collectMethodsByGroup() took 0 ms.
14:41:08.768 [main] INFO  org.testng.internal.Utils - [Utils] MethodGroupsHelper.sortMethods() took 0 ms.
14:41:08.768 [main] INFO  org.testng.internal.Utils - [Utils] MethodGroupsHelper.collectMethodsByGroup() took 0 ms.
14:41:08.768 [main] INFO  org.testng.internal.Utils - [Utils] MethodGroupsHelper.sortMethods() took 0 ms.
14:41:08.774 [main] INFO  org.testng.internal.Utils - [Utils] MethodGroupsHelper.collectMethodsByGroup() took 0 ms.
14:41:08.774 [main] INFO  org.testng.internal.Utils - [Utils] MethodGroupsHelper.sortMethods() took 0 ms.
14:41:08.774 [main] INFO  org.testng.internal.Utils - [Utils] MethodGroupsHelper.collectMethodsByGroup() took 0 ms.
14:41:08.774 [main] INFO  org.testng.internal.Utils - [Utils] MethodGroupsHelper.sortMethods() took 0 ms.
14:41:08.774 [main] INFO  org.testng.internal.Utils - [Utils] MethodGroupsHelper.collectMethodsByGroup() took 0 ms.
14:41:08.774 [main] INFO  org.testng.internal.Utils - [Utils] MethodGroupsHelper.sortMethods() took 0 ms.
14:41:08.774 [main] INFO  org.testng.internal.Utils - [Utils] MethodGroupsHelper.collectMethodsByGroup() took 0 ms.
14:41:08.774 [main] INFO  org.testng.internal.Utils - [Utils] MethodGroupsHelper.sortMethods() took 0 ms.
14:41:08.774 [main] INFO  org.testng.internal.Utils - [Utils] MethodGroupsHelper.collectMethodsByGroup() took 0 ms.
14:41:08.774 [main] INFO  org.testng.internal.Utils - [Utils] MethodGroupsHelper.sortMethods() took 0 ms.
14:41:08.784 [main] INFO  org.testng.internal.Utils - [Utils] MethodGroupsHelper.collectMethodsByGroup() took 0 ms.
14:41:08.790 [main] INFO  org.testng.internal.Utils - [Utils] MethodGroupsHelper.sortMethods() took 0 ms.
14:41:08.795 [main] INFO  org.testng.internal.Utils - [Utils] MethodGroupsHelper.collectMethodsByGroup() took 0 ms.
14:41:08.795 [main] INFO  org.testng.internal.Utils - [Utils] MethodGroupsHelper.sortMethods() took 0 ms.
14:41:08.796 [main] INFO  org.testng.internal.Utils - [Utils] MethodGroupsHelper.collectMethodsByGroup() took 1 ms.
14:41:08.797 [main] INFO  org.testng.internal.Utils - [Utils] MethodGroupsHelper.sortMethods() took 0 ms.
14:41:08.798 [main] INFO  org.testng.internal.Utils - [Utils] MethodGroupsHelper.collectMethodsByGroup() took 0 ms.
14:41:08.798 [main] INFO  org.testng.internal.Utils - [Utils] MethodGroupsHelper.sortMethods() took 0 ms.
14:41:08.803 [main] INFO  org.testng.internal.Utils - [Utils] MethodGroupsHelper.collectMethodsByGroup() took 0 ms.
14:41:08.803 [main] INFO  org.testng.internal.Utils - [Utils] MethodGroupsHelper.sortMethods() took 0 ms.
14:41:08.807 [main] INFO  org.testng.internal.Utils - [TestNG] Running:
  D:\Testing\TheCapacity\docker-grid.xml

14:41:08.875 [main] INFO  org.testng.internal.Utils - [ThreadUtil] Starting executor timeOut:2147483647ms workers:2 threadPoolSize:5
14:41:09.263 [TestNG-tests-1] INFO  org.testng.internal.Utils - [Utils] DynamicGraphHelper.createDynamicGraph() took 8 ms.
14:41:09.576 [TestNG-tests-2] INFO  org.testng.internal.Utils - [Utils] DynamicGraphHelper.createDynamicGraph() took 0 ms.
14:41:17.085 [TestNG-tests-1] INFO  testCases.TC002_LoginTest - ===Starting Testing of Login Page===
14:41:17.143 [TestNG-tests-1] INFO  testCases.TC002_LoginTest - ===Entering email===
14:41:24.636 [TestNG-tests-1] INFO  testCases.TC002_LoginTest - ===Entering password===
14:41:44.631 [TestNG-tests-2] INFO  testCases.TC002_LoginTest - ===Starting Testing of Login Page===
14:41:44.634 [TestNG-tests-2] INFO  testCases.TC002_LoginTest - ===Entering email===
14:42:00.080 [TestNG-tests-2] INFO  testCases.TC002_LoginTest - ===Entering password===
14:42:04.618 [TestNG-tests-2] INFO  testCases.TC002_LoginTest - ===Sign in successfully===
14:42:05.583 [main] INFO  org.testng.internal.Utils - [TestNG] Time taken by org.testng.internal.ExitCodeListener@41d426b5: 1 ms
14:51:28.777 [main] WARN  org.testng.xml.TestNGContentHandler - It is strongly recommended to add "<!DOCTYPE suite SYSTEM "https://testng.org/testng-1.0.dtd" >" at the top of the suite file [D:\Testing\TheCapacity\docker-grid.xml] otherwise TestNG may fail or not work as expected.
14:51:29.283 [main] INFO  org.testng.internal.Utils - [Utils] MethodGroupsHelper.collectMethodsByGroup() took 0 ms.
14:51:29.291 [main] INFO  org.testng.internal.Utils - [Utils] MethodGroupsHelper.sortMethods() took 3 ms.
14:51:29.295 [main] INFO  org.testng.internal.Utils - [Utils] MethodGroupsHelper.collectMethodsByGroup() took 0 ms.
14:51:29.295 [main] INFO  org.testng.internal.Utils - [Utils] MethodGroupsHelper.sortMethods() took 0 ms.
14:51:29.295 [main] INFO  org.testng.internal.Utils - [Utils] MethodGroupsHelper.collectMethodsByGroup() took 0 ms.
14:51:29.297 [main] INFO  org.testng.internal.Utils - [Utils] MethodGroupsHelper.sortMethods() took 0 ms.
14:51:29.297 [main] INFO  org.testng.internal.Utils - [Utils] MethodGroupsHelper.collectMethodsByGroup() took 0 ms.
14:51:29.297 [main] INFO  org.testng.internal.Utils - [Utils] MethodGroupsHelper.sortMethods() took 0 ms.
14:51:29.306 [main] INFO  org.testng.internal.Utils - [Utils] MethodGroupsHelper.collectMethodsByGroup() took 5 ms.
14:51:29.333 [main] INFO  org.testng.internal.Utils - [Utils] MethodGroupsHelper.sortMethods() took 27 ms.
14:51:29.335 [main] INFO  org.testng.internal.Utils - [Utils] MethodGroupsHelper.collectMethodsByGroup() took 0 ms.
14:51:29.336 [main] INFO  org.testng.internal.Utils - [Utils] MethodGroupsHelper.sortMethods() took 0 ms.
14:51:29.339 [main] INFO  org.testng.internal.Utils - [Utils] MethodGroupsHelper.collectMethodsByGroup() took 0 ms.
14:51:29.339 [main] INFO  org.testng.internal.Utils - [Utils] MethodGroupsHelper.sortMethods() took 0 ms.
14:51:29.341 [main] INFO  org.testng.internal.Utils - [Utils] MethodGroupsHelper.collectMethodsByGroup() took 0 ms.
14:51:29.341 [main] INFO  org.testng.internal.Utils - [Utils] MethodGroupsHelper.sortMethods() took 0 ms.
14:51:29.348 [main] INFO  org.testng.internal.Utils - [Utils] MethodGroupsHelper.collectMethodsByGroup() took 0 ms.
14:51:29.348 [main] INFO  org.testng.internal.Utils - [Utils] MethodGroupsHelper.sortMethods() took 0 ms.
14:51:29.349 [main] INFO  org.testng.internal.Utils - [Utils] MethodGroupsHelper.collectMethodsByGroup() took 0 ms.
14:51:29.350 [main] INFO  org.testng.internal.Utils - [Utils] MethodGroupsHelper.sortMethods() took 0 ms.
14:51:29.352 [main] INFO  org.testng.internal.Utils - [Utils] MethodGroupsHelper.collectMethodsByGroup() took 0 ms.
14:51:29.353 [main] INFO  org.testng.internal.Utils - [Utils] MethodGroupsHelper.sortMethods() took 0 ms.
14:51:29.353 [main] INFO  org.testng.internal.Utils - [Utils] MethodGroupsHelper.collectMethodsByGroup() took 0 ms.
14:51:29.353 [main] INFO  org.testng.internal.Utils - [Utils] MethodGroupsHelper.sortMethods() took 0 ms.
14:51:29.355 [main] INFO  org.testng.internal.Utils - [Utils] MethodGroupsHelper.collectMethodsByGroup() took 0 ms.
14:51:29.356 [main] INFO  org.testng.internal.Utils - [Utils] MethodGroupsHelper.sortMethods() took 0 ms.
14:51:29.358 [main] INFO  org.testng.internal.Utils - [Utils] MethodGroupsHelper.collectMethodsByGroup() took 0 ms.
14:51:29.359 [main] INFO  org.testng.internal.Utils - [Utils] MethodGroupsHelper.sortMethods() took 0 ms.
14:51:29.359 [main] INFO  org.testng.internal.Utils - [Utils] MethodGroupsHelper.collectMethodsByGroup() took 0 ms.
14:51:29.360 [main] INFO  org.testng.internal.Utils - [Utils] MethodGroupsHelper.sortMethods() took 0 ms.
14:51:29.372 [main] INFO  org.testng.internal.Utils - [Utils] MethodGroupsHelper.collectMethodsByGroup() took 0 ms.
14:51:29.372 [main] INFO  org.testng.internal.Utils - [Utils] MethodGroupsHelper.sortMethods() took 0 ms.
14:51:29.372 [main] INFO  org.testng.internal.Utils - [Utils] MethodGroupsHelper.collectMethodsByGroup() took 0 ms.
14:51:29.377 [main] INFO  org.testng.internal.Utils - [Utils] MethodGroupsHelper.sortMethods() took 0 ms.
14:51:29.377 [main] INFO  org.testng.internal.Utils - [Utils] MethodGroupsHelper.collectMethodsByGroup() took 0 ms.
14:51:29.379 [main] INFO  org.testng.internal.Utils - [Utils] MethodGroupsHelper.sortMethods() took 0 ms.
14:51:29.380 [main] INFO  org.testng.internal.Utils - [Utils] MethodGroupsHelper.collectMethodsByGroup() took 0 ms.
14:51:29.380 [main] INFO  org.testng.internal.Utils - [Utils] MethodGroupsHelper.sortMethods() took 0 ms.
14:51:29.382 [main] INFO  org.testng.internal.Utils - [Utils] MethodGroupsHelper.collectMethodsByGroup() took 0 ms.
14:51:29.384 [main] INFO  org.testng.internal.Utils - [Utils] MethodGroupsHelper.sortMethods() took 1 ms.
14:51:29.385 [main] INFO  org.testng.internal.Utils - [Utils] MethodGroupsHelper.collectMethodsByGroup() took 0 ms.
14:51:29.385 [main] INFO  org.testng.internal.Utils - [Utils] MethodGroupsHelper.sortMethods() took 0 ms.
14:51:29.387 [main] INFO  org.testng.internal.Utils - [Utils] MethodGroupsHelper.collectMethodsByGroup() took 0 ms.
14:51:29.387 [main] INFO  org.testng.internal.Utils - [Utils] MethodGroupsHelper.sortMethods() took 0 ms.
14:51:29.387 [main] INFO  org.testng.internal.Utils - [Utils] MethodGroupsHelper.collectMethodsByGroup() took 0 ms.
14:51:29.390 [main] INFO  org.testng.internal.Utils - [Utils] MethodGroupsHelper.sortMethods() took 0 ms.
14:51:29.390 [main] INFO  org.testng.internal.Utils - [Utils] MethodGroupsHelper.collectMethodsByGroup() took 0 ms.
14:51:29.392 [main] INFO  org.testng.internal.Utils - [Utils] MethodGroupsHelper.sortMethods() took 0 ms.
14:51:29.392 [main] INFO  org.testng.internal.Utils - [Utils] MethodGroupsHelper.collectMethodsByGroup() took 0 ms.
14:51:29.392 [main] INFO  org.testng.internal.Utils - [Utils] MethodGroupsHelper.sortMethods() took 0 ms.
14:51:29.392 [main] INFO  org.testng.internal.Utils - [Utils] MethodGroupsHelper.collectMethodsByGroup() took 0 ms.
14:51:29.392 [main] INFO  org.testng.internal.Utils - [Utils] MethodGroupsHelper.sortMethods() took 0 ms.
14:51:29.392 [main] INFO  org.testng.internal.Utils - [Utils] MethodGroupsHelper.collectMethodsByGroup() took 0 ms.
14:51:29.392 [main] INFO  org.testng.internal.Utils - [Utils] MethodGroupsHelper.sortMethods() took 0 ms.
14:51:29.397 [main] INFO  org.testng.internal.Utils - [Utils] MethodGroupsHelper.collectMethodsByGroup() took 0 ms.
14:51:29.399 [main] INFO  org.testng.internal.Utils - [Utils] MethodGroupsHelper.sortMethods() took 2 ms.
14:51:29.400 [main] INFO  org.testng.internal.Utils - [Utils] MethodGroupsHelper.collectMethodsByGroup() took 0 ms.
14:51:29.401 [main] INFO  org.testng.internal.Utils - [Utils] MethodGroupsHelper.sortMethods() took 0 ms.
14:51:29.401 [main] INFO  org.testng.internal.Utils - [Utils] MethodGroupsHelper.collectMethodsByGroup() took 0 ms.
14:51:29.401 [main] INFO  org.testng.internal.Utils - [Utils] MethodGroupsHelper.sortMethods() took 0 ms.
14:51:29.403 [main] INFO  org.testng.internal.Utils - [TestNG] Running:
  D:\Testing\TheCapacity\docker-grid.xml

14:51:29.421 [main] INFO  org.testng.internal.Utils - [ThreadUtil] Starting executor timeOut:2147483647ms workers:2 threadPoolSize:5
14:51:29.727 [TestNG-tests-2] INFO  org.testng.internal.Utils - [Utils] DynamicGraphHelper.createDynamicGraph() took 10 ms.
14:51:30.022 [TestNG-tests-1] INFO  org.testng.internal.Utils - [Utils] DynamicGraphHelper.createDynamicGraph() took 0 ms.
14:51:39.180 [TestNG-tests-1] INFO  testCases.TC002_LoginTest - ===Starting Testing of Login Page===
14:51:39.232 [TestNG-tests-1] INFO  testCases.TC002_LoginTest - ===Entering email===
14:51:41.326 [TestNG-tests-1] INFO  testCases.TC002_LoginTest - ===Entering password===
14:51:59.694 [TestNG-tests-2] INFO  testCases.TC002_LoginTest - ===Starting Testing of Login Page===
14:51:59.696 [TestNG-tests-2] INFO  testCases.TC002_LoginTest - ===Entering email===
14:52:00.094 [TestNG-tests-2] INFO  testCases.TC002_LoginTest - ===Entering password===
14:52:47.695 [main] INFO  org.testng.internal.Utils - [TestNG] Time taken by org.testng.internal.ExitCodeListener@66ac5762: 0 ms
14:57:12.373 [main] WARN  org.testng.xml.TestNGContentHandler - It is strongly recommended to add "<!DOCTYPE suite SYSTEM "https://testng.org/testng-1.0.dtd" >" at the top of the suite file [D:\Testing\TheCapacity\docker-grid.xml] otherwise TestNG may fail or not work as expected.
14:57:12.896 [main] INFO  org.testng.internal.Utils - [TestNG] Running:
  D:\Testing\TheCapacity\docker-grid.xml

14:57:20.536 [TestNG-tests-1] INFO  testCases.TC002_LoginTest - ===Starting Testing of Login Page===
14:57:20.590 [TestNG-tests-1] INFO  testCases.TC002_LoginTest - ===Entering email===
14:57:21.817 [TestNG-tests-1] INFO  testCases.TC002_LoginTest - ===Entering password===
14:57:26.857 [TestNG-tests-1] INFO  testCases.TC002_LoginTest - ===Sign in successfully===
14:58:00.143 [TestNG-tests-2] INFO  testCases.TC002_LoginTest - ===Starting Testing of Login Page===
14:58:00.147 [TestNG-tests-2] INFO  testCases.TC002_LoginTest - ===Entering email===
14:58:01.090 [TestNG-tests-2] INFO  testCases.TC002_LoginTest - ===Entering password===
14:58:05.172 [TestNG-tests-2] INFO  testCases.TC002_LoginTest - ===Sign in successfully===
15:05:48.333 [main] WARN  org.testng.xml.TestNGContentHandler - It is strongly recommended to add "<!DOCTYPE suite SYSTEM "https://testng.org/testng-1.0.dtd" >" at the top of the suite file [D:\Testing\TheCapacity\docker-grid.xml] otherwise TestNG may fail or not work as expected.
15:05:48.919 [main] INFO  org.testng.internal.Utils - [TestNG] Running:
  D:\Testing\TheCapacity\docker-grid.xml

15:05:56.203 [main] INFO  testCases.TC002_LoginTest - ===Starting Testing of Login Page===
15:05:56.250 [main] INFO  testCases.TC002_LoginTest - ===Entering email===
15:05:57.708 [main] INFO  testCases.TC002_LoginTest - ===Entering password===
15:06:43.620 [main] INFO  testCases.TC002_LoginTest - ===Starting Testing of Login Page===
15:06:43.625 [main] INFO  testCases.TC002_LoginTest - ===Entering email===
15:06:45.202 [main] INFO  testCases.TC002_LoginTest - ===Entering password===
15:06:50.173 [main] INFO  testCases.TC002_LoginTest - ===Sign in successfully===
15:08:07.188 [main] WARN  org.testng.xml.TestNGContentHandler - It is strongly recommended to add "<!DOCTYPE suite SYSTEM "https://testng.org/testng-1.0.dtd" >" at the top of the suite file [D:\Testing\TheCapacity\docker-grid.xml] otherwise TestNG may fail or not work as expected.
15:08:07.773 [main] INFO  org.testng.internal.Utils - [TestNG] Running:
  D:\Testing\TheCapacity\docker-grid.xml

15:12:34.770 [main] INFO  testCases.TC002_LoginTest - ===Starting Testing of Login Page===
15:12:34.823 [main] INFO  testCases.TC002_LoginTest - ===Entering email===
15:12:36.130 [main] INFO  testCases.TC002_LoginTest - ===Entering password===
15:12:40.626 [main] INFO  testCases.TC002_LoginTest - ===Sign in successfully===
15:13:38.053 [main] WARN  org.testng.xml.TestNGContentHandler - It is strongly recommended to add "<!DOCTYPE suite SYSTEM "https://testng.org/testng-1.0.dtd" >" at the top of the suite file [D:\Testing\TheCapacity\docker-grid.xml] otherwise TestNG may fail or not work as expected.
15:13:38.590 [main] INFO  org.testng.internal.Utils - [TestNG] Running:
  D:\Testing\TheCapacity\docker-grid.xml

15:13:48.636 [main] INFO  testCases.TC002_LoginTest - ===Starting Testing of Login Page===
15:13:48.676 [main] INFO  testCases.TC002_LoginTest - ===Entering email===
15:13:50.313 [main] INFO  testCases.TC002_LoginTest - ===Entering password===
15:13:54.295 [main] INFO  testCases.TC002_LoginTest - ===Sign in successfully===
15:17:57.373 [main] WARN  org.testng.xml.TestNGContentHandler - It is strongly recommended to add "<!DOCTYPE suite SYSTEM "https://testng.org/testng-1.0.dtd" >" at the top of the suite file [D:\Testing\TheCapacity\docker-grid.xml] otherwise TestNG may fail or not work as expected.
15:17:58.010 [main] INFO  org.testng.internal.Utils - [TestNG] Running:
  D:\Testing\TheCapacity\docker-grid.xml

15:19:24.930 [main] INFO  testCases.TC002_LoginTest - ===Starting Testing of Login Page===
15:19:24.986 [main] INFO  testCases.TC002_LoginTest - ===Entering email===
15:19:26.607 [main] INFO  testCases.TC002_LoginTest - ===Entering password===
15:19:31.576 [main] INFO  testCases.TC002_LoginTest - ===Sign in successfully===
15:19:50.020 [main] INFO  testCases.TC002_LoginTest - ===Starting Testing of Login Page===
15:19:50.027 [main] INFO  testCases.TC002_LoginTest - ===Entering email===
15:19:51.672 [main] INFO  testCases.TC002_LoginTest - ===Entering password===
15:19:56.079 [main] INFO  testCases.TC002_LoginTest - ===Sign in successfully===
15:52:49.402 [main] WARN  org.testng.xml.TestNGContentHandler - It is strongly recommended to add "<!DOCTYPE suite SYSTEM "https://testng.org/testng-1.0.dtd" >" at the top of the suite file [D:\Testing\TheCapacity\docker-grid.xml] otherwise TestNG may fail or not work as expected.
15:52:50.088 [main] INFO  org.testng.internal.Utils - [TestNG] Running:
  D:\Testing\TheCapacity\docker-grid.xml

15:53:13.035 [main] INFO  testCases.TC002_LoginTest - ===Starting Testing of Login Page===
15:53:13.081 [main] INFO  testCases.TC002_LoginTest - ===Entering email===
15:53:15.910 [main] INFO  testCases.TC002_LoginTest - ===Entering password===
15:53:22.428 [main] INFO  testCases.TC002_LoginTest - ===Sign in successfully===
15:54:09.842 [main] INFO  testCases.TC002_LoginTest - ===Starting Testing of Login Page===
15:54:09.844 [main] INFO  testCases.TC002_LoginTest - ===Entering email===
15:54:12.457 [main] INFO  testCases.TC002_LoginTest - ===Entering password===
15:54:19.965 [main] INFO  testCases.TC002_LoginTest - ===Sign in successfully===
16:34:50.706 [main] WARN  org.testng.xml.TestNGContentHandler - It is strongly recommended to add "<!DOCTYPE suite SYSTEM "https://testng.org/testng-1.0.dtd" >" at the top of the suite file [D:\Testing\TheCapacity\docker-grid.xml] otherwise TestNG may fail or not work as expected.
16:35:06.514 [main] INFO  testCases.TC002_LoginTest - ===Starting Testing of Login Page===
16:35:06.555 [main] INFO  testCases.TC002_LoginTest - ===Entering email===
16:38:39.283 [main] WARN  org.testng.xml.TestNGContentHandler - It is strongly recommended to add "<!DOCTYPE suite SYSTEM "https://testng.org/testng-1.0.dtd" >" at the top of the suite file [D:\Testing\TheCapacity\testCases.xml] otherwise TestNG may fail or not work as expected.
16:38:39.891 [main] INFO  org.testng.internal.Utils - [Utils] MethodGroupsHelper.collectMethodsByGroup() took 1 ms.
16:38:39.899 [main] INFO  org.testng.internal.Utils - [Utils] MethodGroupsHelper.sortMethods() took 3 ms.
16:38:39.906 [main] INFO  org.testng.internal.Utils - [Utils] MethodGroupsHelper.collectMethodsByGroup() took 0 ms.
16:38:39.907 [main] INFO  org.testng.internal.Utils - [Utils] MethodGroupsHelper.sortMethods() took 0 ms.
16:38:39.909 [main] INFO  org.testng.internal.Utils - [Utils] MethodGroupsHelper.collectMethodsByGroup() took 0 ms.
16:38:39.910 [main] INFO  org.testng.internal.Utils - [Utils] MethodGroupsHelper.sortMethods() took 0 ms.
16:38:39.917 [main] INFO  org.testng.internal.Utils - [Utils] MethodGroupsHelper.collectMethodsByGroup() took 0 ms.
16:38:39.919 [main] INFO  org.testng.internal.Utils - [Utils] MethodGroupsHelper.sortMethods() took 0 ms.
16:38:39.933 [main] INFO  org.testng.internal.Utils - [Utils] MethodGroupsHelper.collectMethodsByGroup() took 9 ms.
16:38:39.975 [main] INFO  org.testng.internal.Utils - [Utils] MethodGroupsHelper.sortMethods() took 41 ms.
16:38:39.979 [main] INFO  org.testng.internal.Utils - [Utils] MethodGroupsHelper.collectMethodsByGroup() took 0 ms.
16:38:39.980 [main] INFO  org.testng.internal.Utils - [Utils] MethodGroupsHelper.sortMethods() took 0 ms.
16:38:39.982 [main] INFO  org.testng.internal.Utils - [Utils] MethodGroupsHelper.collectMethodsByGroup() took 0 ms.
16:38:39.982 [main] INFO  org.testng.internal.Utils - [Utils] MethodGroupsHelper.sortMethods() took 0 ms.
16:38:39.984 [main] INFO  org.testng.internal.Utils - [Utils] MethodGroupsHelper.collectMethodsByGroup() took 0 ms.
16:38:39.985 [main] INFO  org.testng.internal.Utils - [Utils] MethodGroupsHelper.sortMethods() took 0 ms.
16:38:39.992 [main] INFO  org.testng.internal.Utils - [Utils] MethodGroupsHelper.collectMethodsByGroup() took 0 ms.
16:38:39.993 [main] INFO  org.testng.internal.Utils - [Utils] MethodGroupsHelper.sortMethods() took 0 ms.
16:38:39.994 [main] INFO  org.testng.internal.Utils - [Utils] MethodGroupsHelper.collectMethodsByGroup() took 0 ms.
16:38:39.995 [main] INFO  org.testng.internal.Utils - [Utils] MethodGroupsHelper.sortMethods() took 0 ms.
16:38:39.998 [main] INFO  org.testng.internal.Utils - [Utils] MethodGroupsHelper.collectMethodsByGroup() took 0 ms.
16:38:39.998 [main] INFO  org.testng.internal.Utils - [Utils] MethodGroupsHelper.sortMethods() took 0 ms.
16:38:39.999 [main] INFO  org.testng.internal.Utils - [Utils] MethodGroupsHelper.collectMethodsByGroup() took 0 ms.
16:38:39.999 [main] INFO  org.testng.internal.Utils - [Utils] MethodGroupsHelper.sortMethods() took 0 ms.
16:38:40.002 [main] INFO  org.testng.internal.Utils - [Utils] MethodGroupsHelper.collectMethodsByGroup() took 0 ms.
16:38:40.005 [main] INFO  org.testng.internal.Utils - [Utils] MethodGroupsHelper.sortMethods() took 2 ms.
16:38:40.009 [main] INFO  org.testng.internal.Utils - [Utils] MethodGroupsHelper.collectMethodsByGroup() took 0 ms.
16:38:40.009 [main] INFO  org.testng.internal.Utils - [Utils] MethodGroupsHelper.sortMethods() took 0 ms.
16:38:40.010 [main] INFO  org.testng.internal.Utils - [Utils] MethodGroupsHelper.collectMethodsByGroup() took 0 ms.
16:38:40.010 [main] INFO  org.testng.internal.Utils - [Utils] MethodGroupsHelper.sortMethods() took 0 ms.
16:38:40.022 [main] INFO  org.testng.internal.Utils - [TestNG] Running:
  D:\Testing\TheCapacity\testCases.xml

16:38:40.038 [main] INFO  org.testng.internal.Utils - [ThreadUtil] Starting executor timeOut:2147483647ms workers:1 threadPoolSize:5
16:38:40.630 [TestNG-tests-1] INFO  org.testng.internal.Utils - [Utils] DynamicGraphHelper.createDynamicGraph() took 8 ms.
16:41:44.798 [main] INFO  org.testng.internal.Utils - [TestNG] Time taken by org.testng.internal.ExitCodeListener@512535ff: 0 ms
17:08:59.479 [main] WARN  org.testng.xml.TestNGContentHandler - It is strongly recommended to add "<!DOCTYPE suite SYSTEM "https://testng.org/testng-1.0.dtd" >" at the top of the suite file [D:\Testing\TheCapacity\testCases.xml] otherwise TestNG may fail or not work as expected.
17:09:00.083 [main] INFO  org.testng.internal.Utils - [Utils] MethodGroupsHelper.collectMethodsByGroup() took 3 ms.
17:09:00.090 [main] INFO  org.testng.internal.Utils - [Utils] MethodGroupsHelper.sortMethods() took 3 ms.
17:09:00.094 [main] INFO  org.testng.internal.Utils - [Utils] MethodGroupsHelper.collectMethodsByGroup() took 0 ms.
17:09:00.095 [main] INFO  org.testng.internal.Utils - [Utils] MethodGroupsHelper.sortMethods() took 0 ms.
17:09:00.096 [main] INFO  org.testng.internal.Utils - [Utils] MethodGroupsHelper.collectMethodsByGroup() took 0 ms.
17:09:00.097 [main] INFO  org.testng.internal.Utils - [Utils] MethodGroupsHelper.sortMethods() took 0 ms.
17:09:00.099 [main] INFO  org.testng.internal.Utils - [Utils] MethodGroupsHelper.collectMethodsByGroup() took 0 ms.
17:09:00.099 [main] INFO  org.testng.internal.Utils - [Utils] MethodGroupsHelper.sortMethods() took 0 ms.
17:09:00.112 [main] INFO  org.testng.internal.Utils - [Utils] MethodGroupsHelper.collectMethodsByGroup() took 8 ms.
17:09:00.146 [main] INFO  org.testng.internal.Utils - [Utils] MethodGroupsHelper.sortMethods() took 33 ms.
17:09:00.148 [main] INFO  org.testng.internal.Utils - [Utils] MethodGroupsHelper.collectMethodsByGroup() took 0 ms.
17:09:00.149 [main] INFO  org.testng.internal.Utils - [Utils] MethodGroupsHelper.sortMethods() took 0 ms.
17:09:00.151 [main] INFO  org.testng.internal.Utils - [Utils] MethodGroupsHelper.collectMethodsByGroup() took 0 ms.
17:09:00.151 [main] INFO  org.testng.internal.Utils - [Utils] MethodGroupsHelper.sortMethods() took 0 ms.
17:09:00.152 [main] INFO  org.testng.internal.Utils - [Utils] MethodGroupsHelper.collectMethodsByGroup() took 0 ms.
17:09:00.153 [main] INFO  org.testng.internal.Utils - [Utils] MethodGroupsHelper.sortMethods() took 0 ms.
17:09:00.170 [main] INFO  org.testng.internal.Utils - [Utils] MethodGroupsHelper.collectMethodsByGroup() took 0 ms.
17:09:00.171 [main] INFO  org.testng.internal.Utils - [Utils] MethodGroupsHelper.sortMethods() took 0 ms.
17:09:00.172 [main] INFO  org.testng.internal.Utils - [Utils] MethodGroupsHelper.collectMethodsByGroup() took 0 ms.
17:09:00.173 [main] INFO  org.testng.internal.Utils - [Utils] MethodGroupsHelper.sortMethods() took 0 ms.
17:09:00.175 [main] INFO  org.testng.internal.Utils - [Utils] MethodGroupsHelper.collectMethodsByGroup() took 0 ms.
17:09:00.176 [main] INFO  org.testng.internal.Utils - [Utils] MethodGroupsHelper.sortMethods() took 0 ms.
17:09:00.176 [main] INFO  org.testng.internal.Utils - [Utils] MethodGroupsHelper.collectMethodsByGroup() took 0 ms.
17:09:00.177 [main] INFO  org.testng.internal.Utils - [Utils] MethodGroupsHelper.sortMethods() took 0 ms.
17:09:00.180 [main] INFO  org.testng.internal.Utils - [Utils] MethodGroupsHelper.collectMethodsByGroup() took 1 ms.
17:09:00.180 [main] INFO  org.testng.internal.Utils - [Utils] MethodGroupsHelper.sortMethods() took 0 ms.
17:09:00.183 [main] INFO  org.testng.internal.Utils - [Utils] MethodGroupsHelper.collectMethodsByGroup() took 0 ms.
17:09:00.183 [main] INFO  org.testng.internal.Utils - [Utils] MethodGroupsHelper.sortMethods() took 0 ms.
17:09:00.184 [main] INFO  org.testng.internal.Utils - [Utils] MethodGroupsHelper.collectMethodsByGroup() took 0 ms.
17:09:00.184 [main] INFO  org.testng.internal.Utils - [Utils] MethodGroupsHelper.sortMethods() took 0 ms.
17:09:00.197 [main] INFO  org.testng.internal.Utils - [TestNG] Running:
  D:\Testing\TheCapacity\testCases.xml

17:09:00.215 [main] INFO  org.testng.internal.Utils - [ThreadUtil] Starting executor timeOut:2147483647ms workers:1 threadPoolSize:5
17:09:00.814 [TestNG-tests-1] INFO  org.testng.internal.Utils - [Utils] DynamicGraphHelper.createDynamicGraph() took 9 ms.
17:12:04.952 [main] INFO  org.testng.internal.Utils - [TestNG] Time taken by org.testng.internal.ExitCodeListener@4748a0f9: 0 ms
17:12:49.805 [main] WARN  org.testng.xml.TestNGContentHandler - It is strongly recommended to add "<!DOCTYPE suite SYSTEM "https://testng.org/testng-1.0.dtd" >" at the top of the suite file [D:\Testing\TheCapacity\testCases.xml] otherwise TestNG may fail or not work as expected.
17:12:50.284 [main] INFO  org.testng.internal.Utils - [Utils] MethodGroupsHelper.collectMethodsByGroup() took 2 ms.
17:12:50.294 [main] INFO  org.testng.internal.Utils - [Utils] MethodGroupsHelper.sortMethods() took 3 ms.
17:12:50.301 [main] INFO  org.testng.internal.Utils - [Utils] MethodGroupsHelper.collectMethodsByGroup() took 0 ms.
17:12:50.301 [main] INFO  org.testng.internal.Utils - [Utils] MethodGroupsHelper.sortMethods() took 0 ms.
17:12:50.304 [main] INFO  org.testng.internal.Utils - [Utils] MethodGroupsHelper.collectMethodsByGroup() took 0 ms.
17:12:50.304 [main] INFO  org.testng.internal.Utils - [Utils] MethodGroupsHelper.sortMethods() took 0 ms.
17:12:50.306 [main] INFO  org.testng.internal.Utils - [Utils] MethodGroupsHelper.collectMethodsByGroup() took 0 ms.
17:12:50.306 [main] INFO  org.testng.internal.Utils - [Utils] MethodGroupsHelper.sortMethods() took 0 ms.
17:12:50.315 [main] INFO  org.testng.internal.Utils - [Utils] MethodGroupsHelper.collectMethodsByGroup() took 6 ms.
17:12:50.353 [main] INFO  org.testng.internal.Utils - [Utils] MethodGroupsHelper.sortMethods() took 37 ms.
17:12:50.360 [main] INFO  org.testng.internal.Utils - [Utils] MethodGroupsHelper.collectMethodsByGroup() took 0 ms.
17:12:50.361 [main] INFO  org.testng.internal.Utils - [Utils] MethodGroupsHelper.sortMethods() took 0 ms.
17:12:50.364 [main] INFO  org.testng.internal.Utils - [Utils] MethodGroupsHelper.collectMethodsByGroup() took 0 ms.
17:12:50.364 [main] INFO  org.testng.internal.Utils - [Utils] MethodGroupsHelper.sortMethods() took 0 ms.
17:12:50.367 [main] INFO  org.testng.internal.Utils - [Utils] MethodGroupsHelper.collectMethodsByGroup() took 0 ms.
17:12:50.368 [main] INFO  org.testng.internal.Utils - [Utils] MethodGroupsHelper.sortMethods() took 0 ms.
17:12:50.381 [main] INFO  org.testng.internal.Utils - [Utils] MethodGroupsHelper.collectMethodsByGroup() took 0 ms.
17:12:50.382 [main] INFO  org.testng.internal.Utils - [Utils] MethodGroupsHelper.sortMethods() took 0 ms.
17:12:50.383 [main] INFO  org.testng.internal.Utils - [Utils] MethodGroupsHelper.collectMethodsByGroup() took 0 ms.
17:12:50.384 [main] INFO  org.testng.internal.Utils - [Utils] MethodGroupsHelper.sortMethods() took 0 ms.
17:12:50.390 [main] INFO  org.testng.internal.Utils - [Utils] MethodGroupsHelper.collectMethodsByGroup() took 0 ms.
17:12:50.391 [main] INFO  org.testng.internal.Utils - [Utils] MethodGroupsHelper.sortMethods() took 0 ms.
17:12:50.393 [main] INFO  org.testng.internal.Utils - [Utils] MethodGroupsHelper.collectMethodsByGroup() took 0 ms.
17:12:50.395 [main] INFO  org.testng.internal.Utils - [Utils] MethodGroupsHelper.sortMethods() took 0 ms.
17:12:50.398 [main] INFO  org.testng.internal.Utils - [Utils] MethodGroupsHelper.collectMethodsByGroup() took 0 ms.
17:12:50.400 [main] INFO  org.testng.internal.Utils - [Utils] MethodGroupsHelper.sortMethods() took 1 ms.
17:12:50.402 [main] INFO  org.testng.internal.Utils - [Utils] MethodGroupsHelper.collectMethodsByGroup() took 0 ms.
17:12:50.402 [main] INFO  org.testng.internal.Utils - [Utils] MethodGroupsHelper.sortMethods() took 0 ms.
17:12:50.403 [main] INFO  org.testng.internal.Utils - [Utils] MethodGroupsHelper.collectMethodsByGroup() took 0 ms.
17:12:50.414 [main] INFO  org.testng.internal.Utils - [Utils] MethodGroupsHelper.sortMethods() took 1 ms.
17:12:50.430 [main] INFO  org.testng.internal.Utils - [TestNG] Running:
  D:\Testing\TheCapacity\testCases.xml

17:12:50.447 [main] INFO  org.testng.internal.Utils - [ThreadUtil] Starting executor timeOut:2147483647ms workers:1 threadPoolSize:5
17:12:51.032 [TestNG-tests-1] INFO  org.testng.internal.Utils - [Utils] DynamicGraphHelper.createDynamicGraph() took 7 ms.
17:13:32.606 [TestNG-tests-1] INFO  testCases.TC002_LoginTest - ===Starting Testing of Login Page===
17:13:32.723 [TestNG-tests-1] INFO  testCases.TC002_LoginTest - ===Entering email===
17:13:38.245 [TestNG-tests-1] INFO  testCases.TC002_LoginTest - ===Entering password===
17:13:44.037 [TestNG-tests-1] INFO  testCases.TC002_LoginTest - ===Sign in successfully===
17:13:47.543 [main] INFO  org.testng.internal.Utils - [TestNG] Time taken by org.testng.internal.ExitCodeListener@525575: 0 ms
17:16:57.419 [main] WARN  org.testng.xml.TestNGContentHandler - It is strongly recommended to add "<!DOCTYPE suite SYSTEM "https://testng.org/testng-1.0.dtd" >" at the top of the suite file [D:\Testing\TheCapacity\testCases.xml] otherwise TestNG may fail or not work as expected.
17:16:57.825 [main] INFO  org.testng.internal.Utils - [Utils] MethodGroupsHelper.collectMethodsByGroup() took 1 ms.
17:16:57.830 [main] INFO  org.testng.internal.Utils - [Utils] MethodGroupsHelper.sortMethods() took 2 ms.
17:16:57.834 [main] INFO  org.testng.internal.Utils - [Utils] MethodGroupsHelper.collectMethodsByGroup() took 0 ms.
17:16:57.834 [main] INFO  org.testng.internal.Utils - [Utils] MethodGroupsHelper.sortMethods() took 0 ms.
17:16:57.836 [main] INFO  org.testng.internal.Utils - [Utils] MethodGroupsHelper.collectMethodsByGroup() took 0 ms.
17:16:57.836 [main] INFO  org.testng.internal.Utils - [Utils] MethodGroupsHelper.sortMethods() took 0 ms.
17:16:57.836 [main] INFO  org.testng.internal.Utils - [Utils] MethodGroupsHelper.collectMethodsByGroup() took 0 ms.
17:16:57.837 [main] INFO  org.testng.internal.Utils - [Utils] MethodGroupsHelper.sortMethods() took 0 ms.
17:16:57.847 [main] INFO  org.testng.internal.Utils - [Utils] MethodGroupsHelper.collectMethodsByGroup() took 5 ms.
17:16:57.866 [main] INFO  org.testng.internal.Utils - [Utils] MethodGroupsHelper.sortMethods() took 17 ms.
17:16:57.869 [main] INFO  org.testng.internal.Utils - [Utils] MethodGroupsHelper.collectMethodsByGroup() took 0 ms.
17:16:57.870 [main] INFO  org.testng.internal.Utils - [Utils] MethodGroupsHelper.sortMethods() took 0 ms.
17:16:57.871 [main] INFO  org.testng.internal.Utils - [Utils] MethodGroupsHelper.collectMethodsByGroup() took 0 ms.
17:16:57.872 [main] INFO  org.testng.internal.Utils - [Utils] MethodGroupsHelper.sortMethods() took 0 ms.
17:16:57.872 [main] INFO  org.testng.internal.Utils - [Utils] MethodGroupsHelper.collectMethodsByGroup() took 0 ms.
17:16:57.873 [main] INFO  org.testng.internal.Utils - [Utils] MethodGroupsHelper.sortMethods() took 0 ms.
17:16:57.881 [main] INFO  org.testng.internal.Utils - [Utils] MethodGroupsHelper.collectMethodsByGroup() took 0 ms.
17:16:57.882 [main] INFO  org.testng.internal.Utils - [Utils] MethodGroupsHelper.sortMethods() took 0 ms.
17:16:57.883 [main] INFO  org.testng.internal.Utils - [Utils] MethodGroupsHelper.collectMethodsByGroup() took 0 ms.
17:16:57.884 [main] INFO  org.testng.internal.Utils - [Utils] MethodGroupsHelper.sortMethods() took 0 ms.
17:16:57.888 [main] INFO  org.testng.internal.Utils - [Utils] MethodGroupsHelper.collectMethodsByGroup() took 0 ms.
17:16:57.889 [main] INFO  org.testng.internal.Utils - [Utils] MethodGroupsHelper.sortMethods() took 0 ms.
17:16:57.889 [main] INFO  org.testng.internal.Utils - [Utils] MethodGroupsHelper.collectMethodsByGroup() took 0 ms.
17:16:57.889 [main] INFO  org.testng.internal.Utils - [Utils] MethodGroupsHelper.sortMethods() took 0 ms.
17:16:57.893 [main] INFO  org.testng.internal.Utils - [Utils] MethodGroupsHelper.collectMethodsByGroup() took 1 ms.
17:16:57.893 [main] INFO  org.testng.internal.Utils - [Utils] MethodGroupsHelper.sortMethods() took 0 ms.
17:16:57.896 [main] INFO  org.testng.internal.Utils - [Utils] MethodGroupsHelper.collectMethodsByGroup() took 0 ms.
17:16:57.897 [main] INFO  org.testng.internal.Utils - [Utils] MethodGroupsHelper.sortMethods() took 0 ms.
17:16:57.897 [main] INFO  org.testng.internal.Utils - [Utils] MethodGroupsHelper.collectMethodsByGroup() took 0 ms.
17:16:57.898 [main] INFO  org.testng.internal.Utils - [Utils] MethodGroupsHelper.sortMethods() took 0 ms.
17:16:57.929 [main] INFO  org.testng.internal.Utils - [ThreadUtil] Starting executor timeOut:2147483647ms workers:1 threadPoolSize:5
17:16:58.626 [TestNG-tests-1] INFO  org.testng.internal.Utils - [Utils] DynamicGraphHelper.createDynamicGraph() took 12 ms.
17:19:08.330 [TestNG-tests-1] INFO  testCases.TC002_LoginTest - ===Starting Testing of Login Page===
17:19:08.382 [TestNG-tests-1] INFO  testCases.TC002_LoginTest - ===Entering email===
17:19:10.306 [TestNG-tests-1] INFO  testCases.TC002_LoginTest - ===Entering password===
17:19:14.884 [TestNG-tests-1] INFO  testCases.TC002_LoginTest - ===Sign in successfully===
17:19:18.473 [main] INFO  org.testng.internal.Utils - [TestNG] Time taken by org.testng.reporters.SuiteHTMLReporter@7b420819: 439 ms
17:19:18.727 [main] INFO  org.testng.internal.Utils - [TestNG] Time taken by org.testng.reporters.jq.Main@52c3cb31: 253 ms
17:19:18.729 [main] INFO  org.testng.internal.Utils - [TestNG] Time taken by org.testng.reporters.FailedReporter@4b79ac84: 1 ms
17:19:18.771 [main] INFO  org.testng.internal.Utils - [TestNG] Time taken by org.testng.reporters.XMLReporter@676cf48: 42 ms
17:19:18.896 [main] INFO  org.testng.internal.Utils - [TestNG] Time taken by org.testng.reporters.EmailableReporter2@ee86bcb: 123 ms
17:19:18.930 [main] INFO  org.testng.internal.Utils - [TestNG] Time taken by org.testng.reporters.JUnitReportReporter@30af5b6b: 34 ms
17:19:18.941 [main] INFO  org.testng.internal.Utils - [TestNG] Time taken by org.testng.internal.ExitCodeListener@19835e64: 0 ms
17:26:25.886 [main] WARN  org.testng.xml.TestNGContentHandler - It is strongly recommended to add "<!DOCTYPE suite SYSTEM "https://testng.org/testng-1.0.dtd" >" at the top of the suite file [D:\Testing\TheCapacity\docker-grid.xml] otherwise TestNG may fail or not work as expected.
17:26:45.889 [main] INFO  testCases.TC002_LoginTest - ===Starting Testing of Login Page===
17:26:45.938 [main] INFO  testCases.TC002_LoginTest - ===Entering email===
17:26:49.082 [main] INFO  testCases.TC002_LoginTest - ===Entering password===
17:28:23.283 [main] INFO  testCases.TC002_LoginTest - ===Starting Testing of Login Page===
17:28:23.285 [main] INFO  testCases.TC002_LoginTest - ===Entering email===
17:28:25.472 [main] INFO  testCases.TC002_LoginTest - ===Entering password===
17:28:32.687 [main] INFO  testCases.TC002_LoginTest - ===Sign in successfully===
17:32:40.120 [main] WARN  org.testng.xml.TestNGContentHandler - It is strongly recommended to add "<!DOCTYPE suite SYSTEM "https://testng.org/testng-1.0.dtd" >" at the top of the suite file [D:\Testing\TheCapacity\docker-grid.xml] otherwise TestNG may fail or not work as expected.
17:32:57.949 [main] INFO  testCases.TC002_LoginTest - ===Starting Testing of Login Page===
17:32:57.997 [main] INFO  testCases.TC002_LoginTest - ===Entering email===
17:33:01.152 [main] INFO  testCases.TC002_LoginTest - ===Entering password===
17:33:06.448 [main] INFO  testCases.TC002_LoginTest - ===Sign in successfully===
17:34:27.609 [main] INFO  testCases.TC002_LoginTest - ===Starting Testing of Login Page===
17:34:27.611 [main] INFO  testCases.TC002_LoginTest - ===Entering email===
17:34:29.265 [main] INFO  testCases.TC002_LoginTest - ===Entering password===
17:34:34.160 [main] INFO  testCases.TC002_LoginTest - ===Sign in successfully===
12:45:54.676 [main] WARN  org.testng.xml.TestNGContentHandler - It is strongly recommended to add "<!DOCTYPE suite SYSTEM "https://testng.org/testng-1.0.dtd" >" at the top of the suite file [D:\Testing\TheCapacity\docker-grid.xml] otherwise TestNG may fail or not work as expected.
12:56:15.150 [main] WARN  org.testng.xml.TestNGContentHandler - It is strongly recommended to add "<!DOCTYPE suite SYSTEM "https://testng.org/testng-1.0.dtd" >" at the top of the suite file [D:\Testing\TheCapacity\docker-grid.xml] otherwise TestNG may fail or not work as expected.
12:56:25.312 [main] INFO  testCases.TC002_LoginTest - ===Starting Testing of Login Page===
12:56:25.425 [main] INFO  testCases.TC002_LoginTest - ===Entering email===
12:56:26.786 [main] INFO  testCases.TC002_LoginTest - ===Entering password===
12:56:31.914 [main] INFO  testCases.TC002_LoginTest - ===Sign in successfully===
12:56:55.996 [main] INFO  testCases.TC002_LoginTest - ===Starting Testing of Login Page===
12:56:55.996 [main] INFO  testCases.TC002_LoginTest - ===Entering email===
12:56:59.083 [main] INFO  testCases.TC002_LoginTest - ===Entering password===
12:57:05.525 [main] INFO  testCases.TC002_LoginTest - ===Sign in successfully===
13:25:13.738 [main] INFO  org.testng.internal.Utils - [TestNG] Running:
  C:\Users\ritika.rajput\AppData\Local\JetBrains\IdeaIC2025.1\temp-testng-customsuite.xml

13:25:58.342 [main] WARN  org.testng.xml.TestNGContentHandler - It is strongly recommended to add "<!DOCTYPE suite SYSTEM "https://testng.org/testng-1.0.dtd" >" at the top of the suite file [D:\Testing\TheCapacity\testCases.xml] otherwise TestNG may fail or not work as expected.
13:25:58.750 [main] INFO  org.testng.internal.Utils - [Utils] MethodGroupsHelper.collectMethodsByGroup() took 0 ms.
13:25:58.750 [main] INFO  org.testng.internal.Utils - [Utils] MethodGroupsHelper.sortMethods() took 0 ms.
13:25:58.767 [main] INFO  org.testng.internal.Utils - [Utils] MethodGroupsHelper.collectMethodsByGroup() took 0 ms.
13:25:58.767 [main] INFO  org.testng.internal.Utils - [Utils] MethodGroupsHelper.sortMethods() took 0 ms.
13:25:58.767 [main] INFO  org.testng.internal.Utils - [Utils] MethodGroupsHelper.collectMethodsByGroup() took 0 ms.
13:25:58.767 [main] INFO  org.testng.internal.Utils - [Utils] MethodGroupsHelper.sortMethods() took 0 ms.
13:25:58.767 [main] INFO  org.testng.internal.Utils - [Utils] MethodGroupsHelper.collectMethodsByGroup() took 0 ms.
13:25:58.767 [main] INFO  org.testng.internal.Utils - [Utils] MethodGroupsHelper.sortMethods() took 0 ms.
13:25:58.777 [main] INFO  org.testng.internal.Utils - [Utils] MethodGroupsHelper.collectMethodsByGroup() took 9 ms.
13:25:58.799 [main] INFO  org.testng.internal.Utils - [Utils] MethodGroupsHelper.sortMethods() took 21 ms.
13:25:58.809 [main] INFO  org.testng.internal.Utils - [Utils] MethodGroupsHelper.collectMethodsByGroup() took 0 ms.
13:25:58.809 [main] INFO  org.testng.internal.Utils - [Utils] MethodGroupsHelper.sortMethods() took 0 ms.
13:25:58.815 [main] INFO  org.testng.internal.Utils - [Utils] MethodGroupsHelper.collectMethodsByGroup() took 0 ms.
13:25:58.815 [main] INFO  org.testng.internal.Utils - [Utils] MethodGroupsHelper.sortMethods() took 0 ms.
13:25:58.816 [main] INFO  org.testng.internal.Utils - [Utils] MethodGroupsHelper.collectMethodsByGroup() took 0 ms.
13:25:58.817 [main] INFO  org.testng.internal.Utils - [Utils] MethodGroupsHelper.sortMethods() took 0 ms.
13:25:58.822 [main] INFO  org.testng.internal.Utils - [Utils] MethodGroupsHelper.collectMethodsByGroup() took 0 ms.
13:25:58.822 [main] INFO  org.testng.internal.Utils - [Utils] MethodGroupsHelper.sortMethods() took 0 ms.
13:25:58.824 [main] INFO  org.testng.internal.Utils - [Utils] MethodGroupsHelper.collectMethodsByGroup() took 0 ms.
13:25:58.824 [main] INFO  org.testng.internal.Utils - [Utils] MethodGroupsHelper.sortMethods() took 0 ms.
13:25:58.827 [main] INFO  org.testng.internal.Utils - [Utils] MethodGroupsHelper.collectMethodsByGroup() took 0 ms.
13:25:58.828 [main] INFO  org.testng.internal.Utils - [Utils] MethodGroupsHelper.sortMethods() took 0 ms.
13:25:58.832 [main] INFO  org.testng.internal.Utils - [Utils] MethodGroupsHelper.collectMethodsByGroup() took 0 ms.
13:25:58.834 [main] INFO  org.testng.internal.Utils - [Utils] MethodGroupsHelper.sortMethods() took 0 ms.
13:25:58.834 [main] INFO  org.testng.internal.Utils - [Utils] MethodGroupsHelper.collectMethodsByGroup() took 0 ms.
13:25:58.834 [main] INFO  org.testng.internal.Utils - [Utils] MethodGroupsHelper.sortMethods() took 0 ms.
13:25:58.834 [main] INFO  org.testng.internal.Utils - [Utils] MethodGroupsHelper.collectMethodsByGroup() took 0 ms.
13:25:58.834 [main] INFO  org.testng.internal.Utils - [Utils] MethodGroupsHelper.sortMethods() took 0 ms.
13:25:58.834 [main] INFO  org.testng.internal.Utils - [Utils] MethodGroupsHelper.collectMethodsByGroup() took 0 ms.
13:25:58.834 [main] INFO  org.testng.internal.Utils - [Utils] MethodGroupsHelper.sortMethods() took 0 ms.
13:25:58.858 [main] INFO  org.testng.internal.Utils - [TestNG] Running:
  D:\Testing\TheCapacity\testCases.xml

13:25:58.868 [main] INFO  org.testng.internal.Utils - [ThreadUtil] Starting executor timeOut:2147483647ms workers:1 threadPoolSize:5
13:25:59.430 [TestNG-tests-1] INFO  org.testng.internal.Utils - [Utils] DynamicGraphHelper.createDynamicGraph() took 9 ms.
13:26:10.051 [TestNG-tests-1] INFO  testCases.TC005_SingleSelectQuestionType - Entering email
13:26:10.917 [TestNG-tests-1] INFO  testCases.TC005_SingleSelectQuestionType - Entering password
13:26:11.309 [TestNG-tests-1] INFO  testCases.TC005_SingleSelectQuestionType - Clicking Sign In button
13:26:11.658 [TestNG-tests-1] INFO  testCases.TC005_SingleSelectQuestionType - Navigating to Survey Listing page
13:26:16.222 [TestNG-tests-1] INFO  testCases.TC005_SingleSelectQuestionType - Clicking survey code button
13:26:18.437 [TestNG-tests-1] INFO  testCases.TC005_SingleSelectQuestionType - Survey code button clicked successfully
13:26:18.978 [TestNG-tests-1] INFO  testCases.TC005_SingleSelectQuestionType - Survey Programming option selected successfully
13:26:22.267 [main] INFO  org.testng.internal.Utils - [TestNG] Time taken by org.testng.internal.ExitCodeListener@4f1bfe23: 0 ms
14:48:00.792 [main] WARN  org.testng.xml.TestNGContentHandler - It is strongly recommended to add "<!DOCTYPE suite SYSTEM "https://testng.org/testng-1.0.dtd" >" at the top of the suite file [D:\Testing\TheCapacity\testCases.xml] otherwise TestNG may fail or not work as expected.
14:48:01.307 [main] INFO  org.testng.internal.Utils - [Utils] MethodGroupsHelper.collectMethodsByGroup() took 0 ms.
14:48:01.307 [main] INFO  org.testng.internal.Utils - [Utils] MethodGroupsHelper.sortMethods() took 0 ms.
14:48:01.318 [main] INFO  org.testng.internal.Utils - [Utils] MethodGroupsHelper.collectMethodsByGroup() took 0 ms.
14:48:01.318 [main] INFO  org.testng.internal.Utils - [Utils] MethodGroupsHelper.sortMethods() took 0 ms.
14:48:01.318 [main] INFO  org.testng.internal.Utils - [Utils] MethodGroupsHelper.collectMethodsByGroup() took 0 ms.
14:48:01.318 [main] INFO  org.testng.internal.Utils - [Utils] MethodGroupsHelper.sortMethods() took 0 ms.
14:48:01.318 [main] INFO  org.testng.internal.Utils - [Utils] MethodGroupsHelper.collectMethodsByGroup() took 0 ms.
14:48:01.318 [main] INFO  org.testng.internal.Utils - [Utils] MethodGroupsHelper.sortMethods() took 0 ms.
14:48:01.328 [main] INFO  org.testng.internal.Utils - [Utils] MethodGroupsHelper.collectMethodsByGroup() took 10 ms.
14:48:01.360 [main] INFO  org.testng.internal.Utils - [Utils] MethodGroupsHelper.sortMethods() took 31 ms.
14:48:01.360 [main] INFO  org.testng.internal.Utils - [Utils] MethodGroupsHelper.collectMethodsByGroup() took 0 ms.
14:48:01.360 [main] INFO  org.testng.internal.Utils - [Utils] MethodGroupsHelper.sortMethods() took 0 ms.
14:48:01.360 [main] INFO  org.testng.internal.Utils - [Utils] MethodGroupsHelper.collectMethodsByGroup() took 0 ms.
14:48:01.360 [main] INFO  org.testng.internal.Utils - [Utils] MethodGroupsHelper.sortMethods() took 0 ms.
14:48:01.360 [main] INFO  org.testng.internal.Utils - [Utils] MethodGroupsHelper.collectMethodsByGroup() took 0 ms.
14:48:01.360 [main] INFO  org.testng.internal.Utils - [Utils] MethodGroupsHelper.sortMethods() took 0 ms.
14:48:01.370 [main] INFO  org.testng.internal.Utils - [Utils] MethodGroupsHelper.collectMethodsByGroup() took 0 ms.
14:48:01.370 [main] INFO  org.testng.internal.Utils - [Utils] MethodGroupsHelper.sortMethods() took 0 ms.
14:48:01.370 [main] INFO  org.testng.internal.Utils - [Utils] MethodGroupsHelper.collectMethodsByGroup() took 0 ms.
14:48:01.370 [main] INFO  org.testng.internal.Utils - [Utils] MethodGroupsHelper.sortMethods() took 0 ms.
14:48:01.381 [main] INFO  org.testng.internal.Utils - [Utils] MethodGroupsHelper.collectMethodsByGroup() took 0 ms.
14:48:01.381 [main] INFO  org.testng.internal.Utils - [Utils] MethodGroupsHelper.sortMethods() took 0 ms.
14:48:01.381 [main] INFO  org.testng.internal.Utils - [Utils] MethodGroupsHelper.collectMethodsByGroup() took 0 ms.
14:48:01.381 [main] INFO  org.testng.internal.Utils - [Utils] MethodGroupsHelper.sortMethods() took 0 ms.
14:48:01.381 [main] INFO  org.testng.internal.Utils - [Utils] MethodGroupsHelper.collectMethodsByGroup() took 0 ms.
14:48:01.381 [main] INFO  org.testng.internal.Utils - [Utils] MethodGroupsHelper.sortMethods() took 0 ms.
14:48:01.381 [main] INFO  org.testng.internal.Utils - [Utils] MethodGroupsHelper.collectMethodsByGroup() took 0 ms.
14:48:01.381 [main] INFO  org.testng.internal.Utils - [Utils] MethodGroupsHelper.sortMethods() took 0 ms.
14:48:01.390 [main] INFO  org.testng.internal.Utils - [Utils] MethodGroupsHelper.collectMethodsByGroup() took 0 ms.
14:48:01.391 [main] INFO  org.testng.internal.Utils - [Utils] MethodGroupsHelper.sortMethods() took 0 ms.
14:48:01.391 [main] INFO  org.testng.internal.Utils - [TestNG] Running:
  D:\Testing\TheCapacity\testCases.xml

14:48:01.411 [main] INFO  org.testng.internal.Utils - [ThreadUtil] Starting executor timeOut:2147483647ms workers:1 threadPoolSize:5
14:48:01.978 [TestNG-tests-1] INFO  org.testng.internal.Utils - [Utils] DynamicGraphHelper.createDynamicGraph() took 0 ms.
14:48:10.493 [TestNG-tests-1] INFO  testCases.TC005_SingleSelectQuestionType - Entering email
14:48:12.088 [TestNG-tests-1] INFO  testCases.TC005_SingleSelectQuestionType - Entering password
14:48:12.227 [TestNG-tests-1] INFO  testCases.TC005_SingleSelectQuestionType - Clicking Sign In button
14:48:12.346 [TestNG-tests-1] INFO  testCases.TC005_SingleSelectQuestionType - Navigating to Survey Listing page
14:48:16.114 [TestNG-tests-1] INFO  testCases.TC005_SingleSelectQuestionType - Clicking survey code button
14:48:18.198 [TestNG-tests-1] INFO  testCases.TC005_SingleSelectQuestionType - Survey code button clicked successfully
14:48:18.784 [TestNG-tests-1] INFO  testCases.TC005_SingleSelectQuestionType - Survey Programming option selected successfully
14:48:56.392 [main] INFO  org.testng.internal.Utils - [TestNG] Time taken by org.testng.internal.ExitCodeListener@5a709816: 0 ms
15:20:21.979 [main] WARN  org.testng.xml.TestNGContentHandler - It is strongly recommended to add "<!DOCTYPE suite SYSTEM "https://testng.org/testng-1.0.dtd" >" at the top of the suite file [D:\Testing\TheCapacity\testCases.xml] otherwise TestNG may fail or not work as expected.
15:20:22.550 [main] INFO  org.testng.internal.Utils - [Utils] MethodGroupsHelper.collectMethodsByGroup() took 6 ms.
15:20:22.561 [main] INFO  org.testng.internal.Utils - [Utils] MethodGroupsHelper.sortMethods() took 10 ms.
15:20:22.561 [main] INFO  org.testng.internal.Utils - [Utils] MethodGroupsHelper.collectMethodsByGroup() took 0 ms.
15:20:22.561 [main] INFO  org.testng.internal.Utils - [Utils] MethodGroupsHelper.sortMethods() took 0 ms.
15:20:22.561 [main] INFO  org.testng.internal.Utils - [Utils] MethodGroupsHelper.collectMethodsByGroup() took 0 ms.
15:20:22.561 [main] INFO  org.testng.internal.Utils - [Utils] MethodGroupsHelper.sortMethods() took 0 ms.
15:20:22.561 [main] INFO  org.testng.internal.Utils - [Utils] MethodGroupsHelper.collectMethodsByGroup() took 0 ms.
15:20:22.561 [main] INFO  org.testng.internal.Utils - [Utils] MethodGroupsHelper.sortMethods() took 0 ms.
15:20:22.570 [main] INFO  org.testng.internal.Utils - [Utils] MethodGroupsHelper.collectMethodsByGroup() took 9 ms.
15:20:22.592 [main] INFO  org.testng.internal.Utils - [Utils] MethodGroupsHelper.sortMethods() took 21 ms.
15:20:22.602 [main] INFO  org.testng.internal.Utils - [Utils] MethodGroupsHelper.collectMethodsByGroup() took 0 ms.
15:20:22.604 [main] INFO  org.testng.internal.Utils - [Utils] MethodGroupsHelper.sortMethods() took 0 ms.
15:20:22.605 [main] INFO  org.testng.internal.Utils - [Utils] MethodGroupsHelper.collectMethodsByGroup() took 0 ms.
15:20:22.605 [main] INFO  org.testng.internal.Utils - [Utils] MethodGroupsHelper.sortMethods() took 0 ms.
15:20:22.605 [main] INFO  org.testng.internal.Utils - [Utils] MethodGroupsHelper.collectMethodsByGroup() took 0 ms.
15:20:22.605 [main] INFO  org.testng.internal.Utils - [Utils] MethodGroupsHelper.sortMethods() took 0 ms.
15:20:22.605 [main] INFO  org.testng.internal.Utils - [Utils] MethodGroupsHelper.collectMethodsByGroup() took 0 ms.
15:20:22.605 [main] INFO  org.testng.internal.Utils - [Utils] MethodGroupsHelper.sortMethods() took 0 ms.
15:20:22.614 [main] INFO  org.testng.internal.Utils - [Utils] MethodGroupsHelper.collectMethodsByGroup() took 0 ms.
15:20:22.614 [main] INFO  org.testng.internal.Utils - [Utils] MethodGroupsHelper.sortMethods() took 0 ms.
15:20:22.617 [main] INFO  org.testng.internal.Utils - [Utils] MethodGroupsHelper.collectMethodsByGroup() took 0 ms.
15:20:22.617 [main] INFO  org.testng.internal.Utils - [Utils] MethodGroupsHelper.sortMethods() took 0 ms.
15:20:22.618 [main] INFO  org.testng.internal.Utils - [Utils] MethodGroupsHelper.collectMethodsByGroup() took 0 ms.
15:20:22.618 [main] INFO  org.testng.internal.Utils - [Utils] MethodGroupsHelper.sortMethods() took 0 ms.
15:20:22.621 [main] INFO  org.testng.internal.Utils - [Utils] MethodGroupsHelper.collectMethodsByGroup() took 0 ms.
15:20:22.622 [main] INFO  org.testng.internal.Utils - [Utils] MethodGroupsHelper.sortMethods() took 0 ms.
15:20:22.624 [main] INFO  org.testng.internal.Utils - [Utils] MethodGroupsHelper.collectMethodsByGroup() took 0 ms.
15:20:22.624 [main] INFO  org.testng.internal.Utils - [Utils] MethodGroupsHelper.sortMethods() took 0 ms.
15:20:22.625 [main] INFO  org.testng.internal.Utils - [Utils] MethodGroupsHelper.collectMethodsByGroup() took 0 ms.
15:20:22.625 [main] INFO  org.testng.internal.Utils - [Utils] MethodGroupsHelper.sortMethods() took 0 ms.
15:20:22.637 [main] INFO  org.testng.internal.Utils - [TestNG] Running:
  D:\Testing\TheCapacity\testCases.xml

15:20:22.646 [main] INFO  org.testng.internal.Utils - [ThreadUtil] Starting executor timeOut:2147483647ms workers:1 threadPoolSize:5
15:20:23.169 [TestNG-tests-1] INFO  org.testng.internal.Utils - [Utils] DynamicGraphHelper.createDynamicGraph() took 10 ms.
15:20:29.375 [TestNG-tests-1] INFO  testCases.TC005_SingleSelectQuestionType - Entering email
15:20:30.248 [TestNG-tests-1] INFO  testCases.TC005_SingleSelectQuestionType - Entering password
15:20:30.374 [TestNG-tests-1] INFO  testCases.TC005_SingleSelectQuestionType - Clicking Sign In button
15:20:30.892 [TestNG-tests-1] INFO  testCases.TC005_SingleSelectQuestionType - Navigating to Survey Listing page
15:20:34.824 [TestNG-tests-1] INFO  testCases.TC005_SingleSelectQuestionType - Clicking survey code button
15:20:36.869 [TestNG-tests-1] INFO  testCases.TC005_SingleSelectQuestionType - Survey code button clicked successfully
15:20:37.549 [TestNG-tests-1] INFO  testCases.TC005_SingleSelectQuestionType - Survey Programming option selected successfully
15:21:01.513 [main] INFO  org.testng.internal.Utils - [TestNG] Time taken by org.testng.internal.ExitCodeListener@294a6b8e: 0 ms
15:24:28.745 [main] WARN  org.testng.xml.TestNGContentHandler - It is strongly recommended to add "<!DOCTYPE suite SYSTEM "https://testng.org/testng-1.0.dtd" >" at the top of the suite file [D:\Testing\TheCapacity\testCases.xml] otherwise TestNG may fail or not work as expected.
15:24:29.180 [main] INFO  org.testng.internal.Utils - [Utils] MethodGroupsHelper.collectMethodsByGroup() took 0 ms.
15:24:29.195 [main] INFO  org.testng.internal.Utils - [Utils] MethodGroupsHelper.sortMethods() took 0 ms.
15:24:29.200 [main] INFO  org.testng.internal.Utils - [Utils] MethodGroupsHelper.collectMethodsByGroup() took 0 ms.
15:24:29.200 [main] INFO  org.testng.internal.Utils - [Utils] MethodGroupsHelper.sortMethods() took 0 ms.
15:24:29.200 [main] INFO  org.testng.internal.Utils - [Utils] MethodGroupsHelper.collectMethodsByGroup() took 0 ms.
15:24:29.200 [main] INFO  org.testng.internal.Utils - [Utils] MethodGroupsHelper.sortMethods() took 0 ms.
15:24:29.205 [main] INFO  org.testng.internal.Utils - [Utils] MethodGroupsHelper.collectMethodsByGroup() took 0 ms.
15:24:29.205 [main] INFO  org.testng.internal.Utils - [Utils] MethodGroupsHelper.sortMethods() took 0 ms.
15:24:29.210 [main] INFO  org.testng.internal.Utils - [Utils] MethodGroupsHelper.collectMethodsByGroup() took 3 ms.
15:24:29.240 [main] INFO  org.testng.internal.Utils - [Utils] MethodGroupsHelper.sortMethods() took 30 ms.
15:24:29.242 [main] INFO  org.testng.internal.Utils - [Utils] MethodGroupsHelper.collectMethodsByGroup() took 0 ms.
15:24:29.244 [main] INFO  org.testng.internal.Utils - [Utils] MethodGroupsHelper.sortMethods() took 0 ms.
15:24:29.244 [main] INFO  org.testng.internal.Utils - [Utils] MethodGroupsHelper.collectMethodsByGroup() took 0 ms.
15:24:29.244 [main] INFO  org.testng.internal.Utils - [Utils] MethodGroupsHelper.sortMethods() took 0 ms.
15:24:29.245 [main] INFO  org.testng.internal.Utils - [Utils] MethodGroupsHelper.collectMethodsByGroup() took 0 ms.
15:24:29.246 [main] INFO  org.testng.internal.Utils - [Utils] MethodGroupsHelper.sortMethods() took 0 ms.
15:24:29.252 [main] INFO  org.testng.internal.Utils - [Utils] MethodGroupsHelper.collectMethodsByGroup() took 0 ms.
15:24:29.253 [main] INFO  org.testng.internal.Utils - [Utils] MethodGroupsHelper.sortMethods() took 0 ms.
15:24:29.254 [main] INFO  org.testng.internal.Utils - [Utils] MethodGroupsHelper.collectMethodsByGroup() took 0 ms.
15:24:29.254 [main] INFO  org.testng.internal.Utils - [Utils] MethodGroupsHelper.sortMethods() took 0 ms.
15:24:29.257 [main] INFO  org.testng.internal.Utils - [Utils] MethodGroupsHelper.collectMethodsByGroup() took 0 ms.
15:24:29.257 [main] INFO  org.testng.internal.Utils - [Utils] MethodGroupsHelper.sortMethods() took 0 ms.
15:24:29.258 [main] INFO  org.testng.internal.Utils - [Utils] MethodGroupsHelper.collectMethodsByGroup() took 0 ms.
15:24:29.258 [main] INFO  org.testng.internal.Utils - [Utils] MethodGroupsHelper.sortMethods() took 0 ms.
15:24:29.260 [main] INFO  org.testng.internal.Utils - [Utils] MethodGroupsHelper.collectMethodsByGroup() took 1 ms.
15:24:29.261 [main] INFO  org.testng.internal.Utils - [Utils] MethodGroupsHelper.sortMethods() took 0 ms.
15:24:29.263 [main] INFO  org.testng.internal.Utils - [Utils] MethodGroupsHelper.collectMethodsByGroup() took 0 ms.
15:24:29.264 [main] INFO  org.testng.internal.Utils - [Utils] MethodGroupsHelper.sortMethods() took 0 ms.
15:24:29.264 [main] INFO  org.testng.internal.Utils - [Utils] MethodGroupsHelper.collectMethodsByGroup() took 0 ms.
15:24:29.264 [main] INFO  org.testng.internal.Utils - [Utils] MethodGroupsHelper.sortMethods() took 0 ms.
15:24:29.273 [main] INFO  org.testng.internal.Utils - [TestNG] Running:
  D:\Testing\TheCapacity\testCases.xml

15:24:29.283 [main] INFO  org.testng.internal.Utils - [ThreadUtil] Starting executor timeOut:2147483647ms workers:1 threadPoolSize:5
15:24:29.808 [TestNG-tests-1] INFO  org.testng.internal.Utils - [Utils] DynamicGraphHelper.createDynamicGraph() took 10 ms.
15:24:35.878 [TestNG-tests-1] INFO  testCases.TC005_SingleSelectQuestionType - Entering email
15:24:36.762 [TestNG-tests-1] INFO  testCases.TC005_SingleSelectQuestionType - Entering password
15:24:36.941 [TestNG-tests-1] INFO  testCases.TC005_SingleSelectQuestionType - Clicking Sign In button
15:24:37.064 [TestNG-tests-1] INFO  testCases.TC005_SingleSelectQuestionType - Navigating to Survey Listing page
15:24:40.933 [TestNG-tests-1] INFO  testCases.TC005_SingleSelectQuestionType - Clicking survey code button
15:24:43.341 [TestNG-tests-1] INFO  testCases.TC005_SingleSelectQuestionType - Survey code button clicked successfully
15:24:43.709 [TestNG-tests-1] INFO  testCases.TC005_SingleSelectQuestionType - Survey Programming option selected successfully
15:24:50.364 [main] INFO  org.testng.internal.Utils - [TestNG] Time taken by org.testng.internal.ExitCodeListener@5d12a356: 0 ms
15:26:40.909 [main] WARN  org.testng.xml.TestNGContentHandler - It is strongly recommended to add "<!DOCTYPE suite SYSTEM "https://testng.org/testng-1.0.dtd" >" at the top of the suite file [D:\Testing\TheCapacity\testCases.xml] otherwise TestNG may fail or not work as expected.
15:26:41.315 [main] INFO  org.testng.internal.Utils - [Utils] MethodGroupsHelper.collectMethodsByGroup() took 0 ms.
15:26:41.330 [main] INFO  org.testng.internal.Utils - [Utils] MethodGroupsHelper.sortMethods() took 5 ms.
15:26:41.331 [main] INFO  org.testng.internal.Utils - [Utils] MethodGroupsHelper.collectMethodsByGroup() took 0 ms.
15:26:41.331 [main] INFO  org.testng.internal.Utils - [Utils] MethodGroupsHelper.sortMethods() took 0 ms.
15:26:41.331 [main] INFO  org.testng.internal.Utils - [Utils] MethodGroupsHelper.collectMethodsByGroup() took 0 ms.
15:26:41.335 [main] INFO  org.testng.internal.Utils - [Utils] MethodGroupsHelper.sortMethods() took 0 ms.
15:26:41.335 [main] INFO  org.testng.internal.Utils - [Utils] MethodGroupsHelper.collectMethodsByGroup() took 0 ms.
15:26:41.337 [main] INFO  org.testng.internal.Utils - [Utils] MethodGroupsHelper.sortMethods() took 0 ms.
15:26:41.337 [main] INFO  org.testng.internal.Utils - [Utils] MethodGroupsHelper.collectMethodsByGroup() took 0 ms.
15:26:41.370 [main] INFO  org.testng.internal.Utils - [Utils] MethodGroupsHelper.sortMethods() took 32 ms.
15:26:41.372 [main] INFO  org.testng.internal.Utils - [Utils] MethodGroupsHelper.collectMethodsByGroup() took 0 ms.
15:26:41.373 [main] INFO  org.testng.internal.Utils - [Utils] MethodGroupsHelper.sortMethods() took 0 ms.
15:26:41.374 [main] INFO  org.testng.internal.Utils - [Utils] MethodGroupsHelper.collectMethodsByGroup() took 0 ms.
15:26:41.375 [main] INFO  org.testng.internal.Utils - [Utils] MethodGroupsHelper.sortMethods() took 0 ms.
15:26:41.376 [main] INFO  org.testng.internal.Utils - [Utils] MethodGroupsHelper.collectMethodsByGroup() took 0 ms.
15:26:41.376 [main] INFO  org.testng.internal.Utils - [Utils] MethodGroupsHelper.sortMethods() took 0 ms.
15:26:41.383 [main] INFO  org.testng.internal.Utils - [Utils] MethodGroupsHelper.collectMethodsByGroup() took 0 ms.
15:26:41.383 [main] INFO  org.testng.internal.Utils - [Utils] MethodGroupsHelper.sortMethods() took 0 ms.
15:26:41.384 [main] INFO  org.testng.internal.Utils - [Utils] MethodGroupsHelper.collectMethodsByGroup() took 0 ms.
15:26:41.385 [main] INFO  org.testng.internal.Utils - [Utils] MethodGroupsHelper.sortMethods() took 0 ms.
15:26:41.387 [main] INFO  org.testng.internal.Utils - [Utils] MethodGroupsHelper.collectMethodsByGroup() took 0 ms.
15:26:41.388 [main] INFO  org.testng.internal.Utils - [Utils] MethodGroupsHelper.sortMethods() took 0 ms.
15:26:41.388 [main] INFO  org.testng.internal.Utils - [Utils] MethodGroupsHelper.collectMethodsByGroup() took 0 ms.
15:26:41.389 [main] INFO  org.testng.internal.Utils - [Utils] MethodGroupsHelper.sortMethods() took 0 ms.
15:26:41.390 [main] INFO  org.testng.internal.Utils - [Utils] MethodGroupsHelper.collectMethodsByGroup() took 0 ms.
15:26:41.391 [main] INFO  org.testng.internal.Utils - [Utils] MethodGroupsHelper.sortMethods() took 0 ms.
15:26:41.394 [main] INFO  org.testng.internal.Utils - [Utils] MethodGroupsHelper.collectMethodsByGroup() took 0 ms.
15:26:41.394 [main] INFO  org.testng.internal.Utils - [Utils] MethodGroupsHelper.sortMethods() took 0 ms.
15:26:41.395 [main] INFO  org.testng.internal.Utils - [Utils] MethodGroupsHelper.collectMethodsByGroup() took 0 ms.
15:26:41.395 [main] INFO  org.testng.internal.Utils - [Utils] MethodGroupsHelper.sortMethods() took 0 ms.
15:26:41.403 [main] INFO  org.testng.internal.Utils - [TestNG] Running:
  D:\Testing\TheCapacity\testCases.xml

15:26:41.414 [main] INFO  org.testng.internal.Utils - [ThreadUtil] Starting executor timeOut:2147483647ms workers:1 threadPoolSize:5
15:26:41.867 [TestNG-tests-1] INFO  org.testng.internal.Utils - [Utils] DynamicGraphHelper.createDynamicGraph() took 0 ms.
15:26:46.746 [TestNG-tests-1] INFO  testCases.TC005_SingleSelectQuestionType - Entering email
15:26:47.895 [TestNG-tests-1] INFO  testCases.TC005_SingleSelectQuestionType - Entering password
15:26:48.048 [TestNG-tests-1] INFO  testCases.TC005_SingleSelectQuestionType - Clicking Sign In button
15:26:48.162 [TestNG-tests-1] INFO  testCases.TC005_SingleSelectQuestionType - Navigating to Survey Listing page
15:26:52.520 [TestNG-tests-1] INFO  testCases.TC005_SingleSelectQuestionType - Clicking survey code button
15:26:54.580 [TestNG-tests-1] INFO  testCases.TC005_SingleSelectQuestionType - Survey code button clicked successfully
15:26:55.185 [TestNG-tests-1] INFO  testCases.TC005_SingleSelectQuestionType - Survey Programming option selected successfully
15:27:04.119 [main] INFO  org.testng.internal.Utils - [TestNG] Time taken by org.testng.internal.ExitCodeListener@3a12c404: 0 ms
15:37:12.333 [main] WARN  org.testng.xml.TestNGContentHandler - It is strongly recommended to add "<!DOCTYPE suite SYSTEM "https://testng.org/testng-1.0.dtd" >" at the top of the suite file [D:\Testing\TheCapacity\testCases.xml] otherwise TestNG may fail or not work as expected.
15:37:12.745 [main] INFO  org.testng.internal.Utils - [Utils] MethodGroupsHelper.collectMethodsByGroup() took 0 ms.
15:37:12.761 [main] INFO  org.testng.internal.Utils - [Utils] MethodGroupsHelper.sortMethods() took 15 ms.
15:37:12.764 [main] INFO  org.testng.internal.Utils - [Utils] MethodGroupsHelper.collectMethodsByGroup() took 0 ms.
15:37:12.764 [main] INFO  org.testng.internal.Utils - [Utils] MethodGroupsHelper.sortMethods() took 0 ms.
15:37:12.764 [main] INFO  org.testng.internal.Utils - [Utils] MethodGroupsHelper.collectMethodsByGroup() took 0 ms.
15:37:12.764 [main] INFO  org.testng.internal.Utils - [Utils] MethodGroupsHelper.sortMethods() took 0 ms.
15:37:12.772 [main] INFO  org.testng.internal.Utils - [Utils] MethodGroupsHelper.collectMethodsByGroup() took 0 ms.
15:37:12.772 [main] INFO  org.testng.internal.Utils - [Utils] MethodGroupsHelper.sortMethods() took 0 ms.
15:37:12.788 [main] INFO  org.testng.internal.Utils - [Utils] MethodGroupsHelper.collectMethodsByGroup() took 15 ms.
15:37:12.826 [main] INFO  org.testng.internal.Utils - [Utils] MethodGroupsHelper.sortMethods() took 37 ms.
15:37:12.827 [main] INFO  org.testng.internal.Utils - [Utils] MethodGroupsHelper.collectMethodsByGroup() took 0 ms.
15:37:12.827 [main] INFO  org.testng.internal.Utils - [Utils] MethodGroupsHelper.sortMethods() took 0 ms.
15:37:12.828 [main] INFO  org.testng.internal.Utils - [Utils] MethodGroupsHelper.collectMethodsByGroup() took 0 ms.
15:37:12.829 [main] INFO  org.testng.internal.Utils - [Utils] MethodGroupsHelper.sortMethods() took 0 ms.
15:37:12.830 [main] INFO  org.testng.internal.Utils - [Utils] MethodGroupsHelper.collectMethodsByGroup() took 0 ms.
15:37:12.830 [main] INFO  org.testng.internal.Utils - [Utils] MethodGroupsHelper.sortMethods() took 0 ms.
15:37:12.836 [main] INFO  org.testng.internal.Utils - [Utils] MethodGroupsHelper.collectMethodsByGroup() took 0 ms.
15:37:12.837 [main] INFO  org.testng.internal.Utils - [Utils] MethodGroupsHelper.sortMethods() took 0 ms.
15:37:12.838 [main] INFO  org.testng.internal.Utils - [Utils] MethodGroupsHelper.collectMethodsByGroup() took 0 ms.
15:37:12.839 [main] INFO  org.testng.internal.Utils - [Utils] MethodGroupsHelper.sortMethods() took 0 ms.
15:37:12.842 [main] INFO  org.testng.internal.Utils - [Utils] MethodGroupsHelper.collectMethodsByGroup() took 0 ms.
15:37:12.843 [main] INFO  org.testng.internal.Utils - [Utils] MethodGroupsHelper.sortMethods() took 0 ms.
15:37:12.843 [main] INFO  org.testng.internal.Utils - [Utils] MethodGroupsHelper.collectMethodsByGroup() took 0 ms.
15:37:12.844 [main] INFO  org.testng.internal.Utils - [Utils] MethodGroupsHelper.sortMethods() took 0 ms.
15:37:12.846 [main] INFO  org.testng.internal.Utils - [Utils] MethodGroupsHelper.collectMethodsByGroup() took 1 ms.
15:37:12.847 [main] INFO  org.testng.internal.Utils - [Utils] MethodGroupsHelper.sortMethods() took 1 ms.
15:37:12.849 [main] INFO  org.testng.internal.Utils - [Utils] MethodGroupsHelper.collectMethodsByGroup() took 0 ms.
15:37:12.850 [main] INFO  org.testng.internal.Utils - [Utils] MethodGroupsHelper.sortMethods() took 0 ms.
15:37:12.850 [main] INFO  org.testng.internal.Utils - [Utils] MethodGroupsHelper.collectMethodsByGroup() took 0 ms.
15:37:12.850 [main] INFO  org.testng.internal.Utils - [Utils] MethodGroupsHelper.sortMethods() took 0 ms.
15:37:12.864 [main] INFO  org.testng.internal.Utils - [TestNG] Running:
  D:\Testing\TheCapacity\testCases.xml

15:37:12.891 [main] INFO  org.testng.internal.Utils - [ThreadUtil] Starting executor timeOut:2147483647ms workers:1 threadPoolSize:5
15:37:13.465 [TestNG-tests-1] INFO  org.testng.internal.Utils - [Utils] DynamicGraphHelper.createDynamicGraph() took 9 ms.
15:37:19.160 [TestNG-tests-1] INFO  testCases.TC005_SingleSelectQuestionType - Entering email
15:37:20.046 [TestNG-tests-1] INFO  testCases.TC005_SingleSelectQuestionType - Entering password
15:37:20.214 [TestNG-tests-1] INFO  testCases.TC005_SingleSelectQuestionType - Clicking Sign In button
15:37:20.335 [TestNG-tests-1] INFO  testCases.TC005_SingleSelectQuestionType - Navigating to Survey Listing page
15:37:26.474 [TestNG-tests-1] INFO  testCases.TC005_SingleSelectQuestionType - Clicking survey code button
15:37:29.767 [TestNG-tests-1] INFO  testCases.TC005_SingleSelectQuestionType - Survey code button clicked successfully
15:37:30.351 [TestNG-tests-1] INFO  testCases.TC005_SingleSelectQuestionType - Survey Programming option selected successfully
15:37:42.806 [main] INFO  org.testng.internal.Utils - [TestNG] Time taken by org.testng.internal.ExitCodeListener@1a6c1270: 0 ms
15:43:07.321 [main] WARN  org.testng.xml.TestNGContentHandler - It is strongly recommended to add "<!DOCTYPE suite SYSTEM "https://testng.org/testng-1.0.dtd" >" at the top of the suite file [D:\Testing\TheCapacity\testCases.xml] otherwise TestNG may fail or not work as expected.
15:43:07.783 [main] INFO  org.testng.internal.Utils - [Utils] MethodGroupsHelper.collectMethodsByGroup() took 1 ms.
15:43:07.790 [main] INFO  org.testng.internal.Utils - [Utils] MethodGroupsHelper.sortMethods() took 3 ms.
15:43:07.793 [main] INFO  org.testng.internal.Utils - [Utils] MethodGroupsHelper.collectMethodsByGroup() took 0 ms.
15:43:07.793 [main] INFO  org.testng.internal.Utils - [Utils] MethodGroupsHelper.sortMethods() took 0 ms.
15:43:07.794 [main] INFO  org.testng.internal.Utils - [Utils] MethodGroupsHelper.collectMethodsByGroup() took 0 ms.
15:43:07.794 [main] INFO  org.testng.internal.Utils - [Utils] MethodGroupsHelper.sortMethods() took 0 ms.
15:43:07.796 [main] INFO  org.testng.internal.Utils - [Utils] MethodGroupsHelper.collectMethodsByGroup() took 0 ms.
15:43:07.796 [main] INFO  org.testng.internal.Utils - [Utils] MethodGroupsHelper.sortMethods() took 0 ms.
15:43:07.803 [main] INFO  org.testng.internal.Utils - [Utils] MethodGroupsHelper.collectMethodsByGroup() took 5 ms.
15:43:07.829 [main] INFO  org.testng.internal.Utils - [Utils] MethodGroupsHelper.sortMethods() took 24 ms.
15:43:07.831 [main] INFO  org.testng.internal.Utils - [Utils] MethodGroupsHelper.collectMethodsByGroup() took 0 ms.
15:43:07.831 [main] INFO  org.testng.internal.Utils - [Utils] MethodGroupsHelper.sortMethods() took 0 ms.
15:43:07.832 [main] INFO  org.testng.internal.Utils - [Utils] MethodGroupsHelper.collectMethodsByGroup() took 0 ms.
15:43:07.832 [main] INFO  org.testng.internal.Utils - [Utils] MethodGroupsHelper.sortMethods() took 0 ms.
15:43:07.833 [main] INFO  org.testng.internal.Utils - [Utils] MethodGroupsHelper.collectMethodsByGroup() took 0 ms.
15:43:07.834 [main] INFO  org.testng.internal.Utils - [Utils] MethodGroupsHelper.sortMethods() took 0 ms.
15:43:07.839 [main] INFO  org.testng.internal.Utils - [Utils] MethodGroupsHelper.collectMethodsByGroup() took 0 ms.
15:43:07.839 [main] INFO  org.testng.internal.Utils - [Utils] MethodGroupsHelper.sortMethods() took 0 ms.
15:43:07.840 [main] INFO  org.testng.internal.Utils - [Utils] MethodGroupsHelper.collectMethodsByGroup() took 0 ms.
15:43:07.841 [main] INFO  org.testng.internal.Utils - [Utils] MethodGroupsHelper.sortMethods() took 0 ms.
15:43:07.843 [main] INFO  org.testng.internal.Utils - [Utils] MethodGroupsHelper.collectMethodsByGroup() took 0 ms.
15:43:07.844 [main] INFO  org.testng.internal.Utils - [Utils] MethodGroupsHelper.sortMethods() took 0 ms.
15:43:07.844 [main] INFO  org.testng.internal.Utils - [Utils] MethodGroupsHelper.collectMethodsByGroup() took 0 ms.
15:43:07.845 [main] INFO  org.testng.internal.Utils - [Utils] MethodGroupsHelper.sortMethods() took 0 ms.
15:43:07.850 [main] INFO  org.testng.internal.Utils - [Utils] MethodGroupsHelper.collectMethodsByGroup() took 2 ms.
15:43:07.851 [main] INFO  org.testng.internal.Utils - [Utils] MethodGroupsHelper.sortMethods() took 1 ms.
15:43:07.853 [main] INFO  org.testng.internal.Utils - [Utils] MethodGroupsHelper.collectMethodsByGroup() took 0 ms.
15:43:07.854 [main] INFO  org.testng.internal.Utils - [Utils] MethodGroupsHelper.sortMethods() took 0 ms.
15:43:07.854 [main] INFO  org.testng.internal.Utils - [Utils] MethodGroupsHelper.collectMethodsByGroup() took 0 ms.
15:43:07.854 [main] INFO  org.testng.internal.Utils - [Utils] MethodGroupsHelper.sortMethods() took 0 ms.
15:43:07.867 [main] INFO  org.testng.internal.Utils - [TestNG] Running:
  D:\Testing\TheCapacity\testCases.xml

15:43:07.884 [main] INFO  org.testng.internal.Utils - [ThreadUtil] Starting executor timeOut:2147483647ms workers:1 threadPoolSize:5
15:43:08.616 [TestNG-tests-1] INFO  org.testng.internal.Utils - [Utils] DynamicGraphHelper.createDynamicGraph() took 9 ms.
15:43:14.252 [TestNG-tests-1] INFO  testCases.TC005_SingleSelectQuestionType - Entering email
15:43:15.349 [TestNG-tests-1] INFO  testCases.TC005_SingleSelectQuestionType - Entering password
15:43:15.496 [TestNG-tests-1] INFO  testCases.TC005_SingleSelectQuestionType - Clicking Sign In button
15:43:15.616 [TestNG-tests-1] INFO  testCases.TC005_SingleSelectQuestionType - Navigating to Survey Listing page
15:43:19.688 [TestNG-tests-1] INFO  testCases.TC005_SingleSelectQuestionType - Clicking survey code button
15:43:21.801 [TestNG-tests-1] INFO  testCases.TC005_SingleSelectQuestionType - Survey code button clicked successfully
15:43:22.503 [TestNG-tests-1] INFO  testCases.TC005_SingleSelectQuestionType - Survey Programming option selected successfully
15:43:32.428 [main] INFO  org.testng.internal.Utils - [TestNG] Time taken by org.testng.internal.ExitCodeListener@4748a0f9: 0 ms
15:45:50.267 [main] WARN  org.testng.xml.TestNGContentHandler - It is strongly recommended to add "<!DOCTYPE suite SYSTEM "https://testng.org/testng-1.0.dtd" >" at the top of the suite file [D:\Testing\TheCapacity\testCases.xml] otherwise TestNG may fail or not work as expected.
15:45:50.645 [main] INFO  org.testng.internal.Utils - [Utils] MethodGroupsHelper.collectMethodsByGroup() took 0 ms.
15:45:50.657 [main] INFO  org.testng.internal.Utils - [Utils] MethodGroupsHelper.sortMethods() took 11 ms.
15:45:50.657 [main] INFO  org.testng.internal.Utils - [Utils] MethodGroupsHelper.collectMethodsByGroup() took 0 ms.
15:45:50.657 [main] INFO  org.testng.internal.Utils - [Utils] MethodGroupsHelper.sortMethods() took 0 ms.
15:45:50.657 [main] INFO  org.testng.internal.Utils - [Utils] MethodGroupsHelper.collectMethodsByGroup() took 0 ms.
15:45:50.657 [main] INFO  org.testng.internal.Utils - [Utils] MethodGroupsHelper.sortMethods() took 0 ms.
15:45:50.657 [main] INFO  org.testng.internal.Utils - [Utils] MethodGroupsHelper.collectMethodsByGroup() took 0 ms.
15:45:50.657 [main] INFO  org.testng.internal.Utils - [Utils] MethodGroupsHelper.sortMethods() took 0 ms.
15:45:50.669 [main] INFO  org.testng.internal.Utils - [Utils] MethodGroupsHelper.collectMethodsByGroup() took 12 ms.
15:45:50.690 [main] INFO  org.testng.internal.Utils - [Utils] MethodGroupsHelper.sortMethods() took 20 ms.
15:45:50.700 [main] INFO  org.testng.internal.Utils - [Utils] MethodGroupsHelper.collectMethodsByGroup() took 0 ms.
15:45:50.700 [main] INFO  org.testng.internal.Utils - [Utils] MethodGroupsHelper.sortMethods() took 0 ms.
15:45:50.700 [main] INFO  org.testng.internal.Utils - [Utils] MethodGroupsHelper.collectMethodsByGroup() took 0 ms.
15:45:50.700 [main] INFO  org.testng.internal.Utils - [Utils] MethodGroupsHelper.sortMethods() took 0 ms.
15:45:50.700 [main] INFO  org.testng.internal.Utils - [Utils] MethodGroupsHelper.collectMethodsByGroup() took 0 ms.
15:45:50.700 [main] INFO  org.testng.internal.Utils - [Utils] MethodGroupsHelper.sortMethods() took 0 ms.
15:45:50.708 [main] INFO  org.testng.internal.Utils - [Utils] MethodGroupsHelper.collectMethodsByGroup() took 0 ms.
15:45:50.708 [main] INFO  org.testng.internal.Utils - [Utils] MethodGroupsHelper.sortMethods() took 0 ms.
15:45:50.709 [main] INFO  org.testng.internal.Utils - [Utils] MethodGroupsHelper.collectMethodsByGroup() took 0 ms.
15:45:50.710 [main] INFO  org.testng.internal.Utils - [Utils] MethodGroupsHelper.sortMethods() took 0 ms.
15:45:50.712 [main] INFO  org.testng.internal.Utils - [Utils] MethodGroupsHelper.collectMethodsByGroup() took 0 ms.
15:45:50.712 [main] INFO  org.testng.internal.Utils - [Utils] MethodGroupsHelper.sortMethods() took 0 ms.
15:45:50.713 [main] INFO  org.testng.internal.Utils - [Utils] MethodGroupsHelper.collectMethodsByGroup() took 0 ms.
15:45:50.713 [main] INFO  org.testng.internal.Utils - [Utils] MethodGroupsHelper.sortMethods() took 0 ms.
15:45:50.715 [main] INFO  org.testng.internal.Utils - [Utils] MethodGroupsHelper.collectMethodsByGroup() took 0 ms.
15:45:50.716 [main] INFO  org.testng.internal.Utils - [Utils] MethodGroupsHelper.sortMethods() took 0 ms.
15:45:50.718 [main] INFO  org.testng.internal.Utils - [Utils] MethodGroupsHelper.collectMethodsByGroup() took 0 ms.
15:45:50.719 [main] INFO  org.testng.internal.Utils - [Utils] MethodGroupsHelper.sortMethods() took 0 ms.
15:45:50.720 [main] INFO  org.testng.internal.Utils - [Utils] MethodGroupsHelper.collectMethodsByGroup() took 0 ms.
15:45:50.720 [main] INFO  org.testng.internal.Utils - [Utils] MethodGroupsHelper.sortMethods() took 0 ms.
15:45:50.729 [main] INFO  org.testng.internal.Utils - [TestNG] Running:
  D:\Testing\TheCapacity\testCases.xml

15:45:50.743 [main] INFO  org.testng.internal.Utils - [ThreadUtil] Starting executor timeOut:2147483647ms workers:1 threadPoolSize:5
15:45:51.185 [TestNG-tests-1] INFO  org.testng.internal.Utils - [Utils] DynamicGraphHelper.createDynamicGraph() took 8 ms.
15:45:55.959 [TestNG-tests-1] INFO  testCases.TC005_SingleSelectQuestionType - Entering email
15:45:56.772 [TestNG-tests-1] INFO  testCases.TC005_SingleSelectQuestionType - Entering password
15:45:56.977 [TestNG-tests-1] INFO  testCases.TC005_SingleSelectQuestionType - Clicking Sign In button
15:45:57.161 [TestNG-tests-1] INFO  testCases.TC005_SingleSelectQuestionType - Navigating to Survey Listing page
15:46:01.160 [TestNG-tests-1] INFO  testCases.TC005_SingleSelectQuestionType - Clicking survey code button
15:46:03.504 [TestNG-tests-1] INFO  testCases.TC005_SingleSelectQuestionType - Survey code button clicked successfully
15:46:04.178 [TestNG-tests-1] INFO  testCases.TC005_SingleSelectQuestionType - Survey Programming option selected successfully
15:46:13.499 [main] INFO  org.testng.internal.Utils - [TestNG] Time taken by org.testng.internal.ExitCodeListener@16414e40: 0 ms
09:41:22.024 [main] WARN  org.testng.xml.TestNGContentHandler - It is strongly recommended to add "<!DOCTYPE suite SYSTEM "https://testng.org/testng-1.0.dtd" >" at the top of the suite file [D:\Testing\TheCapacity\testCases.xml] otherwise TestNG may fail or not work as expected.
09:41:22.546 [main] INFO  org.testng.internal.Utils - [Utils] MethodGroupsHelper.collectMethodsByGroup() took 0 ms.
09:41:22.546 [main] INFO  org.testng.internal.Utils - [Utils] MethodGroupsHelper.sortMethods() took 0 ms.
09:41:22.557 [main] INFO  org.testng.internal.Utils - [Utils] MethodGroupsHelper.collectMethodsByGroup() took 0 ms.
09:41:22.557 [main] INFO  org.testng.internal.Utils - [Utils] MethodGroupsHelper.sortMethods() took 0 ms.
09:41:22.557 [main] INFO  org.testng.internal.Utils - [Utils] MethodGroupsHelper.collectMethodsByGroup() took 0 ms.
09:41:22.557 [main] INFO  org.testng.internal.Utils - [Utils] MethodGroupsHelper.sortMethods() took 0 ms.
09:41:22.557 [main] INFO  org.testng.internal.Utils - [Utils] MethodGroupsHelper.collectMethodsByGroup() took 0 ms.
09:41:22.557 [main] INFO  org.testng.internal.Utils - [Utils] MethodGroupsHelper.sortMethods() took 0 ms.
09:41:22.567 [main] INFO  org.testng.internal.Utils - [Utils] MethodGroupsHelper.collectMethodsByGroup() took 10 ms.
09:41:22.598 [main] INFO  org.testng.internal.Utils - [Utils] MethodGroupsHelper.sortMethods() took 30 ms.
09:41:22.598 [main] INFO  org.testng.internal.Utils - [Utils] MethodGroupsHelper.collectMethodsByGroup() took 0 ms.
09:41:22.598 [main] INFO  org.testng.internal.Utils - [Utils] MethodGroupsHelper.sortMethods() took 0 ms.
09:41:22.598 [main] INFO  org.testng.internal.Utils - [Utils] MethodGroupsHelper.collectMethodsByGroup() took 0 ms.
09:41:22.598 [main] INFO  org.testng.internal.Utils - [Utils] MethodGroupsHelper.sortMethods() took 0 ms.
09:41:22.598 [main] INFO  org.testng.internal.Utils - [Utils] MethodGroupsHelper.collectMethodsByGroup() took 0 ms.
09:41:22.598 [main] INFO  org.testng.internal.Utils - [Utils] MethodGroupsHelper.sortMethods() took 0 ms.
09:41:22.607 [main] INFO  org.testng.internal.Utils - [Utils] MethodGroupsHelper.collectMethodsByGroup() took 0 ms.
09:41:22.607 [main] INFO  org.testng.internal.Utils - [Utils] MethodGroupsHelper.sortMethods() took 0 ms.
09:41:22.607 [main] INFO  org.testng.internal.Utils - [Utils] MethodGroupsHelper.collectMethodsByGroup() took 0 ms.
09:41:22.607 [main] INFO  org.testng.internal.Utils - [Utils] MethodGroupsHelper.sortMethods() took 0 ms.
09:41:22.607 [main] INFO  org.testng.internal.Utils - [Utils] MethodGroupsHelper.collectMethodsByGroup() took 0 ms.
09:41:22.616 [main] INFO  org.testng.internal.Utils - [Utils] MethodGroupsHelper.sortMethods() took 0 ms.
09:41:22.616 [main] INFO  org.testng.internal.Utils - [Utils] MethodGroupsHelper.collectMethodsByGroup() took 0 ms.
09:41:22.616 [main] INFO  org.testng.internal.Utils - [Utils] MethodGroupsHelper.sortMethods() took 0 ms.
09:41:22.618 [main] INFO  org.testng.internal.Utils - [Utils] MethodGroupsHelper.collectMethodsByGroup() took 0 ms.
09:41:22.618 [main] INFO  org.testng.internal.Utils - [Utils] MethodGroupsHelper.sortMethods() took 0 ms.
09:41:22.623 [main] INFO  org.testng.internal.Utils - [Utils] MethodGroupsHelper.collectMethodsByGroup() took 0 ms.
09:41:22.623 [main] INFO  org.testng.internal.Utils - [Utils] MethodGroupsHelper.sortMethods() took 0 ms.
09:41:22.623 [main] INFO  org.testng.internal.Utils - [Utils] MethodGroupsHelper.collectMethodsByGroup() took 0 ms.
09:41:22.625 [main] INFO  org.testng.internal.Utils - [Utils] MethodGroupsHelper.sortMethods() took 0 ms.
09:41:22.633 [main] INFO  org.testng.internal.Utils - [TestNG] Running:
  D:\Testing\TheCapacity\testCases.xml

09:41:22.648 [main] INFO  org.testng.internal.Utils - [ThreadUtil] Starting executor timeOut:2147483647ms workers:1 threadPoolSize:5
09:41:23.284 [TestNG-tests-1] INFO  org.testng.internal.Utils - [Utils] DynamicGraphHelper.createDynamicGraph() took 8 ms.
09:41:29.924 [TestNG-tests-1] INFO  testCases.TC005_SingleSelectQuestionType - Entering email
09:41:30.722 [TestNG-tests-1] INFO  testCases.TC005_SingleSelectQuestionType - Entering password
09:41:30.901 [TestNG-tests-1] INFO  testCases.TC005_SingleSelectQuestionType - Clicking Sign In button
09:41:31.037 [TestNG-tests-1] INFO  testCases.TC005_SingleSelectQuestionType - Navigating to Survey Listing page
09:41:34.364 [TestNG-tests-1] INFO  testCases.TC005_SingleSelectQuestionType - Clicking survey code button
09:41:36.363 [TestNG-tests-1] INFO  testCases.TC005_SingleSelectQuestionType - Survey code button clicked successfully
09:41:36.912 [TestNG-tests-1] INFO  testCases.TC005_SingleSelectQuestionType - Survey Programming option selected successfully
09:41:46.135 [main] INFO  org.testng.internal.Utils - [TestNG] Time taken by org.testng.internal.ExitCodeListener@5adb0db3: 0 ms
09:42:29.545 [main] WARN  org.testng.xml.TestNGContentHandler - It is strongly recommended to add "<!DOCTYPE suite SYSTEM "https://testng.org/testng-1.0.dtd" >" at the top of the suite file [D:\Testing\TheCapacity\testCases.xml] otherwise TestNG may fail or not work as expected.
09:42:30.078 [main] INFO  org.testng.internal.Utils - [Utils] MethodGroupsHelper.collectMethodsByGroup() took 0 ms.
09:42:30.078 [main] INFO  org.testng.internal.Utils - [Utils] MethodGroupsHelper.sortMethods() took 0 ms.
09:42:30.078 [main] INFO  org.testng.internal.Utils - [Utils] MethodGroupsHelper.collectMethodsByGroup() took 0 ms.
09:42:30.078 [main] INFO  org.testng.internal.Utils - [Utils] MethodGroupsHelper.sortMethods() took 0 ms.
09:42:30.092 [main] INFO  org.testng.internal.Utils - [Utils] MethodGroupsHelper.collectMethodsByGroup() took 0 ms.
09:42:30.094 [main] INFO  org.testng.internal.Utils - [Utils] MethodGroupsHelper.sortMethods() took 0 ms.
09:42:30.095 [main] INFO  org.testng.internal.Utils - [Utils] MethodGroupsHelper.collectMethodsByGroup() took 0 ms.
09:42:30.095 [main] INFO  org.testng.internal.Utils - [Utils] MethodGroupsHelper.sortMethods() took 0 ms.
09:42:30.095 [main] INFO  org.testng.internal.Utils - [Utils] MethodGroupsHelper.collectMethodsByGroup() took 0 ms.
09:42:30.138 [main] INFO  org.testng.internal.Utils - [Utils] MethodGroupsHelper.sortMethods() took 43 ms.
09:42:30.141 [main] INFO  org.testng.internal.Utils - [Utils] MethodGroupsHelper.collectMethodsByGroup() took 0 ms.
09:42:30.144 [main] INFO  org.testng.internal.Utils - [Utils] MethodGroupsHelper.sortMethods() took 0 ms.
09:42:30.144 [main] INFO  org.testng.internal.Utils - [Utils] MethodGroupsHelper.collectMethodsByGroup() took 0 ms.
09:42:30.146 [main] INFO  org.testng.internal.Utils - [Utils] MethodGroupsHelper.sortMethods() took 0 ms.
09:42:30.146 [main] INFO  org.testng.internal.Utils - [Utils] MethodGroupsHelper.collectMethodsByGroup() took 0 ms.
09:42:30.146 [main] INFO  org.testng.internal.Utils - [Utils] MethodGroupsHelper.sortMethods() took 0 ms.
09:42:30.148 [main] INFO  org.testng.internal.Utils - [Utils] MethodGroupsHelper.collectMethodsByGroup() took 0 ms.
09:42:30.148 [main] INFO  org.testng.internal.Utils - [Utils] MethodGroupsHelper.sortMethods() took 0 ms.
09:42:30.148 [main] INFO  org.testng.internal.Utils - [Utils] MethodGroupsHelper.collectMethodsByGroup() took 0 ms.
09:42:30.156 [main] INFO  org.testng.internal.Utils - [Utils] MethodGroupsHelper.sortMethods() took 0 ms.
09:42:30.161 [main] INFO  org.testng.internal.Utils - [Utils] MethodGroupsHelper.collectMethodsByGroup() took 0 ms.
09:42:30.161 [main] INFO  org.testng.internal.Utils - [Utils] MethodGroupsHelper.sortMethods() took 0 ms.
09:42:30.161 [main] INFO  org.testng.internal.Utils - [Utils] MethodGroupsHelper.collectMethodsByGroup() took 0 ms.
09:42:30.161 [main] INFO  org.testng.internal.Utils - [Utils] MethodGroupsHelper.sortMethods() took 0 ms.
09:42:30.167 [main] INFO  org.testng.internal.Utils - [Utils] MethodGroupsHelper.collectMethodsByGroup() took 0 ms.
09:42:30.169 [main] INFO  org.testng.internal.Utils - [Utils] MethodGroupsHelper.sortMethods() took 0 ms.
09:42:30.169 [main] INFO  org.testng.internal.Utils - [Utils] MethodGroupsHelper.collectMethodsByGroup() took 0 ms.
09:42:30.169 [main] INFO  org.testng.internal.Utils - [Utils] MethodGroupsHelper.sortMethods() took 0 ms.
09:42:30.169 [main] INFO  org.testng.internal.Utils - [Utils] MethodGroupsHelper.collectMethodsByGroup() took 0 ms.
09:42:30.169 [main] INFO  org.testng.internal.Utils - [Utils] MethodGroupsHelper.sortMethods() took 0 ms.
09:42:30.179 [main] INFO  org.testng.internal.Utils - [TestNG] Running:
  D:\Testing\TheCapacity\testCases.xml

09:42:30.199 [main] INFO  org.testng.internal.Utils - [ThreadUtil] Starting executor timeOut:2147483647ms workers:1 threadPoolSize:5
09:42:30.896 [TestNG-tests-1] INFO  org.testng.internal.Utils - [Utils] DynamicGraphHelper.createDynamicGraph() took 10 ms.
09:42:38.475 [TestNG-tests-1] INFO  testCases.TC005_SingleSelectQuestionType - Entering email
09:42:39.854 [TestNG-tests-1] INFO  testCases.TC005_SingleSelectQuestionType - Entering password
09:42:40.023 [TestNG-tests-1] INFO  testCases.TC005_SingleSelectQuestionType - Clicking Sign In button
09:42:40.189 [TestNG-tests-1] INFO  testCases.TC005_SingleSelectQuestionType - Navigating to Survey Listing page
09:42:43.645 [TestNG-tests-1] INFO  testCases.TC005_SingleSelectQuestionType - Clicking survey code button
09:42:45.972 [TestNG-tests-1] INFO  testCases.TC005_SingleSelectQuestionType - Survey code button clicked successfully
09:42:46.536 [TestNG-tests-1] INFO  testCases.TC005_SingleSelectQuestionType - Survey Programming option selected successfully
09:42:56.011 [main] INFO  org.testng.internal.Utils - [TestNG] Time taken by org.testng.internal.ExitCodeListener@74bada02: 0 ms
09:45:18.469 [main] WARN  org.testng.xml.TestNGContentHandler - It is strongly recommended to add "<!DOCTYPE suite SYSTEM "https://testng.org/testng-1.0.dtd" >" at the top of the suite file [D:\Testing\TheCapacity\testCases.xml] otherwise TestNG may fail or not work as expected.
09:45:18.905 [main] INFO  org.testng.internal.Utils - [Utils] MethodGroupsHelper.collectMethodsByGroup() took 2 ms.
09:45:18.911 [main] INFO  org.testng.internal.Utils - [Utils] MethodGroupsHelper.sortMethods() took 3 ms.
09:45:18.914 [main] INFO  org.testng.internal.Utils - [Utils] MethodGroupsHelper.collectMethodsByGroup() took 0 ms.
09:45:18.914 [main] INFO  org.testng.internal.Utils - [Utils] MethodGroupsHelper.sortMethods() took 0 ms.
09:45:18.915 [main] INFO  org.testng.internal.Utils - [Utils] MethodGroupsHelper.collectMethodsByGroup() took 0 ms.
09:45:18.916 [main] INFO  org.testng.internal.Utils - [Utils] MethodGroupsHelper.sortMethods() took 0 ms.
09:45:18.919 [main] INFO  org.testng.internal.Utils - [Utils] MethodGroupsHelper.collectMethodsByGroup() took 0 ms.
09:45:18.920 [main] INFO  org.testng.internal.Utils - [Utils] MethodGroupsHelper.sortMethods() took 0 ms.
09:45:18.928 [main] INFO  org.testng.internal.Utils - [Utils] MethodGroupsHelper.collectMethodsByGroup() took 5 ms.
09:45:18.960 [main] INFO  org.testng.internal.Utils - [Utils] MethodGroupsHelper.sortMethods() took 32 ms.
09:45:18.962 [main] INFO  org.testng.internal.Utils - [Utils] MethodGroupsHelper.collectMethodsByGroup() took 0 ms.
09:45:18.962 [main] INFO  org.testng.internal.Utils - [Utils] MethodGroupsHelper.sortMethods() took 0 ms.
09:45:18.962 [main] INFO  org.testng.internal.Utils - [Utils] MethodGroupsHelper.collectMethodsByGroup() took 0 ms.
09:45:18.962 [main] INFO  org.testng.internal.Utils - [Utils] MethodGroupsHelper.sortMethods() took 0 ms.
09:45:18.962 [main] INFO  org.testng.internal.Utils - [Utils] MethodGroupsHelper.collectMethodsByGroup() took 0 ms.
09:45:18.968 [main] INFO  org.testng.internal.Utils - [Utils] MethodGroupsHelper.sortMethods() took 0 ms.
09:45:18.974 [main] INFO  org.testng.internal.Utils - [Utils] MethodGroupsHelper.collectMethodsByGroup() took 0 ms.
09:45:18.974 [main] INFO  org.testng.internal.Utils - [Utils] MethodGroupsHelper.sortMethods() took 0 ms.
09:45:18.974 [main] INFO  org.testng.internal.Utils - [Utils] MethodGroupsHelper.collectMethodsByGroup() took 0 ms.
09:45:18.974 [main] INFO  org.testng.internal.Utils - [Utils] MethodGroupsHelper.sortMethods() took 0 ms.
09:45:18.974 [main] INFO  org.testng.internal.Utils - [Utils] MethodGroupsHelper.collectMethodsByGroup() took 0 ms.
09:45:18.974 [main] INFO  org.testng.internal.Utils - [Utils] MethodGroupsHelper.sortMethods() took 0 ms.
09:45:18.981 [main] INFO  org.testng.internal.Utils - [Utils] MethodGroupsHelper.collectMethodsByGroup() took 0 ms.
09:45:18.981 [main] INFO  org.testng.internal.Utils - [Utils] MethodGroupsHelper.sortMethods() took 0 ms.
09:45:18.984 [main] INFO  org.testng.internal.Utils - [Utils] MethodGroupsHelper.collectMethodsByGroup() took 3 ms.
09:45:18.986 [main] INFO  org.testng.internal.Utils - [Utils] MethodGroupsHelper.sortMethods() took 0 ms.
09:45:18.986 [main] INFO  org.testng.internal.Utils - [Utils] MethodGroupsHelper.collectMethodsByGroup() took 0 ms.
09:45:18.986 [main] INFO  org.testng.internal.Utils - [Utils] MethodGroupsHelper.sortMethods() took 0 ms.
09:45:18.991 [main] INFO  org.testng.internal.Utils - [Utils] MethodGroupsHelper.collectMethodsByGroup() took 0 ms.
09:45:18.991 [main] INFO  org.testng.internal.Utils - [Utils] MethodGroupsHelper.sortMethods() took 0 ms.
09:45:19.003 [main] INFO  org.testng.internal.Utils - [TestNG] Running:
  D:\Testing\TheCapacity\testCases.xml

09:45:19.013 [main] INFO  org.testng.internal.Utils - [ThreadUtil] Starting executor timeOut:2147483647ms workers:1 threadPoolSize:5
09:45:19.595 [TestNG-tests-1] INFO  org.testng.internal.Utils - [Utils] DynamicGraphHelper.createDynamicGraph() took 6 ms.
09:45:25.083 [TestNG-tests-1] INFO  testCases.TC005_SingleSelectQuestionType - Entering email
09:45:26.201 [TestNG-tests-1] INFO  testCases.TC005_SingleSelectQuestionType - Entering password
09:45:26.356 [TestNG-tests-1] INFO  testCases.TC005_SingleSelectQuestionType - Clicking Sign In button
09:45:26.483 [TestNG-tests-1] INFO  testCases.TC005_SingleSelectQuestionType - Navigating to Survey Listing page
09:45:30.738 [TestNG-tests-1] INFO  testCases.TC005_SingleSelectQuestionType - Clicking survey code button
09:45:32.659 [TestNG-tests-1] INFO  testCases.TC005_SingleSelectQuestionType - Survey code button clicked successfully
09:45:33.211 [TestNG-tests-1] INFO  testCases.TC005_SingleSelectQuestionType - Survey Programming option selected successfully
09:45:41.518 [main] INFO  org.testng.internal.Utils - [TestNG] Time taken by org.testng.internal.ExitCodeListener@6ee6f53: 0 ms
09:46:07.349 [main] WARN  org.testng.xml.TestNGContentHandler - It is strongly recommended to add "<!DOCTYPE suite SYSTEM "https://testng.org/testng-1.0.dtd" >" at the top of the suite file [D:\Testing\TheCapacity\testCases.xml] otherwise TestNG may fail or not work as expected.
09:46:08.247 [main] INFO  org.testng.internal.Utils - [Utils] MethodGroupsHelper.collectMethodsByGroup() took 1 ms.
09:46:08.251 [main] INFO  org.testng.internal.Utils - [Utils] MethodGroupsHelper.sortMethods() took 0 ms.
09:46:08.259 [main] INFO  org.testng.internal.Utils - [Utils] MethodGroupsHelper.collectMethodsByGroup() took 0 ms.
09:46:08.259 [main] INFO  org.testng.internal.Utils - [Utils] MethodGroupsHelper.sortMethods() took 0 ms.
09:46:08.260 [main] INFO  org.testng.internal.Utils - [Utils] MethodGroupsHelper.collectMethodsByGroup() took 0 ms.
09:46:08.261 [main] INFO  org.testng.internal.Utils - [Utils] MethodGroupsHelper.sortMethods() took 0 ms.
09:46:08.262 [main] INFO  org.testng.internal.Utils - [Utils] MethodGroupsHelper.collectMethodsByGroup() took 0 ms.
09:46:08.262 [main] INFO  org.testng.internal.Utils - [Utils] MethodGroupsHelper.sortMethods() took 0 ms.
09:46:08.271 [main] INFO  org.testng.internal.Utils - [Utils] MethodGroupsHelper.collectMethodsByGroup() took 7 ms.
09:46:08.297 [main] INFO  org.testng.internal.Utils - [Utils] MethodGroupsHelper.sortMethods() took 24 ms.
09:46:08.297 [main] INFO  org.testng.internal.Utils - [Utils] MethodGroupsHelper.collectMethodsByGroup() took 0 ms.
09:46:08.297 [main] INFO  org.testng.internal.Utils - [Utils] MethodGroupsHelper.sortMethods() took 0 ms.
09:46:08.306 [main] INFO  org.testng.internal.Utils - [Utils] MethodGroupsHelper.collectMethodsByGroup() took 0 ms.
09:46:08.306 [main] INFO  org.testng.internal.Utils - [Utils] MethodGroupsHelper.sortMethods() took 0 ms.
09:46:08.308 [main] INFO  org.testng.internal.Utils - [Utils] MethodGroupsHelper.collectMethodsByGroup() took 0 ms.
09:46:08.308 [main] INFO  org.testng.internal.Utils - [Utils] MethodGroupsHelper.sortMethods() took 0 ms.
09:46:08.315 [main] INFO  org.testng.internal.Utils - [Utils] MethodGroupsHelper.collectMethodsByGroup() took 0 ms.
09:46:08.317 [main] INFO  org.testng.internal.Utils - [Utils] MethodGroupsHelper.sortMethods() took 0 ms.
09:46:08.318 [main] INFO  org.testng.internal.Utils - [Utils] MethodGroupsHelper.collectMethodsByGroup() took 0 ms.
09:46:08.319 [main] INFO  org.testng.internal.Utils - [Utils] MethodGroupsHelper.sortMethods() took 0 ms.
09:46:08.324 [main] INFO  org.testng.internal.Utils - [Utils] MethodGroupsHelper.collectMethodsByGroup() took 0 ms.
09:46:08.325 [main] INFO  org.testng.internal.Utils - [Utils] MethodGroupsHelper.sortMethods() took 0 ms.
09:46:08.328 [main] INFO  org.testng.internal.Utils - [Utils] MethodGroupsHelper.collectMethodsByGroup() took 0 ms.
09:46:08.328 [main] INFO  org.testng.internal.Utils - [Utils] MethodGroupsHelper.sortMethods() took 0 ms.
09:46:08.330 [main] INFO  org.testng.internal.Utils - [Utils] MethodGroupsHelper.collectMethodsByGroup() took 1 ms.
09:46:08.331 [main] INFO  org.testng.internal.Utils - [Utils] MethodGroupsHelper.sortMethods() took 0 ms.
09:46:08.333 [main] INFO  org.testng.internal.Utils - [Utils] MethodGroupsHelper.collectMethodsByGroup() took 0 ms.
09:46:08.334 [main] INFO  org.testng.internal.Utils - [Utils] MethodGroupsHelper.sortMethods() took 0 ms.
09:46:08.334 [main] INFO  org.testng.internal.Utils - [Utils] MethodGroupsHelper.collectMethodsByGroup() took 0 ms.
09:46:08.335 [main] INFO  org.testng.internal.Utils - [Utils] MethodGroupsHelper.sortMethods() took 0 ms.
09:46:08.344 [main] INFO  org.testng.internal.Utils - [TestNG] Running:
  D:\Testing\TheCapacity\testCases.xml

09:46:08.360 [main] INFO  org.testng.internal.Utils - [ThreadUtil] Starting executor timeOut:2147483647ms workers:1 threadPoolSize:5
09:46:08.944 [TestNG-tests-1] INFO  org.testng.internal.Utils - [Utils] DynamicGraphHelper.createDynamicGraph() took 12 ms.
09:46:15.058 [TestNG-tests-1] INFO  testCases.TC005_SingleSelectQuestionType - Entering email
09:46:16.054 [TestNG-tests-1] INFO  testCases.TC005_SingleSelectQuestionType - Entering password
09:46:16.219 [TestNG-tests-1] INFO  testCases.TC005_SingleSelectQuestionType - Clicking Sign In button
09:46:16.335 [TestNG-tests-1] INFO  testCases.TC005_SingleSelectQuestionType - Navigating to Survey Listing page
09:46:19.247 [TestNG-tests-1] INFO  testCases.TC005_SingleSelectQuestionType - Clicking survey code button
09:46:21.210 [TestNG-tests-1] INFO  testCases.TC005_SingleSelectQuestionType - Survey code button clicked successfully
09:46:21.768 [TestNG-tests-1] INFO  testCases.TC005_SingleSelectQuestionType - Survey Programming option selected successfully
09:46:30.274 [main] INFO  org.testng.internal.Utils - [TestNG] Time taken by org.testng.internal.ExitCodeListener@34a875b3: 0 ms
09:52:04.477 [main] WARN  org.testng.xml.TestNGContentHandler - It is strongly recommended to add "<!DOCTYPE suite SYSTEM "https://testng.org/testng-1.0.dtd" >" at the top of the suite file [D:\Testing\TheCapacity\testCases.xml] otherwise TestNG may fail or not work as expected.
09:52:04.907 [main] INFO  org.testng.internal.Utils - [Utils] MethodGroupsHelper.collectMethodsByGroup() took 0 ms.
09:52:04.907 [main] INFO  org.testng.internal.Utils - [Utils] MethodGroupsHelper.sortMethods() took 0 ms.
09:52:04.924 [main] INFO  org.testng.internal.Utils - [Utils] MethodGroupsHelper.collectMethodsByGroup() took 0 ms.
09:52:04.924 [main] INFO  org.testng.internal.Utils - [Utils] MethodGroupsHelper.sortMethods() took 0 ms.
09:52:04.924 [main] INFO  org.testng.internal.Utils - [Utils] MethodGroupsHelper.collectMethodsByGroup() took 0 ms.
09:52:04.924 [main] INFO  org.testng.internal.Utils - [Utils] MethodGroupsHelper.sortMethods() took 0 ms.
09:52:04.924 [main] INFO  org.testng.internal.Utils - [Utils] MethodGroupsHelper.collectMethodsByGroup() took 0 ms.
09:52:04.924 [main] INFO  org.testng.internal.Utils - [Utils] MethodGroupsHelper.sortMethods() took 0 ms.
09:52:04.924 [main] INFO  org.testng.internal.Utils - [Utils] MethodGroupsHelper.collectMethodsByGroup() took 0 ms.
09:52:04.958 [main] INFO  org.testng.internal.Utils - [Utils] MethodGroupsHelper.sortMethods() took 33 ms.
09:52:04.958 [main] INFO  org.testng.internal.Utils - [Utils] MethodGroupsHelper.collectMethodsByGroup() took 0 ms.
09:52:04.958 [main] INFO  org.testng.internal.Utils - [Utils] MethodGroupsHelper.sortMethods() took 0 ms.
09:52:04.958 [main] INFO  org.testng.internal.Utils - [Utils] MethodGroupsHelper.collectMethodsByGroup() took 0 ms.
09:52:04.958 [main] INFO  org.testng.internal.Utils - [Utils] MethodGroupsHelper.sortMethods() took 0 ms.
09:52:04.975 [main] INFO  org.testng.internal.Utils - [Utils] MethodGroupsHelper.collectMethodsByGroup() took 0 ms.
09:52:04.977 [main] INFO  org.testng.internal.Utils - [Utils] MethodGroupsHelper.sortMethods() took 0 ms.
09:52:04.979 [main] INFO  org.testng.internal.Utils - [Utils] MethodGroupsHelper.collectMethodsByGroup() took 0 ms.
09:52:04.979 [main] INFO  org.testng.internal.Utils - [Utils] MethodGroupsHelper.sortMethods() took 0 ms.
09:52:04.979 [main] INFO  org.testng.internal.Utils - [Utils] MethodGroupsHelper.collectMethodsByGroup() took 0 ms.
09:52:04.979 [main] INFO  org.testng.internal.Utils - [Utils] MethodGroupsHelper.sortMethods() took 0 ms.
09:52:04.986 [main] INFO  org.testng.internal.Utils - [Utils] MethodGroupsHelper.collectMethodsByGroup() took 0 ms.
09:52:04.986 [main] INFO  org.testng.internal.Utils - [Utils] MethodGroupsHelper.sortMethods() took 0 ms.
09:52:04.987 [main] INFO  org.testng.internal.Utils - [Utils] MethodGroupsHelper.collectMethodsByGroup() took 0 ms.
09:52:04.988 [main] INFO  org.testng.internal.Utils - [Utils] MethodGroupsHelper.sortMethods() took 0 ms.
09:52:04.991 [main] INFO  org.testng.internal.Utils - [Utils] MethodGroupsHelper.collectMethodsByGroup() took 0 ms.
09:52:04.991 [main] INFO  org.testng.internal.Utils - [Utils] MethodGroupsHelper.sortMethods() took 0 ms.
09:52:04.993 [main] INFO  org.testng.internal.Utils - [Utils] MethodGroupsHelper.collectMethodsByGroup() took 0 ms.
09:52:04.995 [main] INFO  org.testng.internal.Utils - [Utils] MethodGroupsHelper.sortMethods() took 0 ms.
09:52:04.995 [main] INFO  org.testng.internal.Utils - [Utils] MethodGroupsHelper.collectMethodsByGroup() took 0 ms.
09:52:04.995 [main] INFO  org.testng.internal.Utils - [Utils] MethodGroupsHelper.sortMethods() took 0 ms.
09:52:05.006 [main] INFO  org.testng.internal.Utils - [TestNG] Running:
  D:\Testing\TheCapacity\testCases.xml

09:52:05.018 [main] INFO  org.testng.internal.Utils - [ThreadUtil] Starting executor timeOut:2147483647ms workers:1 threadPoolSize:5
09:52:05.552 [TestNG-tests-1] INFO  org.testng.internal.Utils - [Utils] DynamicGraphHelper.createDynamicGraph() took 6 ms.
09:52:10.874 [TestNG-tests-1] INFO  testCases.TC005_SingleSelectQuestionType - Entering email
09:52:11.871 [TestNG-tests-1] INFO  testCases.TC005_SingleSelectQuestionType - Entering password
09:52:12.034 [TestNG-tests-1] INFO  testCases.TC005_SingleSelectQuestionType - Clicking Sign In button
09:52:12.153 [TestNG-tests-1] INFO  testCases.TC005_SingleSelectQuestionType - Navigating to Survey Listing page
09:52:15.424 [TestNG-tests-1] INFO  testCases.TC005_SingleSelectQuestionType - Clicking survey code button
09:52:17.429 [TestNG-tests-1] INFO  testCases.TC005_SingleSelectQuestionType - Survey code button clicked successfully
09:52:17.999 [TestNG-tests-1] INFO  testCases.TC005_SingleSelectQuestionType - Survey Programming option selected successfully
09:52:27.219 [main] INFO  org.testng.internal.Utils - [TestNG] Time taken by org.testng.internal.ExitCodeListener@db57326: 0 ms
09:55:13.173 [main] WARN  org.testng.xml.TestNGContentHandler - It is strongly recommended to add "<!DOCTYPE suite SYSTEM "https://testng.org/testng-1.0.dtd" >" at the top of the suite file [D:\Testing\TheCapacity\testCases.xml] otherwise TestNG may fail or not work as expected.
09:55:13.654 [main] INFO  org.testng.internal.Utils - [Utils] MethodGroupsHelper.collectMethodsByGroup() took 4 ms.
09:55:13.664 [main] INFO  org.testng.internal.Utils - [Utils] MethodGroupsHelper.sortMethods() took 3 ms.
09:55:13.667 [main] INFO  org.testng.internal.Utils - [Utils] MethodGroupsHelper.collectMethodsByGroup() took 0 ms.
09:55:13.668 [main] INFO  org.testng.internal.Utils - [Utils] MethodGroupsHelper.sortMethods() took 0 ms.
09:55:13.669 [main] INFO  org.testng.internal.Utils - [Utils] MethodGroupsHelper.collectMethodsByGroup() took 0 ms.
09:55:13.670 [main] INFO  org.testng.internal.Utils - [Utils] MethodGroupsHelper.sortMethods() took 0 ms.
09:55:13.672 [main] INFO  org.testng.internal.Utils - [Utils] MethodGroupsHelper.collectMethodsByGroup() took 0 ms.
09:55:13.672 [main] INFO  org.testng.internal.Utils - [Utils] MethodGroupsHelper.sortMethods() took 0 ms.
09:55:13.683 [main] INFO  org.testng.internal.Utils - [Utils] MethodGroupsHelper.collectMethodsByGroup() took 8 ms.
09:55:13.715 [main] INFO  org.testng.internal.Utils - [Utils] MethodGroupsHelper.sortMethods() took 30 ms.
09:55:13.715 [main] INFO  org.testng.internal.Utils - [Utils] MethodGroupsHelper.collectMethodsByGroup() took 0 ms.
09:55:13.715 [main] INFO  org.testng.internal.Utils - [Utils] MethodGroupsHelper.sortMethods() took 0 ms.
09:55:13.715 [main] INFO  org.testng.internal.Utils - [Utils] MethodGroupsHelper.collectMethodsByGroup() took 0 ms.
09:55:13.715 [main] INFO  org.testng.internal.Utils - [Utils] MethodGroupsHelper.sortMethods() took 0 ms.
09:55:13.715 [main] INFO  org.testng.internal.Utils - [Utils] MethodGroupsHelper.collectMethodsByGroup() took 0 ms.
09:55:13.723 [main] INFO  org.testng.internal.Utils - [Utils] MethodGroupsHelper.sortMethods() took 0 ms.
09:55:13.730 [main] INFO  org.testng.internal.Utils - [Utils] MethodGroupsHelper.collectMethodsByGroup() took 0 ms.
09:55:13.730 [main] INFO  org.testng.internal.Utils - [Utils] MethodGroupsHelper.sortMethods() took 0 ms.
09:55:13.730 [main] INFO  org.testng.internal.Utils - [Utils] MethodGroupsHelper.collectMethodsByGroup() took 0 ms.
09:55:13.733 [main] INFO  org.testng.internal.Utils - [Utils] MethodGroupsHelper.sortMethods() took 0 ms.
09:55:13.733 [main] INFO  org.testng.internal.Utils - [Utils] MethodGroupsHelper.collectMethodsByGroup() took 0 ms.
09:55:13.733 [main] INFO  org.testng.internal.Utils - [Utils] MethodGroupsHelper.sortMethods() took 0 ms.
09:55:13.733 [main] INFO  org.testng.internal.Utils - [Utils] MethodGroupsHelper.collectMethodsByGroup() took 0 ms.
09:55:13.733 [main] INFO  org.testng.internal.Utils - [Utils] MethodGroupsHelper.sortMethods() took 0 ms.
09:55:13.733 [main] INFO  org.testng.internal.Utils - [Utils] MethodGroupsHelper.collectMethodsByGroup() took 0 ms.
09:55:13.733 [main] INFO  org.testng.internal.Utils - [Utils] MethodGroupsHelper.sortMethods() took 0 ms.
09:55:13.743 [main] INFO  org.testng.internal.Utils - [Utils] MethodGroupsHelper.collectMethodsByGroup() took 0 ms.
09:55:13.744 [main] INFO  org.testng.internal.Utils - [Utils] MethodGroupsHelper.sortMethods() took 0 ms.
09:55:13.745 [main] INFO  org.testng.internal.Utils - [Utils] MethodGroupsHelper.collectMethodsByGroup() took 0 ms.
09:55:13.748 [main] INFO  org.testng.internal.Utils - [Utils] MethodGroupsHelper.sortMethods() took 0 ms.
09:55:13.748 [main] INFO  org.testng.internal.Utils - [TestNG] Running:
  D:\Testing\TheCapacity\testCases.xml

09:55:13.765 [main] INFO  org.testng.internal.Utils - [ThreadUtil] Starting executor timeOut:2147483647ms workers:1 threadPoolSize:5
09:55:14.313 [TestNG-tests-1] INFO  org.testng.internal.Utils - [Utils] DynamicGraphHelper.createDynamicGraph() took 12 ms.
09:55:19.723 [TestNG-tests-1] INFO  testCases.TC005_SingleSelectQuestionType - Entering email
09:55:20.596 [TestNG-tests-1] INFO  testCases.TC005_SingleSelectQuestionType - Entering password
09:55:20.741 [TestNG-tests-1] INFO  testCases.TC005_SingleSelectQuestionType - Clicking Sign In button
09:55:20.863 [TestNG-tests-1] INFO  testCases.TC005_SingleSelectQuestionType - Navigating to Survey Listing page
09:55:23.908 [TestNG-tests-1] INFO  testCases.TC005_SingleSelectQuestionType - Clicking survey code button
09:55:25.885 [TestNG-tests-1] INFO  testCases.TC005_SingleSelectQuestionType - Survey code button clicked successfully
09:55:26.486 [TestNG-tests-1] INFO  testCases.TC005_SingleSelectQuestionType - Survey Programming option selected successfully
09:55:39.887 [main] INFO  org.testng.internal.Utils - [TestNG] Time taken by org.testng.internal.ExitCodeListener@61a88b8c: 0 ms
09:56:45.261 [main] WARN  org.testng.xml.TestNGContentHandler - It is strongly recommended to add "<!DOCTYPE suite SYSTEM "https://testng.org/testng-1.0.dtd" >" at the top of the suite file [D:\Testing\TheCapacity\testCases.xml] otherwise TestNG may fail or not work as expected.
09:56:45.679 [main] INFO  org.testng.internal.Utils - [Utils] MethodGroupsHelper.collectMethodsByGroup() took 0 ms.
09:56:45.695 [main] INFO  org.testng.internal.Utils - [Utils] MethodGroupsHelper.sortMethods() took 0 ms.
09:56:45.695 [main] INFO  org.testng.internal.Utils - [Utils] MethodGroupsHelper.collectMethodsByGroup() took 0 ms.
09:56:45.695 [main] INFO  org.testng.internal.Utils - [Utils] MethodGroupsHelper.sortMethods() took 0 ms.
09:56:45.695 [main] INFO  org.testng.internal.Utils - [Utils] MethodGroupsHelper.collectMethodsByGroup() took 0 ms.
09:56:45.695 [main] INFO  org.testng.internal.Utils - [Utils] MethodGroupsHelper.sortMethods() took 0 ms.
09:56:45.695 [main] INFO  org.testng.internal.Utils - [Utils] MethodGroupsHelper.collectMethodsByGroup() took 0 ms.
09:56:45.695 [main] INFO  org.testng.internal.Utils - [Utils] MethodGroupsHelper.sortMethods() took 0 ms.
09:56:45.711 [main] INFO  org.testng.internal.Utils - [Utils] MethodGroupsHelper.collectMethodsByGroup() took 15 ms.
09:56:45.740 [main] INFO  org.testng.internal.Utils - [Utils] MethodGroupsHelper.sortMethods() took 28 ms.
09:56:45.744 [main] INFO  org.testng.internal.Utils - [Utils] MethodGroupsHelper.collectMethodsByGroup() took 0 ms.
09:56:45.745 [main] INFO  org.testng.internal.Utils - [Utils] MethodGroupsHelper.sortMethods() took 0 ms.
09:56:45.746 [main] INFO  org.testng.internal.Utils - [Utils] MethodGroupsHelper.collectMethodsByGroup() took 0 ms.
09:56:45.746 [main] INFO  org.testng.internal.Utils - [Utils] MethodGroupsHelper.sortMethods() took 0 ms.
09:56:45.747 [main] INFO  org.testng.internal.Utils - [Utils] MethodGroupsHelper.collectMethodsByGroup() took 0 ms.
09:56:45.747 [main] INFO  org.testng.internal.Utils - [Utils] MethodGroupsHelper.sortMethods() took 0 ms.
09:56:45.753 [main] INFO  org.testng.internal.Utils - [Utils] MethodGroupsHelper.collectMethodsByGroup() took 0 ms.
09:56:45.753 [main] INFO  org.testng.internal.Utils - [Utils] MethodGroupsHelper.sortMethods() took 0 ms.
09:56:45.754 [main] INFO  org.testng.internal.Utils - [Utils] MethodGroupsHelper.collectMethodsByGroup() took 0 ms.
09:56:45.755 [main] INFO  org.testng.internal.Utils - [Utils] MethodGroupsHelper.sortMethods() took 0 ms.
09:56:45.757 [main] INFO  org.testng.internal.Utils - [Utils] MethodGroupsHelper.collectMethodsByGroup() took 0 ms.
09:56:45.758 [main] INFO  org.testng.internal.Utils - [Utils] MethodGroupsHelper.sortMethods() took 0 ms.
09:56:45.759 [main] INFO  org.testng.internal.Utils - [Utils] MethodGroupsHelper.collectMethodsByGroup() took 0 ms.
09:56:45.760 [main] INFO  org.testng.internal.Utils - [Utils] MethodGroupsHelper.sortMethods() took 0 ms.
09:56:45.762 [main] INFO  org.testng.internal.Utils - [Utils] MethodGroupsHelper.collectMethodsByGroup() took 0 ms.
09:56:45.763 [main] INFO  org.testng.internal.Utils - [Utils] MethodGroupsHelper.sortMethods() took 1 ms.
09:56:45.763 [main] INFO  org.testng.internal.Utils - [Utils] MethodGroupsHelper.collectMethodsByGroup() took 0 ms.
09:56:45.763 [main] INFO  org.testng.internal.Utils - [Utils] MethodGroupsHelper.sortMethods() took 0 ms.
09:56:45.763 [main] INFO  org.testng.internal.Utils - [Utils] MethodGroupsHelper.collectMethodsByGroup() took 0 ms.
09:56:45.763 [main] INFO  org.testng.internal.Utils - [Utils] MethodGroupsHelper.sortMethods() took 0 ms.
09:56:45.775 [main] INFO  org.testng.internal.Utils - [TestNG] Running:
  D:\Testing\TheCapacity\testCases.xml

09:56:45.777 [main] INFO  org.testng.internal.Utils - [ThreadUtil] Starting executor timeOut:2147483647ms workers:1 threadPoolSize:5
09:56:46.266 [TestNG-tests-1] INFO  org.testng.internal.Utils - [Utils] DynamicGraphHelper.createDynamicGraph() took 0 ms.
09:56:51.401 [TestNG-tests-1] INFO  testCases.TC005_SingleSelectQuestionType - Entering email
09:56:52.194 [TestNG-tests-1] INFO  testCases.TC005_SingleSelectQuestionType - Entering password
09:56:52.341 [TestNG-tests-1] INFO  testCases.TC005_SingleSelectQuestionType - Clicking Sign In button
09:56:52.470 [TestNG-tests-1] INFO  testCases.TC005_SingleSelectQuestionType - Navigating to Survey Listing page
09:56:56.076 [TestNG-tests-1] INFO  testCases.TC005_SingleSelectQuestionType - Clicking survey code button
09:56:58.099 [TestNG-tests-1] INFO  testCases.TC005_SingleSelectQuestionType - Survey code button clicked successfully
09:56:58.706 [TestNG-tests-1] INFO  testCases.TC005_SingleSelectQuestionType - Survey Programming option selected successfully
09:57:08.190 [main] INFO  org.testng.internal.Utils - [TestNG] Time taken by org.testng.internal.ExitCodeListener@4748a0f9: 0 ms
10:02:48.887 [main] WARN  org.testng.xml.TestNGContentHandler - It is strongly recommended to add "<!DOCTYPE suite SYSTEM "https://testng.org/testng-1.0.dtd" >" at the top of the suite file [D:\Testing\TheCapacity\testCases.xml] otherwise TestNG may fail or not work as expected.
10:02:49.303 [main] INFO  org.testng.internal.Utils - [Utils] MethodGroupsHelper.collectMethodsByGroup() took 0 ms.
10:02:49.303 [main] INFO  org.testng.internal.Utils - [Utils] MethodGroupsHelper.sortMethods() took 0 ms.
10:02:49.320 [main] INFO  org.testng.internal.Utils - [Utils] MethodGroupsHelper.collectMethodsByGroup() took 0 ms.
10:02:49.320 [main] INFO  org.testng.internal.Utils - [Utils] MethodGroupsHelper.sortMethods() took 0 ms.
10:02:49.320 [main] INFO  org.testng.internal.Utils - [Utils] MethodGroupsHelper.collectMethodsByGroup() took 0 ms.
10:02:49.320 [main] INFO  org.testng.internal.Utils - [Utils] MethodGroupsHelper.sortMethods() took 0 ms.
10:02:49.320 [main] INFO  org.testng.internal.Utils - [Utils] MethodGroupsHelper.collectMethodsByGroup() took 0 ms.
10:02:49.320 [main] INFO  org.testng.internal.Utils - [Utils] MethodGroupsHelper.sortMethods() took 0 ms.
10:02:49.320 [main] INFO  org.testng.internal.Utils - [Utils] MethodGroupsHelper.collectMethodsByGroup() took 0 ms.
10:02:49.353 [main] INFO  org.testng.internal.Utils - [Utils] MethodGroupsHelper.sortMethods() took 32 ms.
10:02:49.353 [main] INFO  org.testng.internal.Utils - [Utils] MethodGroupsHelper.collectMethodsByGroup() took 0 ms.
10:02:49.353 [main] INFO  org.testng.internal.Utils - [Utils] MethodGroupsHelper.sortMethods() took 0 ms.
10:02:49.353 [main] INFO  org.testng.internal.Utils - [Utils] MethodGroupsHelper.collectMethodsByGroup() took 0 ms.
10:02:49.353 [main] INFO  org.testng.internal.Utils - [Utils] MethodGroupsHelper.sortMethods() took 0 ms.
10:02:49.370 [main] INFO  org.testng.internal.Utils - [Utils] MethodGroupsHelper.collectMethodsByGroup() took 0 ms.
10:02:49.370 [main] INFO  org.testng.internal.Utils - [Utils] MethodGroupsHelper.sortMethods() took 0 ms.
10:02:49.370 [main] INFO  org.testng.internal.Utils - [Utils] MethodGroupsHelper.collectMethodsByGroup() took 0 ms.
10:02:49.370 [main] INFO  org.testng.internal.Utils - [Utils] MethodGroupsHelper.sortMethods() took 0 ms.
10:02:49.370 [main] INFO  org.testng.internal.Utils - [Utils] MethodGroupsHelper.collectMethodsByGroup() took 0 ms.
10:02:49.370 [main] INFO  org.testng.internal.Utils - [Utils] MethodGroupsHelper.sortMethods() took 0 ms.
10:02:49.370 [main] INFO  org.testng.internal.Utils - [Utils] MethodGroupsHelper.collectMethodsByGroup() took 0 ms.
10:02:49.370 [main] INFO  org.testng.internal.Utils - [Utils] MethodGroupsHelper.sortMethods() took 0 ms.
10:02:49.370 [main] INFO  org.testng.internal.Utils - [Utils] MethodGroupsHelper.collectMethodsByGroup() took 0 ms.
10:02:49.370 [main] INFO  org.testng.internal.Utils - [Utils] MethodGroupsHelper.sortMethods() took 0 ms.
10:02:49.387 [main] INFO  org.testng.internal.Utils - [Utils] MethodGroupsHelper.collectMethodsByGroup() took 1 ms.
10:02:49.387 [main] INFO  org.testng.internal.Utils - [Utils] MethodGroupsHelper.sortMethods() took 0 ms.
10:02:49.387 [main] INFO  org.testng.internal.Utils - [Utils] MethodGroupsHelper.collectMethodsByGroup() took 0 ms.
10:02:49.387 [main] INFO  org.testng.internal.Utils - [Utils] MethodGroupsHelper.sortMethods() took 0 ms.
10:02:49.387 [main] INFO  org.testng.internal.Utils - [Utils] MethodGroupsHelper.collectMethodsByGroup() took 0 ms.
10:02:49.387 [main] INFO  org.testng.internal.Utils - [Utils] MethodGroupsHelper.sortMethods() took 0 ms.
10:02:49.387 [main] INFO  org.testng.internal.Utils - [TestNG] Running:
  D:\Testing\TheCapacity\testCases.xml

10:02:49.420 [main] INFO  org.testng.internal.Utils - [ThreadUtil] Starting executor timeOut:2147483647ms workers:1 threadPoolSize:5
10:02:49.945 [TestNG-tests-1] INFO  org.testng.internal.Utils - [Utils] DynamicGraphHelper.createDynamicGraph() took 6 ms.
10:02:54.771 [TestNG-tests-1] INFO  testCases.TC005_SingleSelectQuestionType - Entering email
10:02:55.688 [TestNG-tests-1] INFO  testCases.TC005_SingleSelectQuestionType - Entering password
10:02:55.866 [TestNG-tests-1] INFO  testCases.TC005_SingleSelectQuestionType - Clicking Sign In button
10:02:55.985 [TestNG-tests-1] INFO  testCases.TC005_SingleSelectQuestionType - Navigating to Survey Listing page
10:03:00.094 [TestNG-tests-1] INFO  testCases.TC005_SingleSelectQuestionType - Clicking survey code button
10:03:02.061 [TestNG-tests-1] INFO  testCases.TC005_SingleSelectQuestionType - Survey code button clicked successfully
10:03:02.626 [TestNG-tests-1] INFO  testCases.TC005_SingleSelectQuestionType - Survey Programming option selected successfully
10:03:11.697 [main] INFO  org.testng.internal.Utils - [TestNG] Time taken by org.testng.internal.ExitCodeListener@6ad3381f: 0 ms
10:04:15.905 [main] WARN  org.testng.xml.TestNGContentHandler - It is strongly recommended to add "<!DOCTYPE suite SYSTEM "https://testng.org/testng-1.0.dtd" >" at the top of the suite file [D:\Testing\TheCapacity\testCases.xml] otherwise TestNG may fail or not work as expected.
10:04:16.305 [main] INFO  org.testng.internal.Utils - [Utils] MethodGroupsHelper.collectMethodsByGroup() took 0 ms.
10:04:16.305 [main] INFO  org.testng.internal.Utils - [Utils] MethodGroupsHelper.sortMethods() took 0 ms.
10:04:16.314 [main] INFO  org.testng.internal.Utils - [Utils] MethodGroupsHelper.collectMethodsByGroup() took 0 ms.
10:04:16.314 [main] INFO  org.testng.internal.Utils - [Utils] MethodGroupsHelper.sortMethods() took 0 ms.
10:04:16.314 [main] INFO  org.testng.internal.Utils - [Utils] MethodGroupsHelper.collectMethodsByGroup() took 0 ms.
10:04:16.314 [main] INFO  org.testng.internal.Utils - [Utils] MethodGroupsHelper.sortMethods() took 0 ms.
10:04:16.322 [main] INFO  org.testng.internal.Utils - [Utils] MethodGroupsHelper.collectMethodsByGroup() took 0 ms.
10:04:16.322 [main] INFO  org.testng.internal.Utils - [Utils] MethodGroupsHelper.sortMethods() took 0 ms.
10:04:16.322 [main] INFO  org.testng.internal.Utils - [Utils] MethodGroupsHelper.collectMethodsByGroup() took 0 ms.
10:04:16.354 [main] INFO  org.testng.internal.Utils - [Utils] MethodGroupsHelper.sortMethods() took 31 ms.
10:04:16.354 [main] INFO  org.testng.internal.Utils - [Utils] MethodGroupsHelper.collectMethodsByGroup() took 0 ms.
10:04:16.354 [main] INFO  org.testng.internal.Utils - [Utils] MethodGroupsHelper.sortMethods() took 0 ms.
10:04:16.354 [main] INFO  org.testng.internal.Utils - [Utils] MethodGroupsHelper.collectMethodsByGroup() took 0 ms.
10:04:16.354 [main] INFO  org.testng.internal.Utils - [Utils] MethodGroupsHelper.sortMethods() took 0 ms.
10:04:16.354 [main] INFO  org.testng.internal.Utils - [Utils] MethodGroupsHelper.collectMethodsByGroup() took 0 ms.
10:04:16.354 [main] INFO  org.testng.internal.Utils - [Utils] MethodGroupsHelper.sortMethods() took 0 ms.
10:04:16.354 [main] INFO  org.testng.internal.Utils - [Utils] MethodGroupsHelper.collectMethodsByGroup() took 0 ms.
10:04:16.354 [main] INFO  org.testng.internal.Utils - [Utils] MethodGroupsHelper.sortMethods() took 0 ms.
10:04:16.369 [main] INFO  org.testng.internal.Utils - [Utils] MethodGroupsHelper.collectMethodsByGroup() took 0 ms.
10:04:16.370 [main] INFO  org.testng.internal.Utils - [Utils] MethodGroupsHelper.sortMethods() took 0 ms.
10:04:16.370 [main] INFO  org.testng.internal.Utils - [Utils] MethodGroupsHelper.collectMethodsByGroup() took 0 ms.
10:04:16.370 [main] INFO  org.testng.internal.Utils - [Utils] MethodGroupsHelper.sortMethods() took 0 ms.
10:04:16.370 [main] INFO  org.testng.internal.Utils - [Utils] MethodGroupsHelper.collectMethodsByGroup() took 0 ms.
10:04:16.370 [main] INFO  org.testng.internal.Utils - [Utils] MethodGroupsHelper.sortMethods() took 0 ms.
10:04:16.370 [main] INFO  org.testng.internal.Utils - [Utils] MethodGroupsHelper.collectMethodsByGroup() took 0 ms.
10:04:16.370 [main] INFO  org.testng.internal.Utils - [Utils] MethodGroupsHelper.sortMethods() took 0 ms.
10:04:16.370 [main] INFO  org.testng.internal.Utils - [Utils] MethodGroupsHelper.collectMethodsByGroup() took 0 ms.
10:04:16.370 [main] INFO  org.testng.internal.Utils - [Utils] MethodGroupsHelper.sortMethods() took 0 ms.
10:04:16.370 [main] INFO  org.testng.internal.Utils - [Utils] MethodGroupsHelper.collectMethodsByGroup() took 0 ms.
10:04:16.370 [main] INFO  org.testng.internal.Utils - [Utils] MethodGroupsHelper.sortMethods() took 0 ms.
10:04:16.387 [main] INFO  org.testng.internal.Utils - [TestNG] Running:
  D:\Testing\TheCapacity\testCases.xml

10:04:16.404 [main] INFO  org.testng.internal.Utils - [ThreadUtil] Starting executor timeOut:2147483647ms workers:1 threadPoolSize:5
10:04:16.890 [TestNG-tests-1] INFO  org.testng.internal.Utils - [Utils] DynamicGraphHelper.createDynamicGraph() took 8 ms.
10:04:21.965 [TestNG-tests-1] INFO  testCases.TC005_SingleSelectQuestionType - Entering email
10:04:22.785 [TestNG-tests-1] INFO  testCases.TC005_SingleSelectQuestionType - Entering password
10:04:22.949 [TestNG-tests-1] INFO  testCases.TC005_SingleSelectQuestionType - Clicking Sign In button
10:04:23.071 [TestNG-tests-1] INFO  testCases.TC005_SingleSelectQuestionType - Navigating to Survey Listing page
10:04:25.818 [TestNG-tests-1] INFO  testCases.TC005_SingleSelectQuestionType - Clicking survey code button
10:04:27.702 [TestNG-tests-1] INFO  testCases.TC005_SingleSelectQuestionType - Survey code button clicked successfully
10:04:28.251 [TestNG-tests-1] INFO  testCases.TC005_SingleSelectQuestionType - Survey Programming option selected successfully
10:04:37.817 [main] INFO  org.testng.internal.Utils - [TestNG] Time taken by org.testng.internal.ExitCodeListener@db57326: 0 ms
10:05:34.825 [main] WARN  org.testng.xml.TestNGContentHandler - It is strongly recommended to add "<!DOCTYPE suite SYSTEM "https://testng.org/testng-1.0.dtd" >" at the top of the suite file [D:\Testing\TheCapacity\testCases.xml] otherwise TestNG may fail or not work as expected.
10:05:35.264 [main] INFO  org.testng.internal.Utils - [Utils] MethodGroupsHelper.collectMethodsByGroup() took 0 ms.
10:05:35.271 [main] INFO  org.testng.internal.Utils - [Utils] MethodGroupsHelper.sortMethods() took 2 ms.
10:05:35.271 [main] INFO  org.testng.internal.Utils - [Utils] MethodGroupsHelper.collectMethodsByGroup() took 0 ms.
10:05:35.271 [main] INFO  org.testng.internal.Utils - [Utils] MethodGroupsHelper.sortMethods() took 0 ms.
10:05:35.271 [main] INFO  org.testng.internal.Utils - [Utils] MethodGroupsHelper.collectMethodsByGroup() took 0 ms.
10:05:35.280 [main] INFO  org.testng.internal.Utils - [Utils] MethodGroupsHelper.sortMethods() took 0 ms.
10:05:35.282 [main] INFO  org.testng.internal.Utils - [Utils] MethodGroupsHelper.collectMethodsByGroup() took 0 ms.
10:05:35.282 [main] INFO  org.testng.internal.Utils - [Utils] MethodGroupsHelper.sortMethods() took 0 ms.
10:05:35.289 [main] INFO  org.testng.internal.Utils - [Utils] MethodGroupsHelper.collectMethodsByGroup() took 7 ms.
10:05:35.314 [main] INFO  org.testng.internal.Utils - [Utils] MethodGroupsHelper.sortMethods() took 24 ms.
10:05:35.320 [main] INFO  org.testng.internal.Utils - [Utils] MethodGroupsHelper.collectMethodsByGroup() took 0 ms.
10:05:35.320 [main] INFO  org.testng.internal.Utils - [Utils] MethodGroupsHelper.sortMethods() took 0 ms.
10:05:35.320 [main] INFO  org.testng.internal.Utils - [Utils] MethodGroupsHelper.collectMethodsByGroup() took 0 ms.
10:05:35.320 [main] INFO  org.testng.internal.Utils - [Utils] MethodGroupsHelper.sortMethods() took 0 ms.
10:05:35.322 [main] INFO  org.testng.internal.Utils - [Utils] MethodGroupsHelper.collectMethodsByGroup() took 0 ms.
10:05:35.322 [main] INFO  org.testng.internal.Utils - [Utils] MethodGroupsHelper.sortMethods() took 0 ms.
10:05:35.329 [main] INFO  org.testng.internal.Utils - [Utils] MethodGroupsHelper.collectMethodsByGroup() took 0 ms.
10:05:35.330 [main] INFO  org.testng.internal.Utils - [Utils] MethodGroupsHelper.sortMethods() took 0 ms.
10:05:35.332 [main] INFO  org.testng.internal.Utils - [Utils] MethodGroupsHelper.collectMethodsByGroup() took 0 ms.
10:05:35.332 [main] INFO  org.testng.internal.Utils - [Utils] MethodGroupsHelper.sortMethods() took 0 ms.
10:05:35.333 [main] INFO  org.testng.internal.Utils - [Utils] MethodGroupsHelper.collectMethodsByGroup() took 0 ms.
10:05:35.333 [main] INFO  org.testng.internal.Utils - [Utils] MethodGroupsHelper.sortMethods() took 0 ms.
10:05:35.333 [main] INFO  org.testng.internal.Utils - [Utils] MethodGroupsHelper.collectMethodsByGroup() took 0 ms.
10:05:35.333 [main] INFO  org.testng.internal.Utils - [Utils] MethodGroupsHelper.sortMethods() took 0 ms.
10:05:35.333 [main] INFO  org.testng.internal.Utils - [Utils] MethodGroupsHelper.collectMethodsByGroup() took 0 ms.
10:05:35.333 [main] INFO  org.testng.internal.Utils - [Utils] MethodGroupsHelper.sortMethods() took 0 ms.
10:05:35.340 [main] INFO  org.testng.internal.Utils - [Utils] MethodGroupsHelper.collectMethodsByGroup() took 0 ms.
10:05:35.340 [main] INFO  org.testng.internal.Utils - [Utils] MethodGroupsHelper.sortMethods() took 0 ms.
10:05:35.342 [main] INFO  org.testng.internal.Utils - [Utils] MethodGroupsHelper.collectMethodsByGroup() took 2 ms.
10:05:35.342 [main] INFO  org.testng.internal.Utils - [Utils] MethodGroupsHelper.sortMethods() took 0 ms.
10:05:35.350 [main] INFO  org.testng.internal.Utils - [TestNG] Running:
  D:\Testing\TheCapacity\testCases.xml

10:05:35.364 [main] INFO  org.testng.internal.Utils - [ThreadUtil] Starting executor timeOut:2147483647ms workers:1 threadPoolSize:5
10:05:35.846 [TestNG-tests-1] INFO  org.testng.internal.Utils - [Utils] DynamicGraphHelper.createDynamicGraph() took 0 ms.
10:05:40.687 [TestNG-tests-1] INFO  testCases.TC005_SingleSelectQuestionType - Entering email
10:05:41.462 [TestNG-tests-1] INFO  testCases.TC005_SingleSelectQuestionType - Entering password
10:05:41.615 [TestNG-tests-1] INFO  testCases.TC005_SingleSelectQuestionType - Clicking Sign In button
10:05:41.746 [TestNG-tests-1] INFO  testCases.TC005_SingleSelectQuestionType - Navigating to Survey Listing page
10:05:44.940 [TestNG-tests-1] INFO  testCases.TC005_SingleSelectQuestionType - Clicking survey code button
10:05:46.848 [TestNG-tests-1] INFO  testCases.TC005_SingleSelectQuestionType - Survey code button clicked successfully
10:05:47.428 [TestNG-tests-1] INFO  testCases.TC005_SingleSelectQuestionType - Survey Programming option selected successfully
10:06:01.361 [main] INFO  org.testng.internal.Utils - [TestNG] Time taken by org.testng.internal.ExitCodeListener@77d67cf3: 0 ms
10:11:44.540 [main] WARN  org.testng.xml.TestNGContentHandler - It is strongly recommended to add "<!DOCTYPE suite SYSTEM "https://testng.org/testng-1.0.dtd" >" at the top of the suite file [D:\Testing\TheCapacity\testCases.xml] otherwise TestNG may fail or not work as expected.
10:11:44.938 [main] INFO  org.testng.internal.Utils - [Utils] MethodGroupsHelper.collectMethodsByGroup() took 0 ms.
10:11:44.944 [main] INFO  org.testng.internal.Utils - [Utils] MethodGroupsHelper.sortMethods() took 3 ms.
10:11:44.947 [main] INFO  org.testng.internal.Utils - [Utils] MethodGroupsHelper.collectMethodsByGroup() took 0 ms.
10:11:44.948 [main] INFO  org.testng.internal.Utils - [Utils] MethodGroupsHelper.sortMethods() took 0 ms.
10:11:44.949 [main] INFO  org.testng.internal.Utils - [Utils] MethodGroupsHelper.collectMethodsByGroup() took 0 ms.
10:11:44.950 [main] INFO  org.testng.internal.Utils - [Utils] MethodGroupsHelper.sortMethods() took 0 ms.
10:11:44.951 [main] INFO  org.testng.internal.Utils - [Utils] MethodGroupsHelper.collectMethodsByGroup() took 0 ms.
10:11:44.951 [main] INFO  org.testng.internal.Utils - [Utils] MethodGroupsHelper.sortMethods() took 0 ms.
10:11:44.959 [main] INFO  org.testng.internal.Utils - [Utils] MethodGroupsHelper.collectMethodsByGroup() took 6 ms.
10:11:44.982 [main] INFO  org.testng.internal.Utils - [Utils] MethodGroupsHelper.sortMethods() took 23 ms.
10:11:44.982 [main] INFO  org.testng.internal.Utils - [Utils] MethodGroupsHelper.collectMethodsByGroup() took 0 ms.
10:11:44.982 [main] INFO  org.testng.internal.Utils - [Utils] MethodGroupsHelper.sortMethods() took 0 ms.
10:11:44.987 [main] INFO  org.testng.internal.Utils - [Utils] MethodGroupsHelper.collectMethodsByGroup() took 0 ms.
10:11:44.987 [main] INFO  org.testng.internal.Utils - [Utils] MethodGroupsHelper.sortMethods() took 0 ms.
10:11:44.987 [main] INFO  org.testng.internal.Utils - [Utils] MethodGroupsHelper.collectMethodsByGroup() took 0 ms.
10:11:44.987 [main] INFO  org.testng.internal.Utils - [Utils] MethodGroupsHelper.sortMethods() took 0 ms.
10:11:44.989 [main] INFO  org.testng.internal.Utils - [Utils] MethodGroupsHelper.collectMethodsByGroup() took 0 ms.
10:11:44.989 [main] INFO  org.testng.internal.Utils - [Utils] MethodGroupsHelper.sortMethods() took 0 ms.
10:11:44.989 [main] INFO  org.testng.internal.Utils - [Utils] MethodGroupsHelper.collectMethodsByGroup() took 0 ms.
10:11:44.989 [main] INFO  org.testng.internal.Utils - [Utils] MethodGroupsHelper.sortMethods() took 0 ms.
10:11:44.997 [main] INFO  org.testng.internal.Utils - [Utils] MethodGroupsHelper.collectMethodsByGroup() took 0 ms.
10:11:44.997 [main] INFO  org.testng.internal.Utils - [Utils] MethodGroupsHelper.sortMethods() took 0 ms.
10:11:44.997 [main] INFO  org.testng.internal.Utils - [Utils] MethodGroupsHelper.collectMethodsByGroup() took 0 ms.
10:11:44.997 [main] INFO  org.testng.internal.Utils - [Utils] MethodGroupsHelper.sortMethods() took 0 ms.
10:11:44.999 [main] INFO  org.testng.internal.Utils - [Utils] MethodGroupsHelper.collectMethodsByGroup() took 0 ms.
10:11:44.999 [main] INFO  org.testng.internal.Utils - [Utils] MethodGroupsHelper.sortMethods() took 0 ms.
10:11:44.999 [main] INFO  org.testng.internal.Utils - [Utils] MethodGroupsHelper.collectMethodsByGroup() took 0 ms.
10:11:44.999 [main] INFO  org.testng.internal.Utils - [Utils] MethodGroupsHelper.sortMethods() took 0 ms.
10:11:44.999 [main] INFO  org.testng.internal.Utils - [Utils] MethodGroupsHelper.collectMethodsByGroup() took 0 ms.
10:11:44.999 [main] INFO  org.testng.internal.Utils - [Utils] MethodGroupsHelper.sortMethods() took 0 ms.
10:11:45.010 [main] INFO  org.testng.internal.Utils - [TestNG] Running:
  D:\Testing\TheCapacity\testCases.xml

10:11:45.028 [main] INFO  org.testng.internal.Utils - [ThreadUtil] Starting executor timeOut:2147483647ms workers:1 threadPoolSize:5
10:11:45.483 [TestNG-tests-1] INFO  org.testng.internal.Utils - [Utils] DynamicGraphHelper.createDynamicGraph() took 8 ms.
10:11:50.060 [TestNG-tests-1] INFO  testCases.TC005_SingleSelectQuestionType - Entering email
10:11:50.857 [TestNG-tests-1] INFO  testCases.TC005_SingleSelectQuestionType - Entering password
10:11:51.001 [TestNG-tests-1] INFO  testCases.TC005_SingleSelectQuestionType - Clicking Sign In button
10:11:51.130 [TestNG-tests-1] INFO  testCases.TC005_SingleSelectQuestionType - Navigating to Survey Listing page
10:11:54.272 [TestNG-tests-1] INFO  testCases.TC005_SingleSelectQuestionType - Clicking survey code button
10:11:56.189 [TestNG-tests-1] INFO  testCases.TC005_SingleSelectQuestionType - Survey code button clicked successfully
10:11:56.788 [TestNG-tests-1] INFO  testCases.TC005_SingleSelectQuestionType - Survey Programming option selected successfully
10:12:11.169 [main] INFO  org.testng.internal.Utils - [TestNG] Time taken by org.testng.internal.ExitCodeListener@1941a8ff: 0 ms
10:13:48.463 [main] WARN  org.testng.xml.TestNGContentHandler - It is strongly recommended to add "<!DOCTYPE suite SYSTEM "https://testng.org/testng-1.0.dtd" >" at the top of the suite file [D:\Testing\TheCapacity\testCases.xml] otherwise TestNG may fail or not work as expected.
10:13:48.866 [main] INFO  org.testng.internal.Utils - [Utils] MethodGroupsHelper.collectMethodsByGroup() took 0 ms.
10:13:48.876 [main] INFO  org.testng.internal.Utils - [Utils] MethodGroupsHelper.sortMethods() took 2 ms.
10:13:48.876 [main] INFO  org.testng.internal.Utils - [Utils] MethodGroupsHelper.collectMethodsByGroup() took 0 ms.
10:13:48.876 [main] INFO  org.testng.internal.Utils - [Utils] MethodGroupsHelper.sortMethods() took 0 ms.
10:13:48.884 [main] INFO  org.testng.internal.Utils - [Utils] MethodGroupsHelper.collectMethodsByGroup() took 0 ms.
10:13:48.884 [main] INFO  org.testng.internal.Utils - [Utils] MethodGroupsHelper.sortMethods() took 0 ms.
10:13:48.886 [main] INFO  org.testng.internal.Utils - [Utils] MethodGroupsHelper.collectMethodsByGroup() took 0 ms.
10:13:48.886 [main] INFO  org.testng.internal.Utils - [Utils] MethodGroupsHelper.sortMethods() took 0 ms.
10:13:48.894 [main] INFO  org.testng.internal.Utils - [Utils] MethodGroupsHelper.collectMethodsByGroup() took 8 ms.
10:13:48.916 [main] INFO  org.testng.internal.Utils - [Utils] MethodGroupsHelper.sortMethods() took 22 ms.
10:13:48.924 [main] INFO  org.testng.internal.Utils - [Utils] MethodGroupsHelper.collectMethodsByGroup() took 0 ms.
10:13:48.924 [main] INFO  org.testng.internal.Utils - [Utils] MethodGroupsHelper.sortMethods() took 0 ms.
10:13:48.926 [main] INFO  org.testng.internal.Utils - [Utils] MethodGroupsHelper.collectMethodsByGroup() took 0 ms.
10:13:48.926 [main] INFO  org.testng.internal.Utils - [Utils] MethodGroupsHelper.sortMethods() took 0 ms.
10:13:48.926 [main] INFO  org.testng.internal.Utils - [Utils] MethodGroupsHelper.collectMethodsByGroup() took 0 ms.
10:13:48.926 [main] INFO  org.testng.internal.Utils - [Utils] MethodGroupsHelper.sortMethods() took 0 ms.
10:13:48.934 [main] INFO  org.testng.internal.Utils - [Utils] MethodGroupsHelper.collectMethodsByGroup() took 0 ms.
10:13:48.935 [main] INFO  org.testng.internal.Utils - [Utils] MethodGroupsHelper.sortMethods() took 0 ms.
10:13:48.936 [main] INFO  org.testng.internal.Utils - [Utils] MethodGroupsHelper.collectMethodsByGroup() took 0 ms.
10:13:48.936 [main] INFO  org.testng.internal.Utils - [Utils] MethodGroupsHelper.sortMethods() took 0 ms.
10:13:48.939 [main] INFO  org.testng.internal.Utils - [Utils] MethodGroupsHelper.collectMethodsByGroup() took 0 ms.
10:13:48.939 [main] INFO  org.testng.internal.Utils - [Utils] MethodGroupsHelper.sortMethods() took 0 ms.
10:13:48.940 [main] INFO  org.testng.internal.Utils - [Utils] MethodGroupsHelper.collectMethodsByGroup() took 0 ms.
10:13:48.940 [main] INFO  org.testng.internal.Utils - [Utils] MethodGroupsHelper.sortMethods() took 0 ms.
10:13:48.942 [main] INFO  org.testng.internal.Utils - [Utils] MethodGroupsHelper.collectMethodsByGroup() took 0 ms.
10:13:48.943 [main] INFO  org.testng.internal.Utils - [Utils] MethodGroupsHelper.sortMethods() took 1 ms.
10:13:48.945 [main] INFO  org.testng.internal.Utils - [Utils] MethodGroupsHelper.collectMethodsByGroup() took 0 ms.
10:13:48.946 [main] INFO  org.testng.internal.Utils - [Utils] MethodGroupsHelper.sortMethods() took 0 ms.
10:13:48.946 [main] INFO  org.testng.internal.Utils - [Utils] MethodGroupsHelper.collectMethodsByGroup() took 0 ms.
10:13:48.946 [main] INFO  org.testng.internal.Utils - [Utils] MethodGroupsHelper.sortMethods() took 0 ms.
10:13:48.955 [main] INFO  org.testng.internal.Utils - [TestNG] Running:
  D:\Testing\TheCapacity\testCases.xml

10:13:48.968 [main] INFO  org.testng.internal.Utils - [ThreadUtil] Starting executor timeOut:2147483647ms workers:1 threadPoolSize:5
10:13:49.465 [TestNG-tests-1] INFO  org.testng.internal.Utils - [Utils] DynamicGraphHelper.createDynamicGraph() took 11 ms.
10:13:54.358 [TestNG-tests-1] INFO  testCases.TC005_SingleSelectQuestionType - Entering email
10:13:55.152 [TestNG-tests-1] INFO  testCases.TC005_SingleSelectQuestionType - Entering password
10:13:55.287 [TestNG-tests-1] INFO  testCases.TC005_SingleSelectQuestionType - Clicking Sign In button
10:13:55.418 [TestNG-tests-1] INFO  testCases.TC005_SingleSelectQuestionType - Navigating to Survey Listing page
10:13:58.752 [TestNG-tests-1] INFO  testCases.TC005_SingleSelectQuestionType - Clicking survey code button
10:14:00.705 [TestNG-tests-1] INFO  testCases.TC005_SingleSelectQuestionType - Survey code button clicked successfully
10:14:01.288 [TestNG-tests-1] INFO  testCases.TC005_SingleSelectQuestionType - Survey Programming option selected successfully
10:14:14.844 [main] INFO  org.testng.internal.Utils - [TestNG] Time taken by org.testng.internal.ExitCodeListener@4b14918a: 0 ms
10:14:48.004 [main] WARN  org.testng.xml.TestNGContentHandler - It is strongly recommended to add "<!DOCTYPE suite SYSTEM "https://testng.org/testng-1.0.dtd" >" at the top of the suite file [D:\Testing\TheCapacity\testCases.xml] otherwise TestNG may fail or not work as expected.
10:14:48.383 [main] INFO  org.testng.internal.Utils - [Utils] MethodGroupsHelper.collectMethodsByGroup() took 15 ms.
10:14:48.383 [main] INFO  org.testng.internal.Utils - [Utils] MethodGroupsHelper.sortMethods() took 0 ms.
10:14:48.399 [main] INFO  org.testng.internal.Utils - [Utils] MethodGroupsHelper.collectMethodsByGroup() took 0 ms.
10:14:48.399 [main] INFO  org.testng.internal.Utils - [Utils] MethodGroupsHelper.sortMethods() took 0 ms.
10:14:48.399 [main] INFO  org.testng.internal.Utils - [Utils] MethodGroupsHelper.collectMethodsByGroup() took 0 ms.
10:14:48.399 [main] INFO  org.testng.internal.Utils - [Utils] MethodGroupsHelper.sortMethods() took 0 ms.
10:14:48.399 [main] INFO  org.testng.internal.Utils - [Utils] MethodGroupsHelper.collectMethodsByGroup() took 0 ms.
10:14:48.399 [main] INFO  org.testng.internal.Utils - [Utils] MethodGroupsHelper.sortMethods() took 0 ms.
10:14:48.399 [main] INFO  org.testng.internal.Utils - [Utils] MethodGroupsHelper.collectMethodsByGroup() took 0 ms.
10:14:48.430 [main] INFO  org.testng.internal.Utils - [Utils] MethodGroupsHelper.sortMethods() took 31 ms.
10:14:48.430 [main] INFO  org.testng.internal.Utils - [Utils] MethodGroupsHelper.collectMethodsByGroup() took 0 ms.
10:14:48.430 [main] INFO  org.testng.internal.Utils - [Utils] MethodGroupsHelper.sortMethods() took 0 ms.
10:14:48.430 [main] INFO  org.testng.internal.Utils - [Utils] MethodGroupsHelper.collectMethodsByGroup() took 0 ms.
10:14:48.430 [main] INFO  org.testng.internal.Utils - [Utils] MethodGroupsHelper.sortMethods() took 0 ms.
10:14:48.430 [main] INFO  org.testng.internal.Utils - [Utils] MethodGroupsHelper.collectMethodsByGroup() took 0 ms.
10:14:48.430 [main] INFO  org.testng.internal.Utils - [Utils] MethodGroupsHelper.sortMethods() took 0 ms.
10:14:48.446 [main] INFO  org.testng.internal.Utils - [Utils] MethodGroupsHelper.collectMethodsByGroup() took 0 ms.
10:14:48.446 [main] INFO  org.testng.internal.Utils - [Utils] MethodGroupsHelper.sortMethods() took 0 ms.
10:14:48.446 [main] INFO  org.testng.internal.Utils - [Utils] MethodGroupsHelper.collectMethodsByGroup() took 0 ms.
10:14:48.446 [main] INFO  org.testng.internal.Utils - [Utils] MethodGroupsHelper.sortMethods() took 0 ms.
10:14:48.446 [main] INFO  org.testng.internal.Utils - [Utils] MethodGroupsHelper.collectMethodsByGroup() took 0 ms.
10:14:48.446 [main] INFO  org.testng.internal.Utils - [Utils] MethodGroupsHelper.sortMethods() took 0 ms.
10:14:48.446 [main] INFO  org.testng.internal.Utils - [Utils] MethodGroupsHelper.collectMethodsByGroup() took 0 ms.
10:14:48.452 [main] INFO  org.testng.internal.Utils - [Utils] MethodGroupsHelper.sortMethods() took 0 ms.
10:14:48.454 [main] INFO  org.testng.internal.Utils - [Utils] MethodGroupsHelper.collectMethodsByGroup() took 2 ms.
10:14:48.454 [main] INFO  org.testng.internal.Utils - [Utils] MethodGroupsHelper.sortMethods() took 0 ms.
10:14:48.454 [main] INFO  org.testng.internal.Utils - [Utils] MethodGroupsHelper.collectMethodsByGroup() took 0 ms.
10:14:48.454 [main] INFO  org.testng.internal.Utils - [Utils] MethodGroupsHelper.sortMethods() took 0 ms.
10:14:48.454 [main] INFO  org.testng.internal.Utils - [Utils] MethodGroupsHelper.collectMethodsByGroup() took 0 ms.
10:14:48.454 [main] INFO  org.testng.internal.Utils - [Utils] MethodGroupsHelper.sortMethods() took 0 ms.
10:14:48.464 [main] INFO  org.testng.internal.Utils - [TestNG] Running:
  D:\Testing\TheCapacity\testCases.xml

10:14:48.475 [main] INFO  org.testng.internal.Utils - [ThreadUtil] Starting executor timeOut:2147483647ms workers:1 threadPoolSize:5
10:14:48.921 [TestNG-tests-1] INFO  org.testng.internal.Utils - [Utils] DynamicGraphHelper.createDynamicGraph() took 0 ms.
10:14:53.524 [TestNG-tests-1] INFO  testCases.TC005_SingleSelectQuestionType - Entering email
10:14:54.332 [TestNG-tests-1] INFO  testCases.TC005_SingleSelectQuestionType - Entering password
10:14:54.474 [TestNG-tests-1] INFO  testCases.TC005_SingleSelectQuestionType - Clicking Sign In button
10:14:54.592 [TestNG-tests-1] INFO  testCases.TC005_SingleSelectQuestionType - Navigating to Survey Listing page
10:14:57.939 [TestNG-tests-1] INFO  testCases.TC005_SingleSelectQuestionType - Clicking survey code button
10:15:00.379 [TestNG-tests-1] INFO  testCases.TC005_SingleSelectQuestionType - Survey code button clicked successfully
10:15:00.884 [TestNG-tests-1] INFO  testCases.TC005_SingleSelectQuestionType - Survey Programming option selected successfully
10:15:19.123 [main] INFO  org.testng.internal.Utils - [TestNG] Time taken by org.testng.internal.ExitCodeListener@6d1ef78d: 0 ms
10:18:29.740 [main] WARN  org.testng.xml.TestNGContentHandler - It is strongly recommended to add "<!DOCTYPE suite SYSTEM "https://testng.org/testng-1.0.dtd" >" at the top of the suite file [D:\Testing\TheCapacity\testCases.xml] otherwise TestNG may fail or not work as expected.
10:18:30.125 [main] INFO  org.testng.internal.Utils - [Utils] MethodGroupsHelper.collectMethodsByGroup() took 0 ms.
10:18:30.131 [main] INFO  org.testng.internal.Utils - [Utils] MethodGroupsHelper.sortMethods() took 3 ms.
10:18:30.134 [main] INFO  org.testng.internal.Utils - [Utils] MethodGroupsHelper.collectMethodsByGroup() took 0 ms.
10:18:30.135 [main] INFO  org.testng.internal.Utils - [Utils] MethodGroupsHelper.sortMethods() took 0 ms.
10:18:30.136 [main] INFO  org.testng.internal.Utils - [Utils] MethodGroupsHelper.collectMethodsByGroup() took 0 ms.
10:18:30.136 [main] INFO  org.testng.internal.Utils - [Utils] MethodGroupsHelper.sortMethods() took 0 ms.
10:18:30.138 [main] INFO  org.testng.internal.Utils - [Utils] MethodGroupsHelper.collectMethodsByGroup() took 0 ms.
10:18:30.138 [main] INFO  org.testng.internal.Utils - [Utils] MethodGroupsHelper.sortMethods() took 0 ms.
10:18:30.142 [main] INFO  org.testng.internal.Utils - [Utils] MethodGroupsHelper.collectMethodsByGroup() took 2 ms.
10:18:30.158 [main] INFO  org.testng.internal.Utils - [Utils] MethodGroupsHelper.sortMethods() took 15 ms.
10:18:30.158 [main] INFO  org.testng.internal.Utils - [Utils] MethodGroupsHelper.collectMethodsByGroup() took 0 ms.
10:18:30.158 [main] INFO  org.testng.internal.Utils - [Utils] MethodGroupsHelper.sortMethods() took 0 ms.
10:18:30.158 [main] INFO  org.testng.internal.Utils - [Utils] MethodGroupsHelper.collectMethodsByGroup() took 0 ms.
10:18:30.158 [main] INFO  org.testng.internal.Utils - [Utils] MethodGroupsHelper.sortMethods() took 0 ms.
10:18:30.174 [main] INFO  org.testng.internal.Utils - [Utils] MethodGroupsHelper.collectMethodsByGroup() took 0 ms.
10:18:30.174 [main] INFO  org.testng.internal.Utils - [Utils] MethodGroupsHelper.sortMethods() took 0 ms.
10:18:30.174 [main] INFO  org.testng.internal.Utils - [Utils] MethodGroupsHelper.collectMethodsByGroup() took 0 ms.
10:18:30.174 [main] INFO  org.testng.internal.Utils - [Utils] MethodGroupsHelper.sortMethods() took 0 ms.
10:18:30.174 [main] INFO  org.testng.internal.Utils - [Utils] MethodGroupsHelper.collectMethodsByGroup() took 0 ms.
10:18:30.174 [main] INFO  org.testng.internal.Utils - [Utils] MethodGroupsHelper.sortMethods() took 0 ms.
10:18:30.174 [main] INFO  org.testng.internal.Utils - [Utils] MethodGroupsHelper.collectMethodsByGroup() took 0 ms.
10:18:30.174 [main] INFO  org.testng.internal.Utils - [Utils] MethodGroupsHelper.sortMethods() took 0 ms.
10:18:30.174 [main] INFO  org.testng.internal.Utils - [Utils] MethodGroupsHelper.collectMethodsByGroup() took 0 ms.
10:18:30.174 [main] INFO  org.testng.internal.Utils - [Utils] MethodGroupsHelper.sortMethods() took 0 ms.
10:18:30.189 [main] INFO  org.testng.internal.Utils - [Utils] MethodGroupsHelper.collectMethodsByGroup() took 15 ms.
10:18:30.189 [main] INFO  org.testng.internal.Utils - [Utils] MethodGroupsHelper.sortMethods() took 0 ms.
10:18:30.189 [main] INFO  org.testng.internal.Utils - [Utils] MethodGroupsHelper.collectMethodsByGroup() took 0 ms.
10:18:30.189 [main] INFO  org.testng.internal.Utils - [Utils] MethodGroupsHelper.sortMethods() took 0 ms.
10:18:30.189 [main] INFO  org.testng.internal.Utils - [Utils] MethodGroupsHelper.collectMethodsByGroup() took 0 ms.
10:18:30.189 [main] INFO  org.testng.internal.Utils - [Utils] MethodGroupsHelper.sortMethods() took 0 ms.
10:18:30.189 [main] INFO  org.testng.internal.Utils - [TestNG] Running:
  D:\Testing\TheCapacity\testCases.xml

10:18:30.205 [main] INFO  org.testng.internal.Utils - [ThreadUtil] Starting executor timeOut:2147483647ms workers:1 threadPoolSize:5
10:18:30.684 [TestNG-tests-1] INFO  org.testng.internal.Utils - [Utils] DynamicGraphHelper.createDynamicGraph() took 10 ms.
10:18:35.300 [TestNG-tests-1] INFO  testCases.TC005_SingleSelectQuestionType - Entering email
10:18:36.099 [TestNG-tests-1] INFO  testCases.TC005_SingleSelectQuestionType - Entering password
10:18:36.243 [TestNG-tests-1] INFO  testCases.TC005_SingleSelectQuestionType - Clicking Sign In button
10:18:36.367 [TestNG-tests-1] INFO  testCases.TC005_SingleSelectQuestionType - Navigating to Survey Listing page
10:18:38.885 [TestNG-tests-1] INFO  testCases.TC005_SingleSelectQuestionType - Clicking survey code button
10:18:40.772 [TestNG-tests-1] INFO  testCases.TC005_SingleSelectQuestionType - Survey code button clicked successfully
10:18:41.312 [TestNG-tests-1] INFO  testCases.TC005_SingleSelectQuestionType - Survey Programming option selected successfully
10:18:41.312 [TestNG-tests-1] INFO  testCases.TC005_SingleSelectQuestionType - Clicking on Add New Question button
10:18:44.519 [TestNG-tests-1] INFO  testCases.TC005_SingleSelectQuestionType - Filling Open End question field
10:18:47.932 [TestNG-tests-1] INFO  testCases.TC005_SingleSelectQuestionType - Waiting for page elements to stabilize
10:18:52.933 [TestNG-tests-1] INFO  testCases.TC005_SingleSelectQuestionType - Scrolling to Add Answer button
10:18:52.966 [TestNG-tests-1] INFO  testCases.TC005_SingleSelectQuestionType - Clicking Add Answer button
10:18:53.177 [TestNG-tests-1] INFO  testCases.TC005_SingleSelectQuestionType - Waiting after clicking Add Answer button
10:18:59.570 [main] INFO  org.testng.internal.Utils - [TestNG] Time taken by org.testng.internal.ExitCodeListener@691939c9: 0 ms
10:29:33.873 [main] WARN  org.testng.xml.TestNGContentHandler - It is strongly recommended to add "<!DOCTYPE suite SYSTEM "https://testng.org/testng-1.0.dtd" >" at the top of the suite file [D:\Testing\TheCapacity\testCases.xml] otherwise TestNG may fail or not work as expected.
10:29:34.295 [main] INFO  org.testng.internal.Utils - [Utils] MethodGroupsHelper.collectMethodsByGroup() took 2 ms.
10:29:34.295 [main] INFO  org.testng.internal.Utils - [Utils] MethodGroupsHelper.sortMethods() took 0 ms.
10:29:34.311 [main] INFO  org.testng.internal.Utils - [Utils] MethodGroupsHelper.collectMethodsByGroup() took 0 ms.
10:29:34.311 [main] INFO  org.testng.internal.Utils - [Utils] MethodGroupsHelper.sortMethods() took 0 ms.
10:29:34.311 [main] INFO  org.testng.internal.Utils - [Utils] MethodGroupsHelper.collectMethodsByGroup() took 0 ms.
10:29:34.311 [main] INFO  org.testng.internal.Utils - [Utils] MethodGroupsHelper.sortMethods() took 0 ms.
10:29:34.311 [main] INFO  org.testng.internal.Utils - [Utils] MethodGroupsHelper.collectMethodsByGroup() took 0 ms.
10:29:34.311 [main] INFO  org.testng.internal.Utils - [Utils] MethodGroupsHelper.sortMethods() took 0 ms.
10:29:34.311 [main] INFO  org.testng.internal.Utils - [Utils] MethodGroupsHelper.collectMethodsByGroup() took 0 ms.
10:29:34.342 [main] INFO  org.testng.internal.Utils - [Utils] MethodGroupsHelper.sortMethods() took 31 ms.
10:29:34.342 [main] INFO  org.testng.internal.Utils - [Utils] MethodGroupsHelper.collectMethodsByGroup() took 0 ms.
10:29:34.342 [main] INFO  org.testng.internal.Utils - [Utils] MethodGroupsHelper.sortMethods() took 0 ms.
10:29:34.342 [main] INFO  org.testng.internal.Utils - [Utils] MethodGroupsHelper.collectMethodsByGroup() took 0 ms.
10:29:34.342 [main] INFO  org.testng.internal.Utils - [Utils] MethodGroupsHelper.sortMethods() took 0 ms.
10:29:34.342 [main] INFO  org.testng.internal.Utils - [Utils] MethodGroupsHelper.collectMethodsByGroup() took 0 ms.
10:29:34.342 [main] INFO  org.testng.internal.Utils - [Utils] MethodGroupsHelper.sortMethods() took 0 ms.
10:29:34.358 [main] INFO  org.testng.internal.Utils - [Utils] MethodGroupsHelper.collectMethodsByGroup() took 0 ms.
10:29:34.358 [main] INFO  org.testng.internal.Utils - [Utils] MethodGroupsHelper.sortMethods() took 0 ms.
10:29:34.358 [main] INFO  org.testng.internal.Utils - [Utils] MethodGroupsHelper.collectMethodsByGroup() took 0 ms.
10:29:34.358 [main] INFO  org.testng.internal.Utils - [Utils] MethodGroupsHelper.sortMethods() took 0 ms.
10:29:34.358 [main] INFO  org.testng.internal.Utils - [Utils] MethodGroupsHelper.collectMethodsByGroup() took 0 ms.
10:29:34.358 [main] INFO  org.testng.internal.Utils - [Utils] MethodGroupsHelper.sortMethods() took 0 ms.
10:29:34.358 [main] INFO  org.testng.internal.Utils - [Utils] MethodGroupsHelper.collectMethodsByGroup() took 0 ms.
10:29:34.358 [main] INFO  org.testng.internal.Utils - [Utils] MethodGroupsHelper.sortMethods() took 0 ms.
10:29:34.358 [main] INFO  org.testng.internal.Utils - [Utils] MethodGroupsHelper.collectMethodsByGroup() took 0 ms.
10:29:34.358 [main] INFO  org.testng.internal.Utils - [Utils] MethodGroupsHelper.sortMethods() took 0 ms.
10:29:34.374 [main] INFO  org.testng.internal.Utils - [Utils] MethodGroupsHelper.collectMethodsByGroup() took 0 ms.
10:29:34.374 [main] INFO  org.testng.internal.Utils - [Utils] MethodGroupsHelper.sortMethods() took 0 ms.
10:29:34.374 [main] INFO  org.testng.internal.Utils - [Utils] MethodGroupsHelper.collectMethodsByGroup() took 0 ms.
10:29:34.374 [main] INFO  org.testng.internal.Utils - [Utils] MethodGroupsHelper.sortMethods() took 0 ms.
10:29:34.374 [main] INFO  org.testng.internal.Utils - [TestNG] Running:
  D:\Testing\TheCapacity\testCases.xml

10:29:34.405 [main] INFO  org.testng.internal.Utils - [ThreadUtil] Starting executor timeOut:2147483647ms workers:1 threadPoolSize:5
10:29:34.931 [TestNG-tests-1] INFO  org.testng.internal.Utils - [Utils] DynamicGraphHelper.createDynamicGraph() took 9 ms.
10:29:40.065 [TestNG-tests-1] INFO  testCases.TC005_SingleSelectQuestionType - Entering email
10:29:40.738 [TestNG-tests-1] INFO  testCases.TC005_SingleSelectQuestionType - Entering password
10:29:40.886 [TestNG-tests-1] INFO  testCases.TC005_SingleSelectQuestionType - Clicking Sign In button
10:29:41.008 [TestNG-tests-1] INFO  testCases.TC005_SingleSelectQuestionType - Navigating to Survey Listing page
10:29:44.114 [TestNG-tests-1] INFO  testCases.TC005_SingleSelectQuestionType - Clicking survey code button
10:29:46.145 [TestNG-tests-1] INFO  testCases.TC005_SingleSelectQuestionType - Survey code button clicked successfully
10:29:46.771 [TestNG-tests-1] INFO  testCases.TC005_SingleSelectQuestionType - Survey Programming option selected successfully
10:29:46.772 [TestNG-tests-1] INFO  testCases.TC005_SingleSelectQuestionType - Clicking on Add New Question button
10:29:50.877 [TestNG-tests-1] INFO  testCases.TC005_SingleSelectQuestionType - Filling Open End question field
10:29:54.052 [TestNG-tests-1] INFO  testCases.TC005_SingleSelectQuestionType - Waiting for page elements to stabilize
10:29:59.060 [TestNG-tests-1] INFO  testCases.TC005_SingleSelectQuestionType - Scrolling to Add Answer button
10:30:04.105 [TestNG-tests-1] INFO  testCases.TC005_SingleSelectQuestionType - Clicking Add Answer button
10:30:04.324 [TestNG-tests-1] INFO  testCases.TC005_SingleSelectQuestionType - Waiting after clicking Add Answer button
10:30:11.374 [main] INFO  org.testng.internal.Utils - [TestNG] Time taken by org.testng.internal.ExitCodeListener@512535ff: 0 ms
11:29:57.742 [main] WARN  org.testng.xml.TestNGContentHandler - It is strongly recommended to add "<!DOCTYPE suite SYSTEM "https://testng.org/testng-1.0.dtd" >" at the top of the suite file [D:\Testing\TheCapacity\testCases.xml] otherwise TestNG may fail or not work as expected.
11:29:58.224 [main] INFO  org.testng.internal.Utils - [Utils] MethodGroupsHelper.collectMethodsByGroup() took 1 ms.
11:29:58.231 [main] INFO  org.testng.internal.Utils - [Utils] MethodGroupsHelper.sortMethods() took 2 ms.
11:29:58.235 [main] INFO  org.testng.internal.Utils - [Utils] MethodGroupsHelper.collectMethodsByGroup() took 0 ms.
11:29:58.235 [main] INFO  org.testng.internal.Utils - [Utils] MethodGroupsHelper.sortMethods() took 0 ms.
11:29:58.239 [main] INFO  org.testng.internal.Utils - [Utils] MethodGroupsHelper.collectMethodsByGroup() took 0 ms.
11:29:58.240 [main] INFO  org.testng.internal.Utils - [Utils] MethodGroupsHelper.sortMethods() took 0 ms.
11:29:58.242 [main] INFO  org.testng.internal.Utils - [Utils] MethodGroupsHelper.collectMethodsByGroup() took 0 ms.
11:29:58.243 [main] INFO  org.testng.internal.Utils - [Utils] MethodGroupsHelper.sortMethods() took 0 ms.
11:29:58.252 [main] INFO  org.testng.internal.Utils - [Utils] MethodGroupsHelper.collectMethodsByGroup() took 8 ms.
11:29:58.284 [main] INFO  org.testng.internal.Utils - [Utils] MethodGroupsHelper.sortMethods() took 30 ms.
11:29:58.286 [main] INFO  org.testng.internal.Utils - [Utils] MethodGroupsHelper.collectMethodsByGroup() took 0 ms.
11:29:58.286 [main] INFO  org.testng.internal.Utils - [Utils] MethodGroupsHelper.sortMethods() took 0 ms.
11:29:58.287 [main] INFO  org.testng.internal.Utils - [Utils] MethodGroupsHelper.collectMethodsByGroup() took 0 ms.
11:29:58.288 [main] INFO  org.testng.internal.Utils - [Utils] MethodGroupsHelper.sortMethods() took 0 ms.
11:29:58.289 [main] INFO  org.testng.internal.Utils - [Utils] MethodGroupsHelper.collectMethodsByGroup() took 0 ms.
11:29:58.290 [main] INFO  org.testng.internal.Utils - [Utils] MethodGroupsHelper.sortMethods() took 1 ms.
11:29:58.296 [main] INFO  org.testng.internal.Utils - [Utils] MethodGroupsHelper.collectMethodsByGroup() took 0 ms.
11:29:58.296 [main] INFO  org.testng.internal.Utils - [Utils] MethodGroupsHelper.sortMethods() took 0 ms.
11:29:58.297 [main] INFO  org.testng.internal.Utils - [Utils] MethodGroupsHelper.collectMethodsByGroup() took 0 ms.
11:29:58.298 [main] INFO  org.testng.internal.Utils - [Utils] MethodGroupsHelper.sortMethods() took 0 ms.
11:29:58.300 [main] INFO  org.testng.internal.Utils - [Utils] MethodGroupsHelper.collectMethodsByGroup() took 0 ms.
11:29:58.301 [main] INFO  org.testng.internal.Utils - [Utils] MethodGroupsHelper.sortMethods() took 0 ms.
11:29:58.301 [main] INFO  org.testng.internal.Utils - [Utils] MethodGroupsHelper.collectMethodsByGroup() took 0 ms.
11:29:58.302 [main] INFO  org.testng.internal.Utils - [Utils] MethodGroupsHelper.sortMethods() took 0 ms.
11:29:58.304 [main] INFO  org.testng.internal.Utils - [Utils] MethodGroupsHelper.collectMethodsByGroup() took 1 ms.
11:29:58.305 [main] INFO  org.testng.internal.Utils - [Utils] MethodGroupsHelper.sortMethods() took 0 ms.
11:29:58.308 [main] INFO  org.testng.internal.Utils - [Utils] MethodGroupsHelper.collectMethodsByGroup() took 0 ms.
11:29:58.308 [main] INFO  org.testng.internal.Utils - [Utils] MethodGroupsHelper.sortMethods() took 0 ms.
11:29:58.308 [main] INFO  org.testng.internal.Utils - [Utils] MethodGroupsHelper.collectMethodsByGroup() took 0 ms.
11:29:58.309 [main] INFO  org.testng.internal.Utils - [Utils] MethodGroupsHelper.sortMethods() took 0 ms.
11:29:58.318 [main] INFO  org.testng.internal.Utils - [TestNG] Running:
  D:\Testing\TheCapacity\testCases.xml

11:29:58.333 [main] INFO  org.testng.internal.Utils - [ThreadUtil] Starting executor timeOut:2147483647ms workers:1 threadPoolSize:5
11:29:58.977 [TestNG-tests-1] INFO  org.testng.internal.Utils - [Utils] DynamicGraphHelper.createDynamicGraph() took 10 ms.
11:30:06.692 [TestNG-tests-1] INFO  testCases.TC005_SingleSelectQuestionType - Entering email
11:30:08.072 [TestNG-tests-1] INFO  testCases.TC005_SingleSelectQuestionType - Entering password
11:30:08.629 [TestNG-tests-1] INFO  testCases.TC005_SingleSelectQuestionType - Clicking Sign In button
11:30:08.783 [TestNG-tests-1] INFO  testCases.TC005_SingleSelectQuestionType - Navigating to Survey Listing page
11:30:12.383 [TestNG-tests-1] INFO  testCases.TC005_SingleSelectQuestionType - Clicking survey code button
11:30:14.531 [TestNG-tests-1] INFO  testCases.TC005_SingleSelectQuestionType - Survey code button clicked successfully
11:30:15.085 [TestNG-tests-1] INFO  testCases.TC005_SingleSelectQuestionType - Survey Programming option selected successfully
11:30:15.109 [TestNG-tests-1] INFO  testCases.TC005_SingleSelectQuestionType - Clicking on Add New Question button
11:30:20.273 [TestNG-tests-1] INFO  testCases.TC005_SingleSelectQuestionType - Filling Open End question field
11:30:26.124 [TestNG-tests-1] INFO  testCases.TC005_SingleSelectQuestionType - Scrolling to Add Answer button
11:30:26.156 [TestNG-tests-1] INFO  testCases.TC005_SingleSelectQuestionType - Clicking Add Answer button
11:30:29.092 [main] INFO  org.testng.internal.Utils - [TestNG] Time taken by org.testng.internal.ExitCodeListener@6dee4f1b: 0 ms
11:33:30.439 [main] WARN  org.testng.xml.TestNGContentHandler - It is strongly recommended to add "<!DOCTYPE suite SYSTEM "https://testng.org/testng-1.0.dtd" >" at the top of the suite file [D:\Testing\TheCapacity\testCases.xml] otherwise TestNG may fail or not work as expected.
11:33:30.973 [main] INFO  org.testng.internal.Utils - [Utils] MethodGroupsHelper.collectMethodsByGroup() took 2 ms.
11:33:30.979 [main] INFO  org.testng.internal.Utils - [Utils] MethodGroupsHelper.sortMethods() took 2 ms.
11:33:30.982 [main] INFO  org.testng.internal.Utils - [Utils] MethodGroupsHelper.collectMethodsByGroup() took 0 ms.
11:33:30.982 [main] INFO  org.testng.internal.Utils - [Utils] MethodGroupsHelper.sortMethods() took 0 ms.
11:33:30.984 [main] INFO  org.testng.internal.Utils - [Utils] MethodGroupsHelper.collectMethodsByGroup() took 0 ms.
11:33:30.985 [main] INFO  org.testng.internal.Utils - [Utils] MethodGroupsHelper.sortMethods() took 0 ms.
11:33:30.986 [main] INFO  org.testng.internal.Utils - [Utils] MethodGroupsHelper.collectMethodsByGroup() took 0 ms.
11:33:30.988 [main] INFO  org.testng.internal.Utils - [Utils] MethodGroupsHelper.sortMethods() took 0 ms.
11:33:30.999 [main] INFO  org.testng.internal.Utils - [Utils] MethodGroupsHelper.collectMethodsByGroup() took 7 ms.
11:33:31.036 [main] INFO  org.testng.internal.Utils - [Utils] MethodGroupsHelper.sortMethods() took 37 ms.
11:33:31.038 [main] INFO  org.testng.internal.Utils - [Utils] MethodGroupsHelper.collectMethodsByGroup() took 0 ms.
11:33:31.039 [main] INFO  org.testng.internal.Utils - [Utils] MethodGroupsHelper.sortMethods() took 0 ms.
11:33:31.040 [main] INFO  org.testng.internal.Utils - [Utils] MethodGroupsHelper.collectMethodsByGroup() took 0 ms.
11:33:31.043 [main] INFO  org.testng.internal.Utils - [Utils] MethodGroupsHelper.sortMethods() took 0 ms.
11:33:31.044 [main] INFO  org.testng.internal.Utils - [Utils] MethodGroupsHelper.collectMethodsByGroup() took 0 ms.
11:33:31.046 [main] INFO  org.testng.internal.Utils - [Utils] MethodGroupsHelper.sortMethods() took 0 ms.
11:33:31.056 [main] INFO  org.testng.internal.Utils - [Utils] MethodGroupsHelper.collectMethodsByGroup() took 0 ms.
11:33:31.057 [main] INFO  org.testng.internal.Utils - [Utils] MethodGroupsHelper.sortMethods() took 0 ms.
11:33:31.058 [main] INFO  org.testng.internal.Utils - [Utils] MethodGroupsHelper.collectMethodsByGroup() took 0 ms.
11:33:31.060 [main] INFO  org.testng.internal.Utils - [Utils] MethodGroupsHelper.sortMethods() took 0 ms.
11:33:31.062 [main] INFO  org.testng.internal.Utils - [Utils] MethodGroupsHelper.collectMethodsByGroup() took 0 ms.
11:33:31.063 [main] INFO  org.testng.internal.Utils - [Utils] MethodGroupsHelper.sortMethods() took 0 ms.
11:33:31.064 [main] INFO  org.testng.internal.Utils - [Utils] MethodGroupsHelper.collectMethodsByGroup() took 0 ms.
11:33:31.065 [main] INFO  org.testng.internal.Utils - [Utils] MethodGroupsHelper.sortMethods() took 0 ms.
11:33:31.071 [main] INFO  org.testng.internal.Utils - [Utils] MethodGroupsHelper.collectMethodsByGroup() took 3 ms.
11:33:31.073 [main] INFO  org.testng.internal.Utils - [Utils] MethodGroupsHelper.sortMethods() took 0 ms.
11:33:31.075 [main] INFO  org.testng.internal.Utils - [Utils] MethodGroupsHelper.collectMethodsByGroup() took 0 ms.
11:33:31.075 [main] INFO  org.testng.internal.Utils - [Utils] MethodGroupsHelper.sortMethods() took 0 ms.
11:33:31.076 [main] INFO  org.testng.internal.Utils - [Utils] MethodGroupsHelper.collectMethodsByGroup() took 0 ms.
11:33:31.076 [main] INFO  org.testng.internal.Utils - [Utils] MethodGroupsHelper.sortMethods() took 0 ms.
11:33:31.088 [main] INFO  org.testng.internal.Utils - [TestNG] Running:
  D:\Testing\TheCapacity\testCases.xml

11:33:31.110 [main] INFO  org.testng.internal.Utils - [ThreadUtil] Starting executor timeOut:2147483647ms workers:1 threadPoolSize:5
11:33:31.720 [TestNG-tests-1] INFO  org.testng.internal.Utils - [Utils] DynamicGraphHelper.createDynamicGraph() took 12 ms.
11:33:37.655 [TestNG-tests-1] INFO  testCases.TC005_SingleSelectQuestionType - Entering email
11:33:38.720 [TestNG-tests-1] INFO  testCases.TC005_SingleSelectQuestionType - Entering password
11:33:38.930 [TestNG-tests-1] INFO  testCases.TC005_SingleSelectQuestionType - Clicking Sign In button
11:33:39.082 [TestNG-tests-1] INFO  testCases.TC005_SingleSelectQuestionType - Navigating to Survey Listing page
11:33:42.781 [TestNG-tests-1] INFO  testCases.TC005_SingleSelectQuestionType - Clicking survey code button
11:33:44.971 [TestNG-tests-1] INFO  testCases.TC005_SingleSelectQuestionType - Survey code button clicked successfully
11:33:45.665 [TestNG-tests-1] INFO  testCases.TC005_SingleSelectQuestionType - Survey Programming option selected successfully
11:33:45.677 [TestNG-tests-1] INFO  testCases.TC005_SingleSelectQuestionType - Clicking on Add New Question button
11:33:49.748 [TestNG-tests-1] INFO  testCases.TC005_SingleSelectQuestionType - Filling Open End question field
11:33:53.659 [TestNG-tests-1] INFO  testCases.TC005_SingleSelectQuestionType - Scrolling to Add Answer button
11:33:53.696 [TestNG-tests-1] INFO  testCases.TC005_SingleSelectQuestionType - Clicking Add Answer button
11:33:56.437 [main] INFO  org.testng.internal.Utils - [TestNG] Time taken by org.testng.internal.ExitCodeListener@517d4a0d: 0 ms
12:41:47.583 [main] WARN  org.testng.xml.TestNGContentHandler - It is strongly recommended to add "<!DOCTYPE suite SYSTEM "https://testng.org/testng-1.0.dtd" >" at the top of the suite file [D:\Testing\TheCapacity\docker-grid.xml] otherwise TestNG may fail or not work as expected.
12:41:54.635 [main] INFO  testCases.TC002_LoginTest - ===Starting Testing of Login Page===
12:41:54.708 [main] INFO  testCases.TC002_LoginTest - ===Entering email===
12:41:55.512 [main] INFO  testCases.TC002_LoginTest - ===Entering password===
12:42:01.981 [main] INFO  testCases.TC002_LoginTest - ===Sign in successfully===
12:42:16.416 [main] INFO  testCases.TC002_LoginTest - ===Starting Testing of Login Page===
12:42:16.419 [main] INFO  testCases.TC002_LoginTest - ===Entering email===
12:42:18.074 [main] INFO  testCases.TC002_LoginTest - ===Entering password===
12:42:23.394 [main] INFO  testCases.TC002_LoginTest - ===Sign in successfully===
15:06:49.290 [main] WARN  org.testng.xml.TestNGContentHandler - It is strongly recommended to add "<!DOCTYPE suite SYSTEM "https://testng.org/testng-1.0.dtd" >" at the top of the suite file [D:\Testing\TheCapacity\testCases.xml] otherwise TestNG may fail or not work as expected.
15:06:49.748 [main] INFO  org.testng.internal.Utils - [Utils] MethodGroupsHelper.collectMethodsByGroup() took 0 ms.
15:06:49.748 [main] INFO  org.testng.internal.Utils - [Utils] MethodGroupsHelper.sortMethods() took 0 ms.
15:06:49.748 [main] INFO  org.testng.internal.Utils - [Utils] MethodGroupsHelper.collectMethodsByGroup() took 0 ms.
15:06:49.748 [main] INFO  org.testng.internal.Utils - [Utils] MethodGroupsHelper.sortMethods() took 0 ms.
15:06:49.763 [main] INFO  org.testng.internal.Utils - [Utils] MethodGroupsHelper.collectMethodsByGroup() took 0 ms.
15:06:49.763 [main] INFO  org.testng.internal.Utils - [Utils] MethodGroupsHelper.sortMethods() took 0 ms.
15:06:49.763 [main] INFO  org.testng.internal.Utils - [Utils] MethodGroupsHelper.collectMethodsByGroup() took 0 ms.
15:06:49.763 [main] INFO  org.testng.internal.Utils - [Utils] MethodGroupsHelper.sortMethods() took 0 ms.
15:06:49.763 [main] INFO  org.testng.internal.Utils - [Utils] MethodGroupsHelper.collectMethodsByGroup() took 0 ms.
15:06:49.801 [main] INFO  org.testng.internal.Utils - [Utils] MethodGroupsHelper.sortMethods() took 37 ms.
15:06:49.801 [main] INFO  org.testng.internal.Utils - [Utils] MethodGroupsHelper.collectMethodsByGroup() took 0 ms.
15:06:49.801 [main] INFO  org.testng.internal.Utils - [Utils] MethodGroupsHelper.sortMethods() took 0 ms.
15:06:49.801 [main] INFO  org.testng.internal.Utils - [Utils] MethodGroupsHelper.collectMethodsByGroup() took 0 ms.
15:06:49.801 [main] INFO  org.testng.internal.Utils - [Utils] MethodGroupsHelper.sortMethods() took 0 ms.
15:06:49.801 [main] INFO  org.testng.internal.Utils - [Utils] MethodGroupsHelper.collectMethodsByGroup() took 0 ms.
15:06:49.801 [main] INFO  org.testng.internal.Utils - [Utils] MethodGroupsHelper.sortMethods() took 0 ms.
15:06:49.817 [main] INFO  org.testng.internal.Utils - [Utils] MethodGroupsHelper.collectMethodsByGroup() took 0 ms.
15:06:49.817 [main] INFO  org.testng.internal.Utils - [Utils] MethodGroupsHelper.sortMethods() took 0 ms.
15:06:49.817 [main] INFO  org.testng.internal.Utils - [Utils] MethodGroupsHelper.collectMethodsByGroup() took 0 ms.
15:06:49.817 [main] INFO  org.testng.internal.Utils - [Utils] MethodGroupsHelper.sortMethods() took 0 ms.
15:06:49.848 [main] INFO  org.testng.internal.Utils - [Utils] MethodGroupsHelper.collectMethodsByGroup() took 0 ms.
15:06:49.848 [main] INFO  org.testng.internal.Utils - [Utils] MethodGroupsHelper.sortMethods() took 0 ms.
15:06:49.848 [main] INFO  org.testng.internal.Utils - [Utils] MethodGroupsHelper.collectMethodsByGroup() took 0 ms.
15:06:49.848 [main] INFO  org.testng.internal.Utils - [Utils] MethodGroupsHelper.sortMethods() took 0 ms.
15:06:49.848 [main] INFO  org.testng.internal.Utils - [Utils] MethodGroupsHelper.collectMethodsByGroup() took 0 ms.
15:06:49.848 [main] INFO  org.testng.internal.Utils - [Utils] MethodGroupsHelper.sortMethods() took 0 ms.
15:06:49.848 [main] INFO  org.testng.internal.Utils - [Utils] MethodGroupsHelper.collectMethodsByGroup() took 0 ms.
15:06:49.848 [main] INFO  org.testng.internal.Utils - [Utils] MethodGroupsHelper.sortMethods() took 0 ms.
15:06:49.848 [main] INFO  org.testng.internal.Utils - [Utils] MethodGroupsHelper.collectMethodsByGroup() took 0 ms.
15:06:49.848 [main] INFO  org.testng.internal.Utils - [Utils] MethodGroupsHelper.sortMethods() took 0 ms.
15:06:49.864 [main] INFO  org.testng.internal.Utils - [TestNG] Running:
  D:\Testing\TheCapacity\testCases.xml

15:06:49.879 [main] INFO  org.testng.internal.Utils - [ThreadUtil] Starting executor timeOut:2147483647ms workers:1 threadPoolSize:5
15:06:50.496 [TestNG-tests-1] INFO  org.testng.internal.Utils - [Utils] DynamicGraphHelper.createDynamicGraph() took 10 ms.
15:08:06.053 [main] INFO  org.testng.internal.Utils - [TestNG] Time taken by org.testng.internal.ExitCodeListener@e19bb76: 0 ms
15:08:28.674 [main] WARN  org.testng.xml.TestNGContentHandler - It is strongly recommended to add "<!DOCTYPE suite SYSTEM "https://testng.org/testng-1.0.dtd" >" at the top of the suite file [D:\Testing\TheCapacity\testCases.xml] otherwise TestNG may fail or not work as expected.
15:08:29.044 [main] INFO  org.testng.internal.Utils - [Utils] MethodGroupsHelper.collectMethodsByGroup() took 0 ms.
15:08:29.060 [main] INFO  org.testng.internal.Utils - [Utils] MethodGroupsHelper.sortMethods() took 0 ms.
15:08:29.060 [main] INFO  org.testng.internal.Utils - [Utils] MethodGroupsHelper.collectMethodsByGroup() took 0 ms.
15:08:29.060 [main] INFO  org.testng.internal.Utils - [Utils] MethodGroupsHelper.sortMethods() took 0 ms.
15:08:29.060 [main] INFO  org.testng.internal.Utils - [Utils] MethodGroupsHelper.collectMethodsByGroup() took 0 ms.
15:08:29.060 [main] INFO  org.testng.internal.Utils - [Utils] MethodGroupsHelper.sortMethods() took 0 ms.
15:08:29.060 [main] INFO  org.testng.internal.Utils - [Utils] MethodGroupsHelper.collectMethodsByGroup() took 0 ms.
15:08:29.060 [main] INFO  org.testng.internal.Utils - [Utils] MethodGroupsHelper.sortMethods() took 0 ms.
15:08:29.076 [main] INFO  org.testng.internal.Utils - [Utils] MethodGroupsHelper.collectMethodsByGroup() took 15 ms.
15:08:29.091 [main] INFO  org.testng.internal.Utils - [Utils] MethodGroupsHelper.sortMethods() took 15 ms.
15:08:29.091 [main] INFO  org.testng.internal.Utils - [Utils] MethodGroupsHelper.collectMethodsByGroup() took 0 ms.
15:08:29.091 [main] INFO  org.testng.internal.Utils - [Utils] MethodGroupsHelper.sortMethods() took 0 ms.
15:08:29.091 [main] INFO  org.testng.internal.Utils - [Utils] MethodGroupsHelper.collectMethodsByGroup() took 0 ms.
15:08:29.091 [main] INFO  org.testng.internal.Utils - [Utils] MethodGroupsHelper.sortMethods() took 0 ms.
15:08:29.091 [main] INFO  org.testng.internal.Utils - [Utils] MethodGroupsHelper.collectMethodsByGroup() took 0 ms.
15:08:29.091 [main] INFO  org.testng.internal.Utils - [Utils] MethodGroupsHelper.sortMethods() took 0 ms.
15:08:29.107 [main] INFO  org.testng.internal.Utils - [Utils] MethodGroupsHelper.collectMethodsByGroup() took 0 ms.
15:08:29.107 [main] INFO  org.testng.internal.Utils - [Utils] MethodGroupsHelper.sortMethods() took 0 ms.
15:08:29.107 [main] INFO  org.testng.internal.Utils - [Utils] MethodGroupsHelper.collectMethodsByGroup() took 0 ms.
15:08:29.107 [main] INFO  org.testng.internal.Utils - [Utils] MethodGroupsHelper.sortMethods() took 0 ms.
15:08:29.107 [main] INFO  org.testng.internal.Utils - [Utils] MethodGroupsHelper.collectMethodsByGroup() took 0 ms.
15:08:29.107 [main] INFO  org.testng.internal.Utils - [Utils] MethodGroupsHelper.sortMethods() took 0 ms.
15:08:29.107 [main] INFO  org.testng.internal.Utils - [Utils] MethodGroupsHelper.collectMethodsByGroup() took 0 ms.
15:08:29.107 [main] INFO  org.testng.internal.Utils - [Utils] MethodGroupsHelper.sortMethods() took 0 ms.
15:08:29.107 [main] INFO  org.testng.internal.Utils - [Utils] MethodGroupsHelper.collectMethodsByGroup() took 0 ms.
15:08:29.107 [main] INFO  org.testng.internal.Utils - [Utils] MethodGroupsHelper.sortMethods() took 0 ms.
15:08:29.107 [main] INFO  org.testng.internal.Utils - [Utils] MethodGroupsHelper.collectMethodsByGroup() took 0 ms.
15:08:29.107 [main] INFO  org.testng.internal.Utils - [Utils] MethodGroupsHelper.sortMethods() took 0 ms.
15:08:29.107 [main] INFO  org.testng.internal.Utils - [Utils] MethodGroupsHelper.collectMethodsByGroup() took 0 ms.
15:08:29.107 [main] INFO  org.testng.internal.Utils - [Utils] MethodGroupsHelper.sortMethods() took 0 ms.
15:08:29.123 [main] INFO  org.testng.internal.Utils - [TestNG] Running:
  D:\Testing\TheCapacity\testCases.xml

15:08:29.138 [main] INFO  org.testng.internal.Utils - [ThreadUtil] Starting executor timeOut:2147483647ms workers:1 threadPoolSize:5
15:08:29.608 [TestNG-tests-1] INFO  org.testng.internal.Utils - [Utils] DynamicGraphHelper.createDynamicGraph() took 15 ms.
15:11:34.062 [main] INFO  org.testng.internal.Utils - [TestNG] Time taken by org.testng.internal.ExitCodeListener@7e3181aa: 1 ms
15:46:53.681 [main] WARN  org.testng.xml.TestNGContentHandler - It is strongly recommended to add "<!DOCTYPE suite SYSTEM "https://testng.org/testng-1.0.dtd" >" at the top of the suite file [D:\Testing\TheCapacity\testCases.xml] otherwise TestNG may fail or not work as expected.
15:46:54.097 [main] INFO  org.testng.internal.Utils - [Utils] MethodGroupsHelper.collectMethodsByGroup() took 1 ms.
15:46:54.104 [main] INFO  org.testng.internal.Utils - [Utils] MethodGroupsHelper.sortMethods() took 3 ms.
15:46:54.108 [main] INFO  org.testng.internal.Utils - [Utils] MethodGroupsHelper.collectMethodsByGroup() took 0 ms.
15:46:54.109 [main] INFO  org.testng.internal.Utils - [Utils] MethodGroupsHelper.sortMethods() took 0 ms.
15:46:54.110 [main] INFO  org.testng.internal.Utils - [Utils] MethodGroupsHelper.collectMethodsByGroup() took 0 ms.
15:46:54.111 [main] INFO  org.testng.internal.Utils - [Utils] MethodGroupsHelper.sortMethods() took 0 ms.
15:46:54.113 [main] INFO  org.testng.internal.Utils - [Utils] MethodGroupsHelper.collectMethodsByGroup() took 0 ms.
15:46:54.113 [main] INFO  org.testng.internal.Utils - [Utils] MethodGroupsHelper.sortMethods() took 0 ms.
15:46:54.119 [main] INFO  org.testng.internal.Utils - [Utils] MethodGroupsHelper.collectMethodsByGroup() took 4 ms.
15:46:54.150 [main] INFO  org.testng.internal.Utils - [Utils] MethodGroupsHelper.sortMethods() took 31 ms.
15:46:54.152 [main] INFO  org.testng.internal.Utils - [Utils] MethodGroupsHelper.collectMethodsByGroup() took 0 ms.
15:46:54.153 [main] INFO  org.testng.internal.Utils - [Utils] MethodGroupsHelper.sortMethods() took 0 ms.
15:46:54.154 [main] INFO  org.testng.internal.Utils - [Utils] MethodGroupsHelper.collectMethodsByGroup() took 0 ms.
15:46:54.155 [main] INFO  org.testng.internal.Utils - [Utils] MethodGroupsHelper.sortMethods() took 0 ms.
15:46:54.157 [main] INFO  org.testng.internal.Utils - [Utils] MethodGroupsHelper.collectMethodsByGroup() took 0 ms.
15:46:54.157 [main] INFO  org.testng.internal.Utils - [Utils] MethodGroupsHelper.sortMethods() took 0 ms.
15:46:54.163 [main] INFO  org.testng.internal.Utils - [Utils] MethodGroupsHelper.collectMethodsByGroup() took 0 ms.
15:46:54.164 [main] INFO  org.testng.internal.Utils - [Utils] MethodGroupsHelper.sortMethods() took 0 ms.
15:46:54.164 [main] INFO  org.testng.internal.Utils - [Utils] MethodGroupsHelper.collectMethodsByGroup() took 0 ms.
15:46:54.164 [main] INFO  org.testng.internal.Utils - [Utils] MethodGroupsHelper.sortMethods() took 0 ms.
15:46:54.169 [main] INFO  org.testng.internal.Utils - [Utils] MethodGroupsHelper.collectMethodsByGroup() took 0 ms.
15:46:54.170 [main] INFO  org.testng.internal.Utils - [Utils] MethodGroupsHelper.sortMethods() took 0 ms.
15:46:54.170 [main] INFO  org.testng.internal.Utils - [Utils] MethodGroupsHelper.collectMethodsByGroup() took 0 ms.
15:46:54.170 [main] INFO  org.testng.internal.Utils - [Utils] MethodGroupsHelper.sortMethods() took 0 ms.
15:46:54.172 [main] INFO  org.testng.internal.Utils - [Utils] MethodGroupsHelper.collectMethodsByGroup() took 0 ms.
15:46:54.173 [main] INFO  org.testng.internal.Utils - [Utils] MethodGroupsHelper.sortMethods() took 0 ms.
15:46:54.176 [main] INFO  org.testng.internal.Utils - [Utils] MethodGroupsHelper.collectMethodsByGroup() took 0 ms.
15:46:54.176 [main] INFO  org.testng.internal.Utils - [Utils] MethodGroupsHelper.sortMethods() took 0 ms.
15:46:54.176 [main] INFO  org.testng.internal.Utils - [Utils] MethodGroupsHelper.collectMethodsByGroup() took 0 ms.
15:46:54.177 [main] INFO  org.testng.internal.Utils - [Utils] MethodGroupsHelper.sortMethods() took 0 ms.
15:46:54.186 [main] INFO  org.testng.internal.Utils - [TestNG] Running:
  D:\Testing\TheCapacity\testCases.xml

15:46:54.197 [main] INFO  org.testng.internal.Utils - [ThreadUtil] Starting executor timeOut:2147483647ms workers:1 threadPoolSize:5
15:46:54.733 [TestNG-tests-1] INFO  org.testng.internal.Utils - [Utils] DynamicGraphHelper.createDynamicGraph() took 7 ms.
15:46:59.779 [TestNG-tests-1] INFO  testCases.TC005_SingleSelectQuestionType - Entering email
15:47:00.580 [TestNG-tests-1] INFO  testCases.TC005_SingleSelectQuestionType - Entering password
15:47:00.713 [TestNG-tests-1] INFO  testCases.TC005_SingleSelectQuestionType - Clicking Sign In button
15:47:00.839 [TestNG-tests-1] INFO  testCases.TC005_SingleSelectQuestionType - Navigating to Survey Listing page
15:47:04.927 [TestNG-tests-1] INFO  testCases.TC005_SingleSelectQuestionType - Clicking survey code button
15:47:06.885 [TestNG-tests-1] INFO  testCases.TC005_SingleSelectQuestionType - Survey code button clicked successfully
15:47:07.503 [TestNG-tests-1] INFO  testCases.TC005_SingleSelectQuestionType - Survey Programming option selected successfully
15:47:07.514 [TestNG-tests-1] INFO  testCases.TC005_SingleSelectQuestionType - Clicking on Add New Question button
15:47:12.033 [TestNG-tests-1] INFO  testCases.TC005_SingleSelectQuestionType - Filling Open End question field
15:47:15.324 [TestNG-tests-1] INFO  testCases.TC005_SingleSelectQuestionType - Scrolling to Add Answer button
15:47:15.360 [TestNG-tests-1] INFO  testCases.TC005_SingleSelectQuestionType - Clicking Add Answer button
15:47:17.733 [main] INFO  org.testng.internal.Utils - [TestNG] Time taken by org.testng.internal.ExitCodeListener@4982cc36: 0 ms
